"","Position","Name","Salary","GameInfo","AvgPointsPerGame","teamAbbrev","teams","opp","date","pinn.odds","totals","opp_dfsnm","AvgPEV","Cnt","DKPos"
"1","PG/SG","James Harden",12600,"Hou@Phi 08:00PM ET",60.515,"HOU","Houston","Philadelphia",2017-01-27,-6.5,220,"PHI",-2.41325135135135,37,"PG"
"2","PG/SF","Giannis Antetokounmpo",10000,"Mil@Tor 07:30PM ET",50.102,"MIL","Milwaukee","Toronto",2017-01-27,5,212.5,"TOR",0.274984615384616,39,"PG"
"3","PG","John Wall",9900,"Was@Atl 08:00PM ET",48.756,"WAS","Washington","Atlanta",2017-01-27,3.5,214.5,"ATL",0.614032432432432,37,"PG"
"4","PG","Isaiah Thomas",9600,"Orl@Bos 07:30PM ET",44.213,"BOS","Boston","Orlando",2017-01-27,-8,215.5,"ORL",-0.232642857142857,35,"PG"
"5","PG","Kyle Lowry",8600,"Mil@Tor 07:30PM ET",43.156,"TOR","Toronto","Milwaukee",2017-01-27,-5,212.5,"MIL",-1.31932777777778,36,"PG"
"6","PG","Kyrie Irving",8300,"Bkn@Cle 07:30PM ET",39.987,"CLE","Cleveland","Brooklyn",2017-01-27,-15.5,227.5,"BKN",2.39819696969697,33,"PG"
"7","PG","Kemba Walker",7900,"Cha@NY 07:30PM ET",39.639,"CHA","Charlotte","New York",2017-01-27,-1,211.5,"NYK",-0.231326190476191,42,"PG"
"8","PG","Damian Lillard",7800,"Mem@Por 10:00PM ET",43.095,"POR","Portland","Memphis",2017-01-27,-1,205.5,"MEM",-0.0593366666666668,30,"PG"
"9","PG","Goran Dragic",7500,"Mia@Chi 08:00PM ET",35.461,"MIA","Miami","Chicago",2017-01-27,7.5,203.5,"CHI",2.49858857142857,35,"PG"
"10","PG","Jrue Holiday",7500,"SA@NO 08:00PM ET",33.121,"NOR","New Orleans","San Antonio",2017-01-27,6,210.5,"SAS",-1.30146666666667,39,"PG"
"11","PG","Mike Conley",7400,"Mem@Por 10:00PM ET",36.05,"MEM","Memphis","Portland",2017-01-27,1,205.5,"POR",0.154109090909091,33,"PG"
"12","PG","Jeff Teague",7200,"Sac@Ind 07:00PM ET",36.306,"IND","Indiana","Sacramento",2017-01-27,-4.5,210.5,"SAC",-1.09223235294118,34,"PG"
"13","PG/SG","C.J. McCollum",7100,"Mem@Por 10:00PM ET",37.186,"POR","Portland","Memphis",2017-01-27,-1,205.5,"MEM",-0.0593366666666668,30,"PG"
"14","PG","Elfrid Payton",7000,"Orl@Bos 07:30PM ET",29.016,"ORL","Orlando","Boston",2017-01-27,8,215.5,"BOS",3.18344074074074,27,"PG"
"15","PG","Dennis Schroder",6400,"Was@Atl 08:00PM ET",31.989,"ATL","Atlanta","Washington",2017-01-27,-3.5,214.5,"WAS",-1.33328611111111,36,"PG"
"16","PG/SG","Marcus Smart",5700,"Orl@Bos 07:30PM ET",24.994,"BOS","Boston","Orlando",2017-01-27,-8,215.5,"ORL",-0.232642857142857,35,"PG"
"17","PG","Derrick Rose",5700,"Cha@NY 07:30PM ET",30.673,"NYK","New York","Charlotte",2017-01-27,1,211.5,"CHA",-0.363322580645161,31,"PG"
"18","PG","Tyler Johnson",5300,"Mia@Chi 08:00PM ET",28.488,"MIA","Miami","Chicago",2017-01-27,7.5,203.5,"CHI",2.49858857142857,35,"PG"
"19","PG","T.J. McConnell",5300,"Hou@Phi 08:00PM ET",19.785,"PHI","Philadelphia","Houston",2017-01-27,6.5,220,"HOU",2.93986764705882,34,"PG"
"20","PG","Patrick Beverley",5200,"Hou@Phi 08:00PM ET",27.636,"HOU","Houston","Philadelphia",2017-01-27,-6.5,220,"PHI",-2.41325135135135,37,"PG"
"21","PG","Jeremy Lin",5000,"Bkn@Cle 07:30PM ET",30.146,"BKN","Brooklyn","Cleveland",2017-01-27,15.5,227.5,"CLE",4.17819666666667,30,"PG"
"22","PG/SG","Malcolm Brogdon",4900,"Mil@Tor 07:30PM ET",21.211,"MIL","Milwaukee","Toronto",2017-01-27,5,212.5,"TOR",0.274984615384616,39,"PG"
"23","PG/SG","Darren Collison",4800,"Sac@Ind 07:00PM ET",23.351,"SAC","Sacramento","Indiana",2017-01-27,4.5,210.5,"IND",2.08955,30,"PG"
"24","PG","Patty Mills",4600,"SA@NO 08:00PM ET",19.739,"SAS","San Antonio","New Orleans",2017-01-27,-6,210.5,"NOR",1.94517,30,"PG"
"25","PG","Tony Parker",4500,"SA@NO 08:00PM ET",21.414,"SAS","San Antonio","New Orleans",2017-01-27,-6,210.5,"NOR",1.94517,30,"PG"
"26","PG/SG","Sean Kilpatrick",4400,"Bkn@Cle 07:30PM ET",24.5,"BKN","Brooklyn","Cleveland",2017-01-27,15.5,227.5,"CLE",4.17819666666667,30,"PG"
"27","PG/SG","Matthew Dellavedova",4400,"Mil@Tor 07:30PM ET",19.638,"MIL","Milwaukee","Toronto",2017-01-27,5,212.5,"TOR",0.274984615384616,39,"PG"
"28","PG","Dejounte Murray",4300,"SA@NO 08:00PM ET",8.01,"SAS","San Antonio","New Orleans",2017-01-27,-6,210.5,"NOR",1.94517,30,"PG"
"29","PG/SG","Iman Shumpert",4200,"Bkn@Cle 07:30PM ET",16.663,"CLE","Cleveland","Brooklyn",2017-01-27,-15.5,227.5,"BKN",2.39819696969697,33,"PG"
"30","PG","Ty Lawson",4000,"Sac@Ind 07:00PM ET",20.308,"SAC","Sacramento","Indiana",2017-01-27,4.5,210.5,"IND",2.08955,30,"PG"
"31","PG","Michael Carter-Williams",3900,"Mia@Chi 08:00PM ET",18.569,"CHI","Chicago","Miami",2017-01-27,-7.5,203.5,"MIA",0.811871052631579,38,"PG"
"32","PG","Cory Joseph",3900,"Mil@Tor 07:30PM ET",18.261,"TOR","Toronto","Milwaukee",2017-01-27,-5,212.5,"MIL",-1.31932777777778,36,"PG"
"33","PG/SG","C.J. Watson",3800,"Orl@Bos 07:30PM ET",8.057,"ORL","Orlando","Boston",2017-01-27,8,215.5,"BOS",3.18344074074074,27,"PG"
"34","PG","Sergio Rodriguez",3800,"Hou@Phi 08:00PM ET",22.115,"PHI","Philadelphia","Houston",2017-01-27,6.5,220,"HOU",2.93986764705882,34,"PG"
"35","PG","Andrew Harrison",3700,"Mem@Por 10:00PM ET",16.688,"MEM","Memphis","Portland",2017-01-27,1,205.5,"POR",0.154109090909091,33,"PG"
"36","PG","D.J. Augustin",3500,"Orl@Bos 07:30PM ET",16.152,"ORL","Orlando","Boston",2017-01-27,8,215.5,"BOS",3.18344074074074,27,"PG"
"37","PG","Jerian Grant",3500,"Mia@Chi 08:00PM ET",11.028,"CHI","Chicago","Miami",2017-01-27,-7.5,203.5,"MIA",0.811871052631579,38,"PG"
"38","PG","Spencer Dinwiddie",3400,"Bkn@Cle 07:30PM ET",14.477,"BKN","Brooklyn","Cleveland",2017-01-27,15.5,227.5,"CLE",4.17819666666667,30,"PG"
"39","PG","Ramon Sessions",3400,"Cha@NY 07:30PM ET",13.304,"CHA","Charlotte","New York",2017-01-27,-1,211.5,"NYK",-0.231326190476191,42,"PG"
"40","PG","Tim Frazier",3400,"SA@NO 08:00PM ET",24.66,"NOR","New Orleans","San Antonio",2017-01-27,6,210.5,"SAS",-1.30146666666667,39,"PG"
"41","PG","Rajon Rondo",3300,"Mia@Chi 08:00PM ET",25.303,"CHI","Chicago","Miami",2017-01-27,-7.5,203.5,"MIA",0.811871052631579,38,"PG"
"42","PG","Isaiah Whitehead",3200,"Bkn@Cle 07:30PM ET",15.811,"BKN","Brooklyn","Cleveland",2017-01-27,15.5,227.5,"CLE",4.17819666666667,30,"PG"
"43","PG","Brandon Jennings",3200,"Cha@NY 07:30PM ET",19.707,"NYK","New York","Charlotte",2017-01-27,1,211.5,"CHA",-0.363322580645161,31,"PG"
"44","PG","Langston Galloway",3200,"SA@NO 08:00PM ET",16.833,"NOR","New Orleans","San Antonio",2017-01-27,6,210.5,"SAS",-1.30146666666667,39,"PG"
"45","PG/SG","Tomas Satoransky",3000,"Was@Atl 08:00PM ET",9.379,"WAS","Washington","Atlanta",2017-01-27,3.5,214.5,"ATL",0.614032432432432,37,"PG"
"46","PG","Gary Neal",3000,"Was@Atl 08:00PM ET",3.375,"ATL","Atlanta","Washington",2017-01-27,-3.5,214.5,"WAS",-1.33328611111111,36,"PG"
"47","PG","Malcolm Delaney",3000,"Was@Atl 08:00PM ET",13.168,"ATL","Atlanta","Washington",2017-01-27,-3.5,214.5,"WAS",-1.33328611111111,36,"PG"
"48","PG","Trey Burke",3000,"Was@Atl 08:00PM ET",8.598,"WAS","Washington","Atlanta",2017-01-27,3.5,214.5,"ATL",0.614032432432432,37,"PG"
"49","PG","Demetrius Jackson",3000,"Orl@Bos 07:30PM ET",5,"BOS","Boston","Orlando",2017-01-27,-8,215.5,"ORL",-0.232642857142857,35,"PG"
"50","PG","Terry Rozier",3000,"Orl@Bos 07:30PM ET",14.15,"BOS","Boston","Orlando",2017-01-27,-8,215.5,"ORL",-0.232642857142857,35,"PG"
"51","PG","Isaiah Canaan",3000,"Mia@Chi 08:00PM ET",10.768,"CHI","Chicago","Miami",2017-01-27,-7.5,203.5,"MIA",0.811871052631579,38,"PG"
"52","PG","Randy Foye",3000,"Bkn@Cle 07:30PM ET",12.148,"BKN","Brooklyn","Cleveland",2017-01-27,15.5,227.5,"CLE",4.17819666666667,30,"PG"
"53","PG","Kay Felder",3000,"Bkn@Cle 07:30PM ET",9.28,"CLE","Cleveland","Brooklyn",2017-01-27,-15.5,227.5,"BKN",2.39819696969697,33,"PG"
"54","PG/SG","Ron Baker",3000,"Cha@NY 07:30PM ET",8.429,"NYK","New York","Charlotte",2017-01-27,1,211.5,"CHA",-0.363322580645161,31,"PG"
"55","PG","Brian Roberts",3000,"Cha@NY 07:30PM ET",3.229,"CHA","Charlotte","New York",2017-01-27,-1,211.5,"NYK",-0.231326190476191,42,"PG"
"56","PG/SG","Rodney Stuckey",3000,"Sac@Ind 07:00PM ET",15.794,"IND","Indiana","Sacramento",2017-01-27,-4.5,210.5,"SAC",-1.09223235294118,34,"PG"
"57","PG","Aaron Brooks",3000,"Sac@Ind 07:00PM ET",11.659,"IND","Indiana","Sacramento",2017-01-27,-4.5,210.5,"SAC",-1.09223235294118,34,"PG"
"58","PG","Bobby Brown",3000,"Hou@Phi 08:00PM ET",1.558,"HOU","Houston","Philadelphia",2017-01-27,-6.5,220,"PHI",-2.41325135135135,37,"PG"
"59","PG","Jerryd Bayless",3000,"Hou@Phi 08:00PM ET",21.333,"PHI","Philadelphia","Houston",2017-01-27,6.5,220,"HOU",2.93986764705882,34,"PG"
"60","PG","Chasson Randle",3000,"Hou@Phi 08:00PM ET",8.5,"PHI","Philadelphia","Houston",2017-01-27,6.5,220,"HOU",2.93986764705882,34,"PG"
"61","PG","Tyler Ennis",3000,"Hou@Phi 08:00PM ET",4.463,"HOU","Houston","Philadelphia",2017-01-27,-6.5,220,"PHI",-2.41325135135135,37,"PG"
"62","PG","Fred VanVleet",3000,"Mil@Tor 07:30PM ET",5.094,"TOR","Toronto","Milwaukee",2017-01-27,-5,212.5,"MIL",-1.31932777777778,36,"PG"
"63","PG","Delon Wright",3000,"Mil@Tor 07:30PM ET",0,"TOR","Toronto","Milwaukee",2017-01-27,-5,212.5,"MIL",-1.31932777777778,36,"PG"
"64","PG","Bryn Forbes",3000,"SA@NO 08:00PM ET",2.265,"SAS","San Antonio","New Orleans",2017-01-27,-6,210.5,"NOR",1.94517,30,"PG"
"65","PG","Shabazz Napier",3000,"Mem@Por 10:00PM ET",6.983,"POR","Portland","Memphis",2017-01-27,-1,205.5,"MEM",-0.0593366666666668,30,"PG"
"66","PG","Tim Quarterman",3000,"Mem@Por 10:00PM ET",3.25,"POR","Portland","Memphis",2017-01-27,-1,205.5,"MEM",-0.0593366666666668,30,"PG"
"67","PG","Wade Baldwin IV",3000,"Mem@Por 10:00PM ET",9.402,"MEM","Memphis","Portland",2017-01-27,1,205.5,"POR",0.154109090909091,33,"PG"
"68","PG/SG","James Harden",12600,"Hou@Phi 08:00PM ET",60.515,"HOU","Houston","Philadelphia",2017-01-27,-6.5,220,"PHI",-0.634990243902439,41,"SG"
"69","SG/SF","Jimmy Butler",8900,"Mia@Chi 08:00PM ET",44.183,"CHI","Chicago","Miami",2017-01-27,-7.5,203.5,"MIA",0.181427027027027,37,"SG"
"70","SG","DeMar DeRozan",7700,"Mil@Tor 07:30PM ET",42.17,"TOR","Toronto","Milwaukee",2017-01-27,-5,212.5,"MIL",0.675069047619047,42,"SG"
"71","SG/SF","Nicolas Batum",7300,"Cha@NY 07:30PM ET",35.82,"CHA","Charlotte","New York",2017-01-27,-1,211.5,"NYK",1.32780714285714,42,"SG"
"72","PG/SG","C.J. McCollum",7100,"Mem@Por 10:00PM ET",37.186,"POR","Portland","Memphis",2017-01-27,-1,205.5,"MEM",-1.26172647058824,34,"SG"
"73","SG","Dwyane Wade",7000,"Mia@Chi 08:00PM ET",34.012,"CHI","Chicago","Miami",2017-01-27,-7.5,203.5,"MIA",0.181427027027027,37,"SG"
"74","SG","Bradley Beal",6800,"Was@Atl 08:00PM ET",33.835,"WAS","Washington","Atlanta",2017-01-27,3.5,214.5,"ATL",-1.52127727272727,44,"SG"
"75","SG/SF","Dion Waiters",6800,"Mia@Chi 08:00PM ET",27.01,"MIA","Miami","Chicago",2017-01-27,7.5,203.5,"CHI",0.374644186046511,43,"SG"
"76","PG/SG","Marcus Smart",5700,"Orl@Bos 07:30PM ET",24.994,"BOS","Boston","Orlando",2017-01-27,-8,215.5,"ORL",-0.690086842105263,38,"SG"
"77","SG","Avery Bradley",5700,"Orl@Bos 07:30PM ET",33.458,"BOS","Boston","Orlando",2017-01-27,-8,215.5,"ORL",-0.690086842105263,38,"SG"
"78","SG/SF","Tyreke Evans",5600,"SA@NO 08:00PM ET",22.361,"NOR","New Orleans","San Antonio",2017-01-27,6,210.5,"SAS",1.66156842105263,38,"SG"
"79","SG","Evan Fournier",5300,"Orl@Bos 07:30PM ET",27.068,"ORL","Orlando","Boston",2017-01-27,8,215.5,"BOS",3.86313939393939,33,"SG"
"80","SG","Eric Gordon",5300,"Hou@Phi 08:00PM ET",28.158,"HOU","Houston","Philadelphia",2017-01-27,-6.5,220,"PHI",-0.634990243902439,41,"SG"
"81","SG/SF","Kent Bazemore",5100,"Was@Atl 08:00PM ET",22.278,"ATL","Atlanta","Washington",2017-01-27,-3.5,214.5,"WAS",-1.77557777777778,36,"SG"
"82","PG/SG","Malcolm Brogdon",4900,"Mil@Tor 07:30PM ET",21.211,"MIL","Milwaukee","Toronto",2017-01-27,5,212.5,"TOR",0.852089583333333,48,"SG"
"83","PG/SG","Darren Collison",4800,"Sac@Ind 07:00PM ET",23.351,"SAC","Sacramento","Indiana",2017-01-27,4.5,210.5,"IND",2.77987777777778,36,"SG"
"84","SG/SF","Evan Turner",4700,"Mem@Por 10:00PM ET",21.267,"POR","Portland","Memphis",2017-01-27,-1,205.5,"MEM",-1.26172647058824,34,"SG"
"85","SG","Tony Allen",4700,"Mem@Por 10:00PM ET",22.688,"MEM","Memphis","Portland",2017-01-27,1,205.5,"POR",0.663672222222222,36,"SG"
"86","SG/SF","Norman Powell",4600,"Mil@Tor 07:30PM ET",11.905,"TOR","Toronto","Milwaukee",2017-01-27,-5,212.5,"MIL",0.675069047619047,42,"SG"
"87","SG/SF","Josh Richardson",4500,"Mia@Chi 08:00PM ET",22.473,"MIA","Miami","Chicago",2017-01-27,7.5,203.5,"CHI",0.374644186046511,43,"SG"
"88","PG/SG","Sean Kilpatrick",4400,"Bkn@Cle 07:30PM ET",24.5,"BKN","Brooklyn","Cleveland",2017-01-27,15.5,227.5,"CLE",0.947594736842105,38,"SG"
"89","PG/SG","Matthew Dellavedova",4400,"Mil@Tor 07:30PM ET",19.638,"MIL","Milwaukee","Toronto",2017-01-27,5,212.5,"TOR",0.852089583333333,48,"SG"
"90","SG","Jodie Meeks",4300,"Orl@Bos 07:30PM ET",16.792,"ORL","Orlando","Boston",2017-01-27,8,215.5,"BOS",3.86313939393939,33,"SG"
"91","PG/SG","Iman Shumpert",4200,"Bkn@Cle 07:30PM ET",16.663,"CLE","Cleveland","Brooklyn",2017-01-27,-15.5,227.5,"BKN",1.01503611111111,36,"SG"
"92","SG","Bojan Bogdanovic",4200,"Bkn@Cle 07:30PM ET",21.983,"BKN","Brooklyn","Cleveland",2017-01-27,15.5,227.5,"CLE",0.947594736842105,38,"SG"
"93","SG/SF","Garrett Temple",4200,"Sac@Ind 07:00PM ET",18.15,"SAC","Sacramento","Indiana",2017-01-27,4.5,210.5,"IND",2.77987777777778,36,"SG"
"94","SG/SF","Terrence Ross",4200,"Mil@Tor 07:30PM ET",18.033,"TOR","Toronto","Milwaukee",2017-01-27,-5,212.5,"MIL",0.675069047619047,42,"SG"
"95","SG","Tim Hardaway Jr.",4100,"Was@Atl 08:00PM ET",19.244,"ATL","Atlanta","Washington",2017-01-27,-3.5,214.5,"WAS",-1.77557777777778,36,"SG"
"96","SG/SF","Kyle Korver",4000,"Bkn@Cle 07:30PM ET",18.313,"CLE","Cleveland","Brooklyn",2017-01-27,-15.5,227.5,"BKN",1.01503611111111,36,"SG"
"97","SG/SF","Caris LeVert",4000,"Bkn@Cle 07:30PM ET",15.156,"BKN","Brooklyn","Cleveland",2017-01-27,15.5,227.5,"CLE",0.947594736842105,38,"SG"
"98","SG","Jeremy Lamb",4000,"Cha@NY 07:30PM ET",18.536,"CHA","Charlotte","New York",2017-01-27,-1,211.5,"NYK",1.32780714285714,42,"SG"
"99","SG","Kyle Anderson",4000,"SA@NO 08:00PM ET",9.663,"SAS","San Antonio","New Orleans",2017-01-27,-6,210.5,"NOR",2.18792777777778,36,"SG"
"100","SG/SF","Marco Belinelli",3900,"Cha@NY 07:30PM ET",18.799,"CHA","Charlotte","New York",2017-01-27,-1,211.5,"NYK",1.32780714285714,42,"SG"
"101","SG","Courtney Lee",3900,"Cha@NY 07:30PM ET",19.226,"NYK","New York","Charlotte",2017-01-27,1,211.5,"CHA",-0.133582926829268,41,"SG"
"102","PG/SG","C.J. Watson",3800,"Orl@Bos 07:30PM ET",8.057,"ORL","Orlando","Boston",2017-01-27,8,215.5,"BOS",3.86313939393939,33,"SG"
"103","SG/SF","Thabo Sefolosha",3700,"Was@Atl 08:00PM ET",19.785,"ATL","Atlanta","Washington",2017-01-27,-3.5,214.5,"WAS",-1.77557777777778,36,"SG"
"104","SG","Danny Green",3700,"SA@NO 08:00PM ET",17.791,"SAS","San Antonio","New Orleans",2017-01-27,-6,210.5,"NOR",2.18792777777778,36,"SG"
"105","SG/SF","Allen Crabbe",3700,"Mem@Por 10:00PM ET",17.904,"POR","Portland","Memphis",2017-01-27,-1,205.5,"MEM",-1.26172647058824,34,"SG"
"106","SG","E'Twaun Moore",3600,"SA@NO 08:00PM ET",18.375,"NOR","New Orleans","San Antonio",2017-01-27,6,210.5,"SAS",1.66156842105263,38,"SG"
"107","SG/SF","Vince Carter",3600,"Mem@Por 10:00PM ET",17.725,"MEM","Memphis","Portland",2017-01-27,1,205.5,"POR",0.663672222222222,36,"SG"
"108","SG/SF","Kelly Oubre Jr.",3500,"Was@Atl 08:00PM ET",13.767,"WAS","Washington","Atlanta",2017-01-27,3.5,214.5,"ATL",-1.52127727272727,44,"SG"
"109","SG","J.R. Smith",3500,"Bkn@Cle 07:30PM ET",17.321,"CLE","Cleveland","Brooklyn",2017-01-27,-15.5,227.5,"BKN",1.01503611111111,36,"SG"
"110","SG/SF","Jonathon Simmons",3500,"SA@NO 08:00PM ET",13.273,"SAS","San Antonio","New Orleans",2017-01-27,-6,210.5,"NOR",2.18792777777778,36,"SG"
"111","SG","Manu Ginobili",3500,"SA@NO 08:00PM ET",17.921,"SAS","San Antonio","New Orleans",2017-01-27,-6,210.5,"NOR",2.18792777777778,36,"SG"
"112","SG","Nik Stauskas",3400,"Hou@Phi 08:00PM ET",16.53,"PHI","Philadelphia","Houston",2017-01-27,6.5,220,"HOU",2.20181707317073,41,"SG"
"113","SG","Buddy Hield",3400,"SA@NO 08:00PM ET",15.495,"NOR","New Orleans","San Antonio",2017-01-27,6,210.5,"SAS",1.66156842105263,38,"SG"
"114","SG","Gerald Henderson",3300,"Hou@Phi 08:00PM ET",17.025,"PHI","Philadelphia","Houston",2017-01-27,6.5,220,"HOU",2.20181707317073,41,"SG"
"115","SG","Monta Ellis",3200,"Sac@Ind 07:00PM ET",18.757,"IND","Indiana","Sacramento",2017-01-27,-4.5,210.5,"SAC",0.960753846153846,39,"SG"
"116","SG","Justin Holiday",3100,"Cha@NY 07:30PM ET",14.809,"NYK","New York","Charlotte",2017-01-27,1,211.5,"CHA",-0.133582926829268,41,"SG"
"117","PG/SG","Tomas Satoransky",3000,"Was@Atl 08:00PM ET",9.379,"WAS","Washington","Atlanta",2017-01-27,3.5,214.5,"ATL",-1.52127727272727,44,"SG"
"118","SG","Sheldon McClellan",3000,"Was@Atl 08:00PM ET",6.738,"WAS","Washington","Atlanta",2017-01-27,3.5,214.5,"ATL",-1.52127727272727,44,"SG"
"119","SG","Danuel House",3000,"Was@Atl 08:00PM ET",1.25,"WAS","Washington","Atlanta",2017-01-27,3.5,214.5,"ATL",-1.52127727272727,44,"SG"
"120","SG","Gerald Green",3000,"Orl@Bos 07:30PM ET",10.08,"BOS","Boston","Orlando",2017-01-27,-8,215.5,"ORL",-0.690086842105263,38,"SG"
"121","SG","C.J. Wilcox",3000,"Orl@Bos 07:30PM ET",2.609,"ORL","Orlando","Boston",2017-01-27,8,215.5,"BOS",3.86313939393939,33,"SG"
"122","SG","James Young",3000,"Orl@Bos 07:30PM ET",3.558,"BOS","Boston","Orlando",2017-01-27,-8,215.5,"ORL",-0.690086842105263,38,"SG"
"123","SG/SF","Paul Zipser",3000,"Mia@Chi 08:00PM ET",6.221,"CHI","Chicago","Miami",2017-01-27,-7.5,203.5,"MIA",0.181427027027027,37,"SG"
"124","SG","Rodney McGruder",3000,"Mia@Chi 08:00PM ET",13.81,"MIA","Miami","Chicago",2017-01-27,7.5,203.5,"CHI",0.374644186046511,43,"SG"
"125","SG","James Jones",3000,"Bkn@Cle 07:30PM ET",5,"CLE","Cleveland","Brooklyn",2017-01-27,-15.5,227.5,"BKN",1.01503611111111,36,"SG"
"126","SG","DeAndre Liggins",3000,"Bkn@Cle 07:30PM ET",8.681,"CLE","Cleveland","Brooklyn",2017-01-27,-15.5,227.5,"BKN",1.01503611111111,36,"SG"
"127","SG","Jordan McRae",3000,"Bkn@Cle 07:30PM ET",7.929,"CLE","Cleveland","Brooklyn",2017-01-27,-15.5,227.5,"BKN",1.01503611111111,36,"SG"
"128","PG/SG","Ron Baker",3000,"Cha@NY 07:30PM ET",8.429,"NYK","New York","Charlotte",2017-01-27,1,211.5,"CHA",-0.133582926829268,41,"SG"
"129","SG","Sasha Vujacic",3000,"Cha@NY 07:30PM ET",5.49,"NYK","New York","Charlotte",2017-01-27,1,211.5,"CHA",-0.133582926829268,41,"SG"
"130","PG/SG","Rodney Stuckey",3000,"Sac@Ind 07:00PM ET",15.794,"IND","Indiana","Sacramento",2017-01-27,-4.5,210.5,"SAC",0.960753846153846,39,"SG"
"131","SG/SF","Glenn Robinson III",3000,"Sac@Ind 07:00PM ET",13.453,"IND","Indiana","Sacramento",2017-01-27,-4.5,210.5,"SAC",0.960753846153846,39,"SG"
"132","SG","Arron Afflalo",3000,"Sac@Ind 07:00PM ET",12.776,"SAC","Sacramento","Indiana",2017-01-27,4.5,210.5,"IND",2.77987777777778,36,"SG"
"133","SG","Joe Young",3000,"Sac@Ind 07:00PM ET",4.762,"IND","Indiana","Sacramento",2017-01-27,-4.5,210.5,"SAC",0.960753846153846,39,"SG"
"134","SG","Ben McLemore",3000,"Sac@Ind 07:00PM ET",8.485,"SAC","Sacramento","Indiana",2017-01-27,4.5,210.5,"IND",2.77987777777778,36,"SG"
"135","SG","Malachi Richardson",3000,"Sac@Ind 07:00PM ET",6.55,"SAC","Sacramento","Indiana",2017-01-27,4.5,210.5,"IND",2.77987777777778,36,"SG"
"136","SG/SF","Corey Brewer",3000,"Hou@Phi 08:00PM ET",9.806,"HOU","Houston","Philadelphia",2017-01-27,-6.5,220,"PHI",-0.634990243902439,41,"SG"
"137","SG/SF","Timothe Luwawu-Cabarrot",3000,"Hou@Phi 08:00PM ET",6.315,"PHI","Philadelphia","Houston",2017-01-27,6.5,220,"HOU",2.20181707317073,41,"SG"
"138","SG","Jason Terry",3000,"Mil@Tor 07:30PM ET",8.404,"MIL","Milwaukee","Toronto",2017-01-27,5,212.5,"TOR",0.852089583333333,48,"SG"
"139","SG","Khris Middleton",3000,"Mil@Tor 07:30PM ET",0,"MIL","Milwaukee","Toronto",2017-01-27,5,212.5,"TOR",0.852089583333333,48,"SG"
"140","SG","Rashad Vaughn",3000,"Mil@Tor 07:30PM ET",7.316,"MIL","Milwaukee","Toronto",2017-01-27,5,212.5,"TOR",0.852089583333333,48,"SG"
"141","SG","Troy Daniels",3000,"Mem@Por 10:00PM ET",14.159,"MEM","Memphis","Portland",2017-01-27,1,205.5,"POR",0.663672222222222,36,"SG"
"142","SG","Troy Williams",3000,"Mem@Por 10:00PM ET",10.72,"MEM","Memphis","Portland",2017-01-27,1,205.5,"POR",0.663672222222222,36,"SG"
"143","SF","LeBron James",10200,"Bkn@Cle 07:30PM ET",51.994,"CLE","Cleveland","Brooklyn",2017-01-27,-15.5,227.5,"BKN",3.0450775,40,"SF"
"144","SF","Kawhi Leonard",9000,"SA@NO 08:00PM ET",42.732,"SAS","San Antonio","New Orleans",2017-01-27,-6,210.5,"NOR",1.68887428571429,35,"SF"
"145","SG/SF","Jimmy Butler",8900,"Mia@Chi 08:00PM ET",44.183,"CHI","Chicago","Miami",2017-01-27,-7.5,203.5,"MIA",0.314451428571428,35,"SF"
"146","SF/PF","Paul George",7900,"Sac@Ind 07:00PM ET",38.651,"IND","Indiana","Sacramento",2017-01-27,-4.5,210.5,"SAC",-0.596881081081081,37,"SF"
"147","SG/SF","Nicolas Batum",7300,"Cha@NY 07:30PM ET",35.82,"CHA","Charlotte","New York",2017-01-27,-1,211.5,"NYK",1.12743,50,"SF"
"148","SF","Carmelo Anthony",7200,"Cha@NY 07:30PM ET",37.723,"NYK","New York","Charlotte",2017-01-27,1,211.5,"CHA",0.79964347826087,46,"SF"
"149","SF/PF","Jabari Parker",7000,"Mil@Tor 07:30PM ET",35.039,"MIL","Milwaukee","Toronto",2017-01-27,5,212.5,"TOR",0.18627,40,"SF"
"150","SF/PF","Markieff Morris",6800,"Was@Atl 08:00PM ET",28.142,"WAS","Washington","Atlanta",2017-01-27,3.5,214.5,"ATL",-0.74274,45,"SF"
"151","SG/SF","Dion Waiters",6800,"Mia@Chi 08:00PM ET",27.01,"MIA","Miami","Chicago",2017-01-27,7.5,203.5,"CHI",-1.0578,40,"SF"
"152","SF/PF","Otto Porter",6000,"Was@Atl 08:00PM ET",29.711,"WAS","Washington","Atlanta",2017-01-27,3.5,214.5,"ATL",-0.74274,45,"SF"
"153","SF","Jae Crowder",5900,"Orl@Bos 07:30PM ET",26.905,"BOS","Boston","Orlando",2017-01-27,-8,215.5,"ORL",-0.40594,40,"SF"
"154","SF","Robert Covington",5700,"Hou@Phi 08:00PM ET",25.738,"PHI","Philadelphia","Houston",2017-01-27,6.5,220,"HOU",2.93303333333333,39,"SF"
"155","SG/SF","Tyreke Evans",5600,"SA@NO 08:00PM ET",22.361,"NOR","New Orleans","San Antonio",2017-01-27,6,210.5,"SAS",0.83241282051282,39,"SF"
"156","SF/PF","Aaron Gordon",5400,"Orl@Bos 07:30PM ET",22.91,"ORL","Orlando","Boston",2017-01-27,8,215.5,"BOS",0.139183783783784,37,"SF"
"157","SF/PF","Trevor Ariza",5400,"Hou@Phi 08:00PM ET",27.52,"HOU","Houston","Philadelphia",2017-01-27,-6.5,220,"PHI",-2.9368275,40,"SF"
"158","SF","Michael Kidd-Gilchrist",5300,"Cha@NY 07:30PM ET",24.1,"CHA","Charlotte","New York",2017-01-27,-1,211.5,"NYK",1.12743,50,"SF"
"159","SG/SF","Kent Bazemore",5100,"Was@Atl 08:00PM ET",22.278,"ATL","Atlanta","Washington",2017-01-27,-3.5,214.5,"WAS",0.46685641025641,39,"SF"
"160","SG/SF","Evan Turner",4700,"Mem@Por 10:00PM ET",21.267,"POR","Portland","Memphis",2017-01-27,-1,205.5,"MEM",0.188205714285714,35,"SF"
"161","SG/SF","Norman Powell",4600,"Mil@Tor 07:30PM ET",11.905,"TOR","Toronto","Milwaukee",2017-01-27,-5,212.5,"MIL",4.97270425531915,47,"SF"
"162","SG/SF","Josh Richardson",4500,"Mia@Chi 08:00PM ET",22.473,"MIA","Miami","Chicago",2017-01-27,7.5,203.5,"CHI",-1.0578,40,"SF"
"163","SF","Wayne Ellington",4300,"Mia@Chi 08:00PM ET",18.423,"MIA","Miami","Chicago",2017-01-27,7.5,203.5,"CHI",-1.0578,40,"SF"
"164","SF","DeMarre Carroll",4300,"Mil@Tor 07:30PM ET",19.427,"TOR","Toronto","Milwaukee",2017-01-27,-5,212.5,"MIL",4.97270425531915,47,"SF"
"165","SG/SF","Garrett Temple",4200,"Sac@Ind 07:00PM ET",18.15,"SAC","Sacramento","Indiana",2017-01-27,4.5,210.5,"IND",-1.50467096774194,31,"SF"
"166","SF/PF","Dario Saric",4200,"Hou@Phi 08:00PM ET",20.943,"PHI","Philadelphia","Houston",2017-01-27,6.5,220,"HOU",2.93303333333333,39,"SF"
"167","SG/SF","Terrence Ross",4200,"Mil@Tor 07:30PM ET",18.033,"TOR","Toronto","Milwaukee",2017-01-27,-5,212.5,"MIL",4.97270425531915,47,"SF"
"168","SF/PF","Jeff Green",4000,"Orl@Bos 07:30PM ET",16.603,"ORL","Orlando","Boston",2017-01-27,8,215.5,"BOS",0.139183783783784,37,"SF"
"169","SG/SF","Kyle Korver",4000,"Bkn@Cle 07:30PM ET",18.313,"CLE","Cleveland","Brooklyn",2017-01-27,-15.5,227.5,"BKN",3.0450775,40,"SF"
"170","SG/SF","Caris LeVert",4000,"Bkn@Cle 07:30PM ET",15.156,"BKN","Brooklyn","Cleveland",2017-01-27,15.5,227.5,"CLE",2.32966829268293,41,"SF"
"171","SF/PF","Rondae Hollis-Jefferson",3900,"Bkn@Cle 07:30PM ET",19.36,"BKN","Brooklyn","Cleveland",2017-01-27,15.5,227.5,"CLE",2.32966829268293,41,"SF"
"172","SG/SF","Marco Belinelli",3900,"Cha@NY 07:30PM ET",18.799,"CHA","Charlotte","New York",2017-01-27,-1,211.5,"NYK",1.12743,50,"SF"
"173","SF/PF","Matt Barnes",3900,"Sac@Ind 07:00PM ET",18.94,"SAC","Sacramento","Indiana",2017-01-27,4.5,210.5,"IND",-1.50467096774194,31,"SF"
"174","SF/PF","Sam Dekker",3800,"Hou@Phi 08:00PM ET",16.133,"HOU","Houston","Philadelphia",2017-01-27,-6.5,220,"PHI",-2.9368275,40,"SF"
"175","SF","Solomon Hill",3800,"SA@NO 08:00PM ET",15.886,"NOR","New Orleans","San Antonio",2017-01-27,6,210.5,"SAS",0.83241282051282,39,"SF"
"176","SF","James Ennis III",3800,"Mem@Por 10:00PM ET",17.311,"MEM","Memphis","Portland",2017-01-27,1,205.5,"POR",0.6243625,32,"SF"
"177","SF","Maurice Harkless",3800,"Mem@Por 10:00PM ET",22.477,"POR","Portland","Memphis",2017-01-27,-1,205.5,"MEM",0.188205714285714,35,"SF"
"178","SG/SF","Thabo Sefolosha",3700,"Was@Atl 08:00PM ET",19.785,"ATL","Atlanta","Washington",2017-01-27,-3.5,214.5,"WAS",0.46685641025641,39,"SF"
"179","SF","C.J. Miles",3700,"Sac@Ind 07:00PM ET",18.154,"IND","Indiana","Sacramento",2017-01-27,-4.5,210.5,"SAC",-0.596881081081081,37,"SF"
"180","SG/SF","Allen Crabbe",3700,"Mem@Por 10:00PM ET",17.904,"POR","Portland","Memphis",2017-01-27,-1,205.5,"MEM",0.188205714285714,35,"SF"
"181","SF/PF","Dante Cunningham",3600,"SA@NO 08:00PM ET",15.333,"NOR","New Orleans","San Antonio",2017-01-27,6,210.5,"SAS",0.83241282051282,39,"SF"
"182","SG/SF","Vince Carter",3600,"Mem@Por 10:00PM ET",17.725,"MEM","Memphis","Portland",2017-01-27,1,205.5,"POR",0.6243625,32,"SF"
"183","SG/SF","Kelly Oubre Jr.",3500,"Was@Atl 08:00PM ET",13.767,"WAS","Washington","Atlanta",2017-01-27,3.5,214.5,"ATL",-0.74274,45,"SF"
"184","SF","Omri Casspi",3500,"Sac@Ind 07:00PM ET",13.614,"SAC","Sacramento","Indiana",2017-01-27,4.5,210.5,"IND",-1.50467096774194,31,"SF"
"185","SF/PF","Michael Beasley",3500,"Mil@Tor 07:30PM ET",16.324,"MIL","Milwaukee","Toronto",2017-01-27,5,212.5,"TOR",0.18627,40,"SF"
"186","SG/SF","Jonathon Simmons",3500,"SA@NO 08:00PM ET",13.273,"SAS","San Antonio","New Orleans",2017-01-27,-6,210.5,"NOR",1.68887428571429,35,"SF"
"187","SF","Doug McDermott",3400,"Mia@Chi 08:00PM ET",16.721,"CHI","Chicago","Miami",2017-01-27,-7.5,203.5,"MIA",0.314451428571428,35,"SF"
"188","SF/PF","Anthony Tolliver",3400,"Sac@Ind 07:00PM ET",13.72,"SAC","Sacramento","Indiana",2017-01-27,4.5,210.5,"IND",-1.50467096774194,31,"SF"
"189","SF","Mario Hezonja",3200,"Orl@Bos 07:30PM ET",6.75,"ORL","Orlando","Boston",2017-01-27,8,215.5,"BOS",0.139183783783784,37,"SF"
"190","SF","Chandler Parsons",3200,"Mem@Por 10:00PM ET",12.737,"MEM","Memphis","Portland",2017-01-27,1,205.5,"POR",0.6243625,32,"SF"
"191","SF","Mindaugas Kuzminskas",3100,"Cha@NY 07:30PM ET",10.813,"NYK","New York","Charlotte",2017-01-27,1,211.5,"CHA",0.79964347826087,46,"SF"
"192","SF","Tony Snell",3100,"Mil@Tor 07:30PM ET",16.233,"MIL","Milwaukee","Toronto",2017-01-27,5,212.5,"TOR",0.18627,40,"SF"
"193","SF","Mike Dunleavy",3000,"Was@Atl 08:00PM ET",9.887,"ATL","Atlanta","Washington",2017-01-27,-3.5,214.5,"WAS",0.46685641025641,39,"SF"
"194","SF","Marcus Thornton",3000,"Was@Atl 08:00PM ET",12.712,"WAS","Washington","Atlanta",2017-01-27,3.5,214.5,"ATL",-0.74274,45,"SF"
"195","SF","Taurean Prince",3000,"Was@Atl 08:00PM ET",7.894,"ATL","Atlanta","Washington",2017-01-27,-3.5,214.5,"WAS",0.46685641025641,39,"SF"
"196","SF","DeAndre' Bembry",3000,"Was@Atl 08:00PM ET",4.618,"ATL","Atlanta","Washington",2017-01-27,-3.5,214.5,"WAS",0.46685641025641,39,"SF"
"197","SF","Anthony Brown",3000,"Orl@Bos 07:30PM ET",9.375,"ORL","Orlando","Boston",2017-01-27,8,215.5,"BOS",0.139183783783784,37,"SF"
"198","SF","Damjan Rudez",3000,"Orl@Bos 07:30PM ET",3.902,"ORL","Orlando","Boston",2017-01-27,8,215.5,"BOS",0.139183783783784,37,"SF"
"199","SF","Jaylen Brown",3000,"Orl@Bos 07:30PM ET",9.432,"BOS","Boston","Orlando",2017-01-27,-8,215.5,"ORL",-0.40594,40,"SF"
"200","SG/SF","Paul Zipser",3000,"Mia@Chi 08:00PM ET",6.221,"CHI","Chicago","Miami",2017-01-27,-7.5,203.5,"MIA",0.314451428571428,35,"SF"
"201","SF","Derrick Williams",3000,"Mia@Chi 08:00PM ET",11.813,"MIA","Miami","Chicago",2017-01-27,7.5,203.5,"CHI",-1.0578,40,"SF"
"202","SF","Denzel Valentine",3000,"Mia@Chi 08:00PM ET",7.611,"CHI","Chicago","Miami",2017-01-27,-7.5,203.5,"MIA",0.314451428571428,35,"SF"
"203","SF/PF","Richard Jefferson",3000,"Bkn@Cle 07:30PM ET",10.105,"CLE","Cleveland","Brooklyn",2017-01-27,-15.5,227.5,"BKN",3.0450775,40,"SF"
"204","SF","Joe Harris",3000,"Bkn@Cle 07:30PM ET",15.806,"BKN","Brooklyn","Cleveland",2017-01-27,15.5,227.5,"CLE",2.32966829268293,41,"SF"
"205","SF/PF","Lance Thomas",3000,"Cha@NY 07:30PM ET",9.15,"NYK","New York","Charlotte",2017-01-27,1,211.5,"CHA",0.79964347826087,46,"SF"
"206","SF","Treveon Graham",3000,"Cha@NY 07:30PM ET",3.232,"CHA","Charlotte","New York",2017-01-27,-1,211.5,"NYK",1.12743,50,"SF"
"207","SG/SF","Glenn Robinson III",3000,"Sac@Ind 07:00PM ET",13.453,"IND","Indiana","Sacramento",2017-01-27,-4.5,210.5,"SAC",-0.596881081081081,37,"SF"
"208","SF","Rudy Gay",3000,"Sac@Ind 07:00PM ET",35.2,"SAC","Sacramento","Indiana",2017-01-27,4.5,210.5,"IND",-1.50467096774194,31,"SF"
"209","SG/SF","Corey Brewer",3000,"Hou@Phi 08:00PM ET",9.806,"HOU","Houston","Philadelphia",2017-01-27,-6.5,220,"PHI",-2.9368275,40,"SF"
"210","SG/SF","Timothe Luwawu-Cabarrot",3000,"Hou@Phi 08:00PM ET",6.315,"PHI","Philadelphia","Houston",2017-01-27,6.5,220,"HOU",2.93303333333333,39,"SF"
"211","SF","K.J. McDaniels",3000,"Hou@Phi 08:00PM ET",5.59,"HOU","Houston","Philadelphia",2017-01-27,-6.5,220,"PHI",-2.9368275,40,"SF"
"212","SF","Ben Simmons",3000,"Hou@Phi 08:00PM ET",0,"PHI","Philadelphia","Houston",2017-01-27,6.5,220,"HOU",2.93303333333333,39,"SF"
"213","SF","Steve Novak",3000,"Mil@Tor 07:30PM ET",1.156,"MIL","Milwaukee","Toronto",2017-01-27,5,212.5,"TOR",0.18627,40,"SF"
"214","SF","Bruno Caboclo",3000,"Mil@Tor 07:30PM ET",2.313,"TOR","Toronto","Milwaukee",2017-01-27,-5,212.5,"MIL",4.97270425531915,47,"SF"
"215","SF/PF","Davis Bertans",3000,"SA@NO 08:00PM ET",7.568,"SAS","San Antonio","New Orleans",2017-01-27,-6,210.5,"NOR",1.68887428571429,35,"SF"
"216","SF","Quincy Pondexter",3000,"SA@NO 08:00PM ET",0,"NOR","New Orleans","San Antonio",2017-01-27,6,210.5,"SAS",0.83241282051282,39,"SF"
"217","SF","Pat Connaughton",3000,"Mem@Por 10:00PM ET",3.682,"POR","Portland","Memphis",2017-01-27,-1,205.5,"MEM",0.188205714285714,35,"SF"
"218","PF/C","DeMarcus Cousins",11000,"Sac@Ind 07:00PM ET",53.188,"SAC","Sacramento","Indiana",2017-01-27,4.5,210.5,"IND",-1.50571142857143,35,"PF"
"219","PF/C","Kevin Love",8100,"Bkn@Cle 07:30PM ET",40.795,"CLE","Cleveland","Brooklyn",2017-01-27,-15.5,227.5,"BKN",-1.655585,40,"PF"
"220","SF/PF","Paul George",7900,"Sac@Ind 07:00PM ET",38.651,"IND","Indiana","Sacramento",2017-01-27,-4.5,210.5,"SAC",0.0758555555555552,36,"PF"
"221","PF","LaMarcus Aldridge",7600,"SA@NO 08:00PM ET",33.098,"SAS","San Antonio","New Orleans",2017-01-27,-6,210.5,"NOR",1.38760606060606,33,"PF"
"222","PF","Paul Millsap",7400,"Was@Atl 08:00PM ET",38.797,"ATL","Atlanta","Washington",2017-01-27,-3.5,214.5,"WAS",2.8069358974359,39,"PF"
"223","SF/PF","Jabari Parker",7000,"Mil@Tor 07:30PM ET",35.039,"MIL","Milwaukee","Toronto",2017-01-27,5,212.5,"TOR",0.0284710526315787,38,"PF"
"224","PF/C","Terrence Jones",6900,"SA@NO 08:00PM ET",24.29,"NOR","New Orleans","San Antonio",2017-01-27,6,210.5,"SAS",-0.0436228571428572,35,"PF"
"225","SF/PF","Markieff Morris",6800,"Was@Atl 08:00PM ET",28.142,"WAS","Washington","Atlanta",2017-01-27,3.5,214.5,"ATL",-0.234097222222222,36,"PF"
"226","PF/C","Serge Ibaka",6300,"Orl@Bos 07:30PM ET",30.277,"ORL","Orlando","Boston",2017-01-27,8,215.5,"BOS",1.84642285714286,35,"PF"
"227","PF","Kristaps Porzingis",6200,"Cha@NY 07:30PM ET",35.4,"NYK","New York","Charlotte",2017-01-27,1,211.5,"CHA",0.995565,40,"PF"
"228","SF/PF","Otto Porter",6000,"Was@Atl 08:00PM ET",29.711,"WAS","Washington","Atlanta",2017-01-27,3.5,214.5,"ATL",-0.234097222222222,36,"PF"
"229","PF/C","Zach Randolph",6000,"Mem@Por 10:00PM ET",27.931,"MEM","Memphis","Portland",2017-01-27,1,205.5,"POR",-1.66895428571429,35,"PF"
"230","PF","Ersan Ilyasova",5900,"Hou@Phi 08:00PM ET",27.267,"PHI","Philadelphia","Houston",2017-01-27,6.5,220,"HOU",1.65426923076923,39,"PF"
"231","PF/C","David Lee",5900,"SA@NO 08:00PM ET",17.165,"SAS","San Antonio","New Orleans",2017-01-27,-6,210.5,"NOR",1.38760606060606,33,"PF"
"232","PF/C","Nerlens Noel",5800,"Hou@Phi 08:00PM ET",18.778,"PHI","Philadelphia","Houston",2017-01-27,6.5,220,"HOU",1.65426923076923,39,"PF"
"233","PF","Thaddeus Young",5700,"Sac@Ind 07:00PM ET",25.983,"IND","Indiana","Sacramento",2017-01-27,-4.5,210.5,"SAC",0.0758555555555552,36,"PF"
"234","PF","James Johnson",5600,"Mia@Chi 08:00PM ET",25.085,"MIA","Miami","Chicago",2017-01-27,7.5,203.5,"CHI",0.150169444444444,36,"PF"
"235","SF/PF","Aaron Gordon",5400,"Orl@Bos 07:30PM ET",22.91,"ORL","Orlando","Boston",2017-01-27,8,215.5,"BOS",1.84642285714286,35,"PF"
"236","SF/PF","Trevor Ariza",5400,"Hou@Phi 08:00PM ET",27.52,"HOU","Houston","Philadelphia",2017-01-27,-6.5,220,"PHI",-2.57673611111111,36,"PF"
"237","PF","Marvin Williams",4800,"Cha@NY 07:30PM ET",22.619,"CHA","Charlotte","New York",2017-01-27,-1,211.5,"NYK",0.829271111111111,45,"PF"
"238","PF","Ryan Anderson",4800,"Hou@Phi 08:00PM ET",23.924,"HOU","Houston","Philadelphia",2017-01-27,-6.5,220,"PHI",-2.57673611111111,36,"PF"
"239","PF/C","Taj Gibson",4600,"Mia@Chi 08:00PM ET",24.783,"CHI","Chicago","Miami",2017-01-27,-7.5,203.5,"MIA",-1.08688787878788,33,"PF"
"240","PF","Trevor Booker",4600,"Bkn@Cle 07:30PM ET",27.5,"BKN","Brooklyn","Cleveland",2017-01-27,15.5,227.5,"CLE",3.61101944444444,36,"PF"
"241","PF","Al-Farouq Aminu",4500,"Mem@Por 10:00PM ET",21.533,"POR","Portland","Memphis",2017-01-27,-1,205.5,"MEM",-0.183688235294118,34,"PF"
"242","PF","JaMychal Green",4400,"Mem@Por 10:00PM ET",22.989,"MEM","Memphis","Portland",2017-01-27,1,205.5,"POR",-1.66895428571429,35,"PF"
"243","PF/C","Spencer Hawes",4300,"Cha@NY 07:30PM ET",16.919,"CHA","Charlotte","New York",2017-01-27,-1,211.5,"NYK",0.829271111111111,45,"PF"
"244","PF/C","Kelly Olynyk",4200,"Orl@Bos 07:30PM ET",18.814,"BOS","Boston","Orlando",2017-01-27,-8,215.5,"ORL",-3.58241,40,"PF"
"245","SF/PF","Dario Saric",4200,"Hou@Phi 08:00PM ET",20.943,"PHI","Philadelphia","Houston",2017-01-27,6.5,220,"HOU",1.65426923076923,39,"PF"
"246","SF/PF","Jeff Green",4000,"Orl@Bos 07:30PM ET",16.603,"ORL","Orlando","Boston",2017-01-27,8,215.5,"BOS",1.84642285714286,35,"PF"
"247","PF","Nikola Mirotic",4000,"Mia@Chi 08:00PM ET",20.567,"CHI","Chicago","Miami",2017-01-27,-7.5,203.5,"MIA",-1.08688787878788,33,"PF"
"248","PF/C","Lucas Nogueira",4000,"Mil@Tor 07:30PM ET",17.703,"TOR","Toronto","Milwaukee",2017-01-27,-5,212.5,"MIL",2.993865,40,"PF"
"249","SF/PF","Rondae Hollis-Jefferson",3900,"Bkn@Cle 07:30PM ET",19.36,"BKN","Brooklyn","Cleveland",2017-01-27,15.5,227.5,"CLE",3.61101944444444,36,"PF"
"250","SF/PF","Matt Barnes",3900,"Sac@Ind 07:00PM ET",18.94,"SAC","Sacramento","Indiana",2017-01-27,4.5,210.5,"IND",-1.50571142857143,35,"PF"
"251","PF","Richaun Holmes",3900,"Hou@Phi 08:00PM ET",16.24,"PHI","Philadelphia","Houston",2017-01-27,6.5,220,"HOU",1.65426923076923,39,"PF"
"252","PF","Frank Kaminsky",3800,"Cha@NY 07:30PM ET",20.676,"CHA","Charlotte","New York",2017-01-27,-1,211.5,"NYK",0.829271111111111,45,"PF"
"253","SF/PF","Sam Dekker",3800,"Hou@Phi 08:00PM ET",16.133,"HOU","Houston","Philadelphia",2017-01-27,-6.5,220,"PHI",-2.57673611111111,36,"PF"
"254","PF/C","Amir Johnson",3700,"Orl@Bos 07:30PM ET",16.761,"BOS","Boston","Orlando",2017-01-27,-8,215.5,"ORL",-3.58241,40,"PF"
"255","PF/C","Kyle O'Quinn",3600,"Cha@NY 07:30PM ET",17.456,"NYK","New York","Charlotte",2017-01-27,1,211.5,"CHA",0.995565,40,"PF"
"256","SF/PF","Dante Cunningham",3600,"SA@NO 08:00PM ET",15.333,"NOR","New Orleans","San Antonio",2017-01-27,6,210.5,"SAS",-0.0436228571428572,35,"PF"
"257","PF","Okaro White",3500,"Mia@Chi 08:00PM ET",10.75,"MIA","Miami","Chicago",2017-01-27,7.5,203.5,"CHI",0.150169444444444,36,"PF"
"258","PF/C","Channing Frye",3500,"Bkn@Cle 07:30PM ET",16.561,"CLE","Cleveland","Brooklyn",2017-01-27,-15.5,227.5,"BKN",-1.655585,40,"PF"
"259","SF/PF","Michael Beasley",3500,"Mil@Tor 07:30PM ET",16.324,"MIL","Milwaukee","Toronto",2017-01-27,5,212.5,"TOR",0.0284710526315787,38,"PF"
"260","PF/C","Donatas Motiejunas",3500,"SA@NO 08:00PM ET",13.083,"NOR","New Orleans","San Antonio",2017-01-27,6,210.5,"SAS",-0.0436228571428572,35,"PF"
"261","SF/PF","Anthony Tolliver",3400,"Sac@Ind 07:00PM ET",13.72,"SAC","Sacramento","Indiana",2017-01-27,4.5,210.5,"IND",-1.50571142857143,35,"PF"
"262","PF/C","Justin Hamilton",3300,"Bkn@Cle 07:30PM ET",16.154,"BKN","Brooklyn","Cleveland",2017-01-27,15.5,227.5,"CLE",3.61101944444444,36,"PF"
"263","PF/C","Kris Humphries",3100,"Was@Atl 08:00PM ET",11.142,"ATL","Atlanta","Washington",2017-01-27,-3.5,214.5,"WAS",2.8069358974359,39,"PF"
"264","PF","Patrick Patterson",3100,"Mil@Tor 07:30PM ET",18.893,"TOR","Toronto","Milwaukee",2017-01-27,-5,212.5,"MIL",2.993865,40,"PF"
"265","PF/C","Jason Smith",3000,"Was@Atl 08:00PM ET",10.326,"WAS","Washington","Atlanta",2017-01-27,3.5,214.5,"ATL",-0.234097222222222,36,"PF"
"266","PF/C","Mike Muscala",3000,"Was@Atl 08:00PM ET",16.594,"ATL","Atlanta","Washington",2017-01-27,-3.5,214.5,"WAS",2.8069358974359,39,"PF"
"267","PF","Mike Scott",3000,"Was@Atl 08:00PM ET",7.077,"ATL","Atlanta","Washington",2017-01-27,-3.5,214.5,"WAS",2.8069358974359,39,"PF"
"268","PF","Jonas Jerebko",3000,"Orl@Bos 07:30PM ET",11.426,"BOS","Boston","Orlando",2017-01-27,-8,215.5,"ORL",-3.58241,40,"PF"
"269","PF","Jordan Mickey",3000,"Orl@Bos 07:30PM ET",5.692,"BOS","Boston","Orlando",2017-01-27,-8,215.5,"ORL",-3.58241,40,"PF"
"270","PF","Stephen Zimmerman Jr.",3000,"Orl@Bos 07:30PM ET",4.125,"ORL","Orlando","Boston",2017-01-27,8,215.5,"BOS",1.84642285714286,35,"PF"
"271","PF","Chris Bosh",3000,"Mia@Chi 08:00PM ET",0,"MIA","Miami","Chicago",2017-01-27,7.5,203.5,"CHI",0.150169444444444,36,"PF"
"272","PF","Josh McRoberts",3000,"Mia@Chi 08:00PM ET",13.523,"MIA","Miami","Chicago",2017-01-27,7.5,203.5,"CHI",0.150169444444444,36,"PF"
"273","PF","Luke Babbitt",3000,"Mia@Chi 08:00PM ET",9.264,"MIA","Miami","Chicago",2017-01-27,7.5,203.5,"CHI",0.150169444444444,36,"PF"
"274","PF","Bobby Portis",3000,"Mia@Chi 08:00PM ET",9.858,"CHI","Chicago","Miami",2017-01-27,-7.5,203.5,"MIA",-1.08688787878788,33,"PF"
"275","PF","Justise Winslow",3000,"Mia@Chi 08:00PM ET",25.833,"MIA","Miami","Chicago",2017-01-27,7.5,203.5,"CHI",0.150169444444444,36,"PF"
"276","SF/PF","Richard Jefferson",3000,"Bkn@Cle 07:30PM ET",10.105,"CLE","Cleveland","Brooklyn",2017-01-27,-15.5,227.5,"BKN",-1.655585,40,"PF"
"277","PF","Quincy Acy",3000,"Bkn@Cle 07:30PM ET",8.786,"BKN","Brooklyn","Cleveland",2017-01-27,15.5,227.5,"CLE",3.61101944444444,36,"PF"
"278","PF","Chris McCullough",3000,"Bkn@Cle 07:30PM ET",4.792,"BKN","Brooklyn","Cleveland",2017-01-27,15.5,227.5,"CLE",3.61101944444444,36,"PF"
"279","SF/PF","Lance Thomas",3000,"Cha@NY 07:30PM ET",9.15,"NYK","New York","Charlotte",2017-01-27,1,211.5,"CHA",0.995565,40,"PF"
"280","PF","Christian Wood",3000,"Cha@NY 07:30PM ET",2.5,"CHA","Charlotte","New York",2017-01-27,-1,211.5,"NYK",0.829271111111111,45,"PF"
"281","PF","Maurice Ndour",3000,"Cha@NY 07:30PM ET",5.176,"NYK","New York","Charlotte",2017-01-27,1,211.5,"CHA",0.995565,40,"PF"
"282","PF/C","Kevin Seraphin",3000,"Sac@Ind 07:00PM ET",9.444,"IND","Indiana","Sacramento",2017-01-27,-4.5,210.5,"SAC",0.0758555555555552,36,"PF"
"283","PF","Rakeem Christmas",3000,"Sac@Ind 07:00PM ET",3.417,"IND","Indiana","Sacramento",2017-01-27,-4.5,210.5,"SAC",0.0758555555555552,36,"PF"
"284","PF","Georges Niang",3000,"Sac@Ind 07:00PM ET",2.316,"IND","Indiana","Sacramento",2017-01-27,-4.5,210.5,"SAC",0.0758555555555552,36,"PF"
"285","PF","Skal Labissiere",3000,"Sac@Ind 07:00PM ET",5.45,"SAC","Sacramento","Indiana",2017-01-27,4.5,210.5,"IND",-1.50571142857143,35,"PF"
"286","PF","Kyle Wiltjer",3000,"Hou@Phi 08:00PM ET",2.306,"HOU","Houston","Philadelphia",2017-01-27,-6.5,220,"PHI",-2.57673611111111,36,"PF"
"287","PF","Jared Sullinger",3000,"Mil@Tor 07:30PM ET",9.55,"TOR","Toronto","Milwaukee",2017-01-27,-5,212.5,"MIL",2.993865,40,"PF"
"288","PF","Mirza Teletovic",3000,"Mil@Tor 07:30PM ET",12.655,"MIL","Milwaukee","Toronto",2017-01-27,5,212.5,"TOR",0.0284710526315787,38,"PF"
"289","PF","Pascal Siakam",3000,"Mil@Tor 07:30PM ET",12.013,"TOR","Toronto","Milwaukee",2017-01-27,-5,212.5,"MIL",2.993865,40,"PF"
"290","PF","Thon Maker",3000,"Mil@Tor 07:30PM ET",4.298,"MIL","Milwaukee","Toronto",2017-01-27,5,212.5,"TOR",0.0284710526315787,38,"PF"
"291","SF/PF","Davis Bertans",3000,"SA@NO 08:00PM ET",7.568,"SAS","San Antonio","New Orleans",2017-01-27,-6,210.5,"NOR",1.38760606060606,33,"PF"
"292","PF","Joel Anthony",3000,"SA@NO 08:00PM ET",5,"SAS","San Antonio","New Orleans",2017-01-27,-6,210.5,"NOR",1.38760606060606,33,"PF"
"293","PF","Cheick Diallo",3000,"SA@NO 08:00PM ET",9.8,"NOR","New Orleans","San Antonio",2017-01-27,6,210.5,"SAS",-0.0436228571428572,35,"PF"
"294","PF/C","Meyers Leonard",3000,"Mem@Por 10:00PM ET",12.11,"POR","Portland","Memphis",2017-01-27,-1,205.5,"MEM",-0.183688235294118,34,"PF"
"295","PF","Jake Layman",3000,"Mem@Por 10:00PM ET",4.348,"POR","Portland","Memphis",2017-01-27,-1,205.5,"MEM",-0.183688235294118,34,"PF"
"296","PF","Jarell Martin",3000,"Mem@Por 10:00PM ET",9.944,"MEM","Memphis","Portland",2017-01-27,1,205.5,"POR",-1.66895428571429,35,"PF"
"297","PF","Noah Vonleh",3000,"Mem@Por 10:00PM ET",9.692,"POR","Portland","Memphis",2017-01-27,-1,205.5,"MEM",-0.183688235294118,34,"PF"
"298","PF","Deyonta Davis",3000,"Mem@Por 10:00PM ET",5.677,"MEM","Memphis","Portland",2017-01-27,1,205.5,"POR",-1.66895428571429,35,"PF"
"299","PF/C","DeMarcus Cousins",11000,"Sac@Ind 07:00PM ET",53.188,"SAC","Sacramento","Indiana",2017-01-27,4.5,210.5,"IND",0.746124242424242,33,"C"
"300","C","Anthony Davis",9700,"SA@NO 08:00PM ET",53.506,"NOR","New Orleans","San Antonio",2017-01-27,6,210.5,"SAS",-0.941505405405405,37,"C"
"301","C","Joel Embiid",8400,"Hou@Phi 08:00PM ET",38.417,"PHI","Philadelphia","Houston",2017-01-27,6.5,220,"HOU",1.41212058823529,34,"C"
"302","PF/C","Kevin Love",8100,"Bkn@Cle 07:30PM ET",40.795,"CLE","Cleveland","Brooklyn",2017-01-27,-15.5,227.5,"BKN",-0.0880676470588234,34,"C"
"303","C","Marc Gasol",8000,"Mem@Por 10:00PM ET",39.261,"MEM","Memphis","Portland",2017-01-27,1,205.5,"POR",-2.04740277777778,36,"C"
"304","C","Hassan Whiteside",7400,"Mia@Chi 08:00PM ET",40.911,"MIA","Miami","Chicago",2017-01-27,7.5,203.5,"CHI",3.533634375,32,"C"
"305","C","Al Horford",7000,"Orl@Bos 07:30PM ET",36.471,"BOS","Boston","Orlando",2017-01-27,-8,215.5,"ORL",1.32121578947368,38,"C"
"306","PF/C","Terrence Jones",6900,"SA@NO 08:00PM ET",24.29,"NOR","New Orleans","San Antonio",2017-01-27,6,210.5,"SAS",-0.941505405405405,37,"C"
"307","C","Dwight Howard",6700,"Was@Atl 08:00PM ET",35.976,"ATL","Atlanta","Washington",2017-01-27,-3.5,214.5,"WAS",-1.19708333333333,36,"C"
"308","C","Myles Turner",6600,"Sac@Ind 07:00PM ET",32.659,"IND","Indiana","Sacramento",2017-01-27,-4.5,210.5,"SAC",0.597985294117647,34,"C"
"309","C","Nikola Vucevic",6500,"Orl@Bos 07:30PM ET",33.801,"ORL","Orlando","Boston",2017-01-27,8,215.5,"BOS",1.23513666666667,30,"C"
"310","C","Brook Lopez",6500,"Bkn@Cle 07:30PM ET",35.11,"BKN","Brooklyn","Cleveland",2017-01-27,15.5,227.5,"CLE",0.0761899999999999,30,"C"
"311","PF/C","Serge Ibaka",6300,"Orl@Bos 07:30PM ET",30.277,"ORL","Orlando","Boston",2017-01-27,8,215.5,"BOS",1.23513666666667,30,"C"
"312","C","Mason Plumlee",6100,"Mem@Por 10:00PM ET",30.979,"POR","Portland","Memphis",2017-01-27,-1,205.5,"MEM",1.03883428571429,35,"C"
"313","PF/C","Zach Randolph",6000,"Mem@Por 10:00PM ET",27.931,"MEM","Memphis","Portland",2017-01-27,1,205.5,"POR",-2.04740277777778,36,"C"
"314","PF/C","David Lee",5900,"SA@NO 08:00PM ET",17.165,"SAS","San Antonio","New Orleans",2017-01-27,-6,210.5,"NOR",1.12162647058824,34,"C"
"315","PF/C","Nerlens Noel",5800,"Hou@Phi 08:00PM ET",18.778,"PHI","Philadelphia","Houston",2017-01-27,6.5,220,"HOU",1.41212058823529,34,"C"
"316","C","Jonas Valanciunas",5800,"Mil@Tor 07:30PM ET",27.989,"TOR","Toronto","Milwaukee",2017-01-27,-5,212.5,"MIL",-0.0156945945945948,37,"C"
"317","C","Marcin Gortat",5500,"Was@Atl 08:00PM ET",30.806,"WAS","Washington","Atlanta",2017-01-27,3.5,214.5,"ATL",-1.21561052631579,38,"C"
"318","C","Greg Monroe",5300,"Mil@Tor 07:30PM ET",25.778,"MIL","Milwaukee","Toronto",2017-01-27,5,212.5,"TOR",0.9353225,40,"C"
"319","C","Cody Zeller",5000,"Cha@NY 07:30PM ET",24.375,"CHA","Charlotte","New York",2017-01-27,-1,211.5,"NYK",2.43503888888889,36,"C"
"320","C","Pau Gasol",5000,"SA@NO 08:00PM ET",28.686,"SAS","San Antonio","New Orleans",2017-01-27,-6,210.5,"NOR",1.12162647058824,34,"C"
"321","C","Willie Reed",4700,"Mia@Chi 08:00PM ET",13.865,"MIA","Miami","Chicago",2017-01-27,7.5,203.5,"CHI",3.533634375,32,"C"
"322","C","Jahlil Okafor",4700,"Hou@Phi 08:00PM ET",21.177,"PHI","Philadelphia","Houston",2017-01-27,6.5,220,"HOU",1.41212058823529,34,"C"
"323","PF/C","Taj Gibson",4600,"Mia@Chi 08:00PM ET",24.783,"CHI","Chicago","Miami",2017-01-27,-7.5,203.5,"MIA",-0.098509090909091,33,"C"
"324","C","Tristan Thompson",4600,"Bkn@Cle 07:30PM ET",23.636,"CLE","Cleveland","Brooklyn",2017-01-27,-15.5,227.5,"BKN",-0.0880676470588234,34,"C"
"325","C","Clint Capela",4600,"Hou@Phi 08:00PM ET",25.86,"HOU","Houston","Philadelphia",2017-01-27,-6.5,220,"PHI",1.88417647058824,34,"C"
"326","PF/C","Spencer Hawes",4300,"Cha@NY 07:30PM ET",16.919,"CHA","Charlotte","New York",2017-01-27,-1,211.5,"NYK",2.43503888888889,36,"C"
"327","PF/C","Kelly Olynyk",4200,"Orl@Bos 07:30PM ET",18.814,"BOS","Boston","Orlando",2017-01-27,-8,215.5,"ORL",1.32121578947368,38,"C"
"328","C","Robin Lopez",4200,"Mia@Chi 08:00PM ET",22.404,"CHI","Chicago","Miami",2017-01-27,-7.5,203.5,"MIA",-0.098509090909091,33,"C"
"329","PF/C","Lucas Nogueira",4000,"Mil@Tor 07:30PM ET",17.703,"TOR","Toronto","Milwaukee",2017-01-27,-5,212.5,"MIL",-0.0156945945945948,37,"C"
"330","C","Bismack Biyombo",3900,"Orl@Bos 07:30PM ET",20.31,"ORL","Orlando","Boston",2017-01-27,8,215.5,"BOS",1.23513666666667,30,"C"
"331","C","Guillermo Hernangomez",3900,"Cha@NY 07:30PM ET",14.603,"NYK","New York","Charlotte",2017-01-27,1,211.5,"CHA",1.35479705882353,34,"C"
"332","PF/C","Amir Johnson",3700,"Orl@Bos 07:30PM ET",16.761,"BOS","Boston","Orlando",2017-01-27,-8,215.5,"ORL",1.32121578947368,38,"C"
"333","C","Joakim Noah",3700,"Cha@NY 07:30PM ET",22.683,"NYK","New York","Charlotte",2017-01-27,1,211.5,"CHA",1.35479705882353,34,"C"
"334","C","Montrezl Harrell",3700,"Hou@Phi 08:00PM ET",18.288,"HOU","Houston","Philadelphia",2017-01-27,-6.5,220,"PHI",1.88417647058824,34,"C"
"335","PF/C","Kyle O'Quinn",3600,"Cha@NY 07:30PM ET",17.456,"NYK","New York","Charlotte",2017-01-27,1,211.5,"CHA",1.35479705882353,34,"C"
"336","C","Dewayne Dedmon",3600,"SA@NO 08:00PM ET",15.474,"SAS","San Antonio","New Orleans",2017-01-27,-6,210.5,"NOR",1.12162647058824,34,"C"
"337","PF/C","Channing Frye",3500,"Bkn@Cle 07:30PM ET",16.561,"CLE","Cleveland","Brooklyn",2017-01-27,-15.5,227.5,"BKN",-0.0880676470588234,34,"C"
"338","PF/C","Donatas Motiejunas",3500,"SA@NO 08:00PM ET",13.083,"NOR","New Orleans","San Antonio",2017-01-27,6,210.5,"SAS",-0.941505405405405,37,"C"
"339","PF/C","Justin Hamilton",3300,"Bkn@Cle 07:30PM ET",16.154,"BKN","Brooklyn","Cleveland",2017-01-27,15.5,227.5,"CLE",0.0761899999999999,30,"C"
"340","C","Al Jefferson",3200,"Sac@Ind 07:00PM ET",16.306,"IND","Indiana","Sacramento",2017-01-27,-4.5,210.5,"SAC",0.597985294117647,34,"C"
"341","C","John Henson",3200,"Mil@Tor 07:30PM ET",18.085,"MIL","Milwaukee","Toronto",2017-01-27,5,212.5,"TOR",0.9353225,40,"C"
"342","PF/C","Kris Humphries",3100,"Was@Atl 08:00PM ET",11.142,"ATL","Atlanta","Washington",2017-01-27,-3.5,214.5,"WAS",-1.19708333333333,36,"C"
"343","PF/C","Jason Smith",3000,"Was@Atl 08:00PM ET",10.326,"WAS","Washington","Atlanta",2017-01-27,3.5,214.5,"ATL",-1.21561052631579,38,"C"
"344","PF/C","Mike Muscala",3000,"Was@Atl 08:00PM ET",16.594,"ATL","Atlanta","Washington",2017-01-27,-3.5,214.5,"WAS",-1.19708333333333,36,"C"
"345","C","Ian Mahinmi",3000,"Was@Atl 08:00PM ET",5.25,"WAS","Washington","Atlanta",2017-01-27,3.5,214.5,"ATL",-1.21561052631579,38,"C"
"346","C","Tiago Splitter",3000,"Was@Atl 08:00PM ET",0,"ATL","Atlanta","Washington",2017-01-27,-3.5,214.5,"WAS",-1.19708333333333,36,"C"
"347","C","Andrew Nicholson",3000,"Was@Atl 08:00PM ET",5.84,"WAS","Washington","Atlanta",2017-01-27,3.5,214.5,"ATL",-1.21561052631579,38,"C"
"348","C","Daniel Ochefu",3000,"Was@Atl 08:00PM ET",3.045,"WAS","Washington","Atlanta",2017-01-27,3.5,214.5,"ATL",-1.21561052631579,38,"C"
"349","C","Tyler Zeller",3000,"Orl@Bos 07:30PM ET",10.454,"BOS","Boston","Orlando",2017-01-27,-8,215.5,"ORL",1.32121578947368,38,"C"
"350","C","Udonis Haslem",3000,"Mia@Chi 08:00PM ET",5.679,"MIA","Miami","Chicago",2017-01-27,7.5,203.5,"CHI",3.533634375,32,"C"
"351","C","Cristiano Felicio",3000,"Mia@Chi 08:00PM ET",12.75,"CHI","Chicago","Miami",2017-01-27,-7.5,203.5,"MIA",-0.098509090909091,33,"C"
"352","C","Chris Andersen",3000,"Bkn@Cle 07:30PM ET",7.979,"CLE","Cleveland","Brooklyn",2017-01-27,-15.5,227.5,"BKN",-0.0880676470588234,34,"C"
"353","C","Luis Scola",3000,"Bkn@Cle 07:30PM ET",12.266,"BKN","Brooklyn","Cleveland",2017-01-27,15.5,227.5,"CLE",0.0761899999999999,30,"C"
"354","C","Roy Hibbert",3000,"Cha@NY 07:30PM ET",12.66,"CHA","Charlotte","New York",2017-01-27,-1,211.5,"NYK",2.43503888888889,36,"C"
"355","C","Marshall Plumlee",3000,"Cha@NY 07:30PM ET",7.9,"NYK","New York","Charlotte",2017-01-27,1,211.5,"CHA",1.35479705882353,34,"C"
"356","PF/C","Kevin Seraphin",3000,"Sac@Ind 07:00PM ET",9.444,"IND","Indiana","Sacramento",2017-01-27,-4.5,210.5,"SAC",0.597985294117647,34,"C"
"357","C","Kosta Koufos",3000,"Sac@Ind 07:00PM ET",15.822,"SAC","Sacramento","Indiana",2017-01-27,4.5,210.5,"IND",0.746124242424242,33,"C"
"358","C","Lavoy Allen",3000,"Sac@Ind 07:00PM ET",6.508,"IND","Indiana","Sacramento",2017-01-27,-4.5,210.5,"SAC",0.597985294117647,34,"C"
"359","C","Willie Cauley-Stein",3000,"Sac@Ind 07:00PM ET",9.329,"SAC","Sacramento","Indiana",2017-01-27,4.5,210.5,"IND",0.746124242424242,33,"C"
"360","C","Georgios Papagiannis",3000,"Sac@Ind 07:00PM ET",1.375,"SAC","Sacramento","Indiana",2017-01-27,4.5,210.5,"IND",0.746124242424242,33,"C"
"361","C","Nene Hilario",3000,"Hou@Phi 08:00PM ET",16.054,"HOU","Houston","Philadelphia",2017-01-27,-6.5,220,"PHI",1.88417647058824,34,"C"
"362","C","Chinanu Onuaku",3000,"Hou@Phi 08:00PM ET",6.625,"HOU","Houston","Philadelphia",2017-01-27,-6.5,220,"PHI",1.88417647058824,34,"C"
"363","C","Miles Plumlee",3000,"Mil@Tor 07:30PM ET",6.363,"MIL","Milwaukee","Toronto",2017-01-27,5,212.5,"TOR",0.9353225,40,"C"
"364","C","Jakob Poeltl",3000,"Mil@Tor 07:30PM ET",6.89,"TOR","Toronto","Milwaukee",2017-01-27,-5,212.5,"MIL",-0.0156945945945948,37,"C"
"365","C","Alexis Ajinca",3000,"SA@NO 08:00PM ET",11.988,"NOR","New Orleans","San Antonio",2017-01-27,6,210.5,"SAS",-0.941505405405405,37,"C"
"366","C","Omer Asik",3000,"SA@NO 08:00PM ET",11.167,"NOR","New Orleans","San Antonio",2017-01-27,6,210.5,"SAS",-0.941505405405405,37,"C"
"367","PF/C","Meyers Leonard",3000,"Mem@Por 10:00PM ET",12.11,"POR","Portland","Memphis",2017-01-27,-1,205.5,"MEM",1.03883428571429,35,"C"
"368","C","Brandan Wright",3000,"Mem@Por 10:00PM ET",0,"MEM","Memphis","Portland",2017-01-27,1,205.5,"POR",-2.04740277777778,36,"C"
"369","C","Festus Ezeli",3000,"Mem@Por 10:00PM ET",0,"POR","Portland","Memphis",2017-01-27,-1,205.5,"MEM",1.03883428571429,35,"C"
"370","C","Ed Davis",3000,"Mem@Por 10:00PM ET",12.726,"POR","Portland","Memphis",2017-01-27,-1,205.5,"MEM",1.03883428571429,35,"C"
