PLAYER_ID,PLAYER,FIRST_NAME,LAST_NAME,TEAM_ABBREVIATION,GP,MIN,PTS,FGM,FGA,FG_PCT,FG3M,FG3A,FG3_PCT,EFG_PCT,PTS_TOT,X
202691,Klay Thompson,Klay,Thompson,GSW,77,34.1,11.6,4.3,9.4,0.456,3.1,7.1,0.439,0.622,896,NA
1717,Dirk Nowitzki,Dirk,Nowitzki,DAL,52,26.3,7.9,3.3,7.4,0.443,1.3,3.4,0.391,0.534,410,NA
201586,Serge Ibaka,Serge,Ibaka,TOR,23,30.9,7.5,2.9,6.9,0.424,1.7,4.3,0.394,0.547,173,NA
2594,Kyle Korver,Kyle,Korver,CLE,33,24.8,7.5,2.7,5.8,0.463,2.2,4.7,0.465,0.653,248,NA
201567,Kevin Love,Kevin,Love,CLE,59,31.3,7.5,2.6,6.7,0.389,2.3,5.8,0.398,0.564,443,NA
202331,Paul George,Paul,George,IND,73,35.7,7.3,2.6,6.1,0.435,2.0,4.8,0.418,0.599,532,NA
201583,Ryan Anderson,Ryan,Anderson,HOU,71,29.3,7.2,2.4,5.6,0.429,2.4,5.6,0.428,0.641,514,NA
201569,Eric Gordon,Eric,Gordon,HOU,74,31.1,7.2,2.4,6.6,0.366,2.4,6.6,0.366,0.548,536,NA
203078,Bradley Beal,Bradley,Beal,WAS,77,34.7,7.0,2.5,5.6,0.442,2.0,4.8,0.425,0.624,539,NA
201939,Stephen Curry,Stephen,Curry,GSW,78,33.5,6.9,2.4,5.0,0.473,2.1,4.5,0.466,0.682,536,NA
201586,Serge Ibaka,Serge,Ibaka,TOTAL,79,30.6,6.9,2.7,6.5,0.42,1.5,3.9,0.382,0.535,548,NA
201188,Marc Gasol,Marc,Gasol,MEM,73,34.4,6.8,2.8,6.7,0.413,1.3,3.4,0.394,0.513,500,NA
200755,JJ Redick,JJ,Redick,LAC,77,28.2,6.8,2.5,5.6,0.444,1.9,4.2,0.448,0.614,526,NA
201586,Serge Ibaka,Serge,Ibaka,ORL,56,30.4,6.7,2.6,6.3,0.418,1.4,3.8,0.376,0.53,375,NA
2594,Kyle Korver,Kyle,Korver,TOTAL,65,26.3,6.7,2.4,5.3,0.453,1.9,4.2,0.453,0.635,434,NA
203490,Otto Porter Jr.,Otto,Porter Jr.,WAS,79,32.6,6.7,2.4,5.2,0.471,1.8,4.0,0.447,0.644,528,NA
204001,Kristaps Porzingis,Kristaps,Porzingis,NYK,66,32.8,6.6,2.5,6.3,0.395,1.6,4.4,0.37,0.524,435,NA
203082,Terrence Ross,Terrence,Ross,ORL,23,31.6,6.6,2.4,5.8,0.418,1.7,4.5,0.388,0.567,152,NA
201156,Nick Young,Nick,Young,LAL,60,25.9,6.5,2.2,5.0,0.443,2.1,4.8,0.442,0.654,390,NA
101139,CJ Miles,CJ,Miles,IND,74,23.4,6.4,2.2,5.4,0.411,2.0,4.8,0.423,0.598,475,NA
2546,Carmelo Anthony,Carmelo,Anthony,NYK,73,34.5,6.3,2.4,5.4,0.45,1.5,3.5,0.424,0.589,463,NA
201961,Wayne Ellington,Wayne,Ellington,MIA,60,24.0,6.2,2.2,5.6,0.398,1.8,4.8,0.38,0.561,375,NA
101141,Ersan Ilyasova,Ersan,Ilyasova,PHI,53,27.3,6.2,2.3,5.7,0.4,1.7,4.4,0.388,0.55,330,NA
2772,Trevor Ariza,Trevor,Ariza,HOU,79,34.6,6.0,2.0,5.6,0.357,2.0,5.6,0.358,0.535,473,NA
2747,JR Smith,JR,Smith,CLE,39,28.8,6.0,2.0,5.5,0.364,2.0,5.4,0.367,0.544,233,NA
202326,DeMarcus Cousins,DeMarcus,Cousins,NOP,17,33.7,5.9,2.1,5.6,0.368,1.8,4.9,0.373,0.532,101,NA
201572,Brook Lopez,Brook,Lopez,BKN,75,29.7,5.9,2.2,5.6,0.388,1.6,4.6,0.343,0.529,444,NA
203109,Jae Crowder,Jae,Crowder,BOS,71,32.5,5.8,2.0,5.0,0.403,1.7,4.3,0.411,0.577,410,NA
201142,Kevin Durant,Kevin,Durant,GSW,61,33.5,5.8,2.2,4.6,0.477,1.4,3.4,0.417,0.629,356,NA
101112,Channing Frye,Channing,Frye,CLE,72,18.9,5.8,2.0,4.8,0.421,1.8,4.3,0.41,0.608,416,NA
2594,Kyle Korver,Kyle,Korver,ATL,32,27.9,5.8,2.1,4.8,0.441,1.6,3.7,0.437,0.612,186,NA
203496,Robert Covington,Robert,Covington,PHI,67,31.6,5.7,1.9,5.8,0.329,1.8,5.6,0.331,0.487,379,NA
203459,Allen Crabbe,Allen,Crabbe,POR,79,28.5,5.7,2.0,4.5,0.45,1.6,3.5,0.466,0.63,451,NA
201568,Danilo Gallinari,Danilo,Gallinari,DEN,62,34.0,5.7,2.0,5.0,0.405,1.7,4.2,0.411,0.576,356,NA
202083,Wesley Matthews,Wesley,Matthews,DAL,72,34.1,5.6,1.9,5.0,0.375,1.8,4.8,0.376,0.555,403,NA
202326,DeMarcus Cousins,DeMarcus,Cousins,TOTAL,72,34.2,5.5,2.0,5.2,0.381,1.5,4.1,0.368,0.525,397,NA
101141,Ersan Ilyasova,Ersan,Ilyasova,TOTAL,80,26.4,5.5,2.0,5.0,0.408,1.5,3.8,0.389,0.558,443,NA
202326,DeMarcus Cousins,DeMarcus,Cousins,SAC,55,34.4,5.4,2.0,5.1,0.385,1.4,3.9,0.366,0.523,296,NA
203506,Victor Oladipo,Victor,Oladipo,OKC,65,33.3,5.4,1.9,5.0,0.378,1.6,4.4,0.372,0.543,351,NA
203503,Tony Snell,Tony,Snell,MIL,79,29.2,5.4,1.9,4.5,0.416,1.7,4.1,0.415,0.608,429,NA
201143,Al Horford,Al,Horford,BOS,67,32.5,5.3,2.0,5.1,0.393,1.3,3.5,0.362,0.516,352,NA
202695,Kawhi Leonard,Kawhi,Leonard,SAS,72,33.5,5.3,2.0,4.3,0.46,1.4,3.2,0.43,0.619,385,NA
101107,Marvin Williams,Marvin,Williams,CHA,74,30.5,5.3,1.9,5.0,0.369,1.6,4.5,0.355,0.528,392,NA
204038,Langston Galloway,Langston,Galloway,NOP,55,20.4,5.2,1.8,4.5,0.405,1.6,3.9,0.407,0.581,287,NA
203914,Gary Harris,Gary,Harris,DEN,55,30.8,5.2,1.8,3.9,0.453,1.7,3.6,0.455,0.666,285,NA
203897,Zach LaVine,Zach,LaVine,MIN,47,37.2,5.2,1.8,4.2,0.424,1.7,3.9,0.431,0.621,246,NA
202340,Avery Bradley,Avery,Bradley,BOS,54,33.4,5.1,1.9,4.9,0.394,1.3,3.4,0.383,0.527,278,NA
203584,Troy Daniels,Troy,Daniels,MEM,66,17.6,5.1,1.8,4.7,0.38,1.5,4.1,0.378,0.545,336,NA
2200,Pau Gasol,Pau,Gasol,SAS,62,25.4,5.1,2.1,4.1,0.51,0.9,1.6,0.545,0.618,315,NA
1626163,Frank Kaminsky,Frank,Kaminsky,CHA,73,26.2,5.1,1.7,4.9,0.352,1.6,4.5,0.352,0.511,369,NA
200746,LaMarcus Aldridge,LaMarcus,Aldridge,SAS,70,32.4,5.0,2.4,5.5,0.432,0.3,0.7,0.438,0.459,351,NA
201587,Nicolas Batum,Nicolas,Batum,CHA,75,34.4,5.0,1.8,4.9,0.367,1.4,3.9,0.35,0.507,373,NA
203962,Josh Huestis,Josh,Huestis,OKC,1,6.9,5.0,2.0,3.0,0.667,1.0,2.0,0.5,0.833,5,NA
1626157,Karl-Anthony Towns,Karl-Anthony,Towns,MIN,80,36.9,5.0,1.9,4.5,0.427,1.1,2.9,0.388,0.553,396,NA
202330,Gordon Hayward,Gordon,Hayward,UTA,72,34.6,4.9,1.8,4.4,0.404,1.3,3.4,0.387,0.557,350,NA
203082,Terrence Ross,Terrence,Ross,TOTAL,76,25.1,4.9,1.7,4.6,0.375,1.4,3.9,0.368,0.532,369,NA
201980,Danny Green,Danny,Green,SAS,66,26.7,4.8,1.6,4.1,0.401,1.5,3.9,0.4,0.591,318,NA
204038,Langston Galloway,Langston,Galloway,TOTAL,72,19.8,4.8,1.7,3.9,0.424,1.4,3.4,0.426,0.608,344,NA
202703,Nikola Mirotic,Nikola,Mirotic,CHI,69,24.0,4.8,1.6,5.0,0.328,1.5,4.6,0.332,0.481,332,NA
203484,Kentavious Caldwell-Pope,Kentavious,Caldwell-Pope,DET,75,33.4,4.7,1.7,4.2,0.396,1.3,3.6,0.373,0.558,349,NA
203468,CJ McCollum,CJ,McCollum,POR,80,34.9,4.7,1.6,3.8,0.433,1.4,3.3,0.425,0.618,377,NA
202738,Isaiah Thomas,Isaiah,Thomas,BOS,75,34.0,4.7,1.6,3.9,0.407,1.5,3.6,0.406,0.593,350,NA
1626167,Myles Turner,Myles,Turner,IND,79,31.4,4.7,2.1,5.0,0.421,0.5,1.3,0.34,0.466,370,NA
202348,Jordan Crawford,Jordan,Crawford,NOP,17,23.5,4.6,1.6,3.6,0.435,1.5,3.4,0.431,0.637,79,NA
203501,Tim Hardaway Jr.,Tim,Hardaway Jr.,ATL,78,27.3,4.6,1.6,4.2,0.38,1.4,3.9,0.372,0.554,359,NA
202711,Bojan Bogdanovic,Bojan,Bogdanovic,WAS,25,22.9,4.5,1.6,4.0,0.39,1.4,3.7,0.376,0.565,113,NA
203076,Anthony Davis,Anthony,Davis,NOP,75,36.1,4.5,2.0,5.0,0.399,0.5,1.7,0.298,0.449,335,NA
NA,Jordan Farmar,Jordan,Farmar,SAC,2,17.7,4.5,1.5,2.5,0.6,1.5,2.5,0.6,0.9,9,NA
203095,Evan Fournier,Evan,Fournier,ORL,67,32.8,4.5,1.6,4.1,0.378,1.4,3.7,0.371,0.544,299,NA
202694,Marcus Morris,Marcus,Morris,DET,79,32.5,4.5,1.6,4.1,0.391,1.3,3.4,0.374,0.548,353,NA
202335,Patrick Patterson,Patrick,Patterson,TOR,64,24.8,4.5,1.5,4.1,0.375,1.4,3.8,0.368,0.546,285,NA
201589,Darrell Arthur,Darrell,Arthur,DEN,39,14.9,4.4,1.6,3.3,0.485,1.2,2.5,0.465,0.662,172,NA
202711,Bojan Bogdanovic,Bojan,Bogdanovic,TOTAL,79,25.8,4.4,1.5,3.8,0.395,1.4,3.6,0.391,0.58,349,NA
202711,Bojan Bogdanovic,Bojan,Bogdanovic,BKN,54,27.1,4.4,1.5,3.7,0.398,1.4,3.5,0.398,0.587,236,NA
203918,Rodney Hood,Rodney,Hood,UTA,58,27.0,4.4,1.5,3.7,0.42,1.4,3.3,0.423,0.608,258,NA
203079,Dion Waiters,Dion,Waiters,MIA,46,30.1,4.4,1.5,3.5,0.441,1.3,3.1,0.434,0.634,204,NA
1626164,Devin Booker,Devin,Booker,PHX,76,35.0,4.3,1.6,4.4,0.358,1.1,3.2,0.357,0.489,325,NA
201960,DeMarre Carroll,DeMarre,Carroll,TOR,70,26.3,4.3,1.5,4.3,0.346,1.4,4.1,0.337,0.505,304,NA
202699,Tobias Harris,Tobias,Harris,DET,81,31.3,4.3,1.5,4.1,0.37,1.3,3.6,0.358,0.529,349,NA
101141,Ersan Ilyasova,Ersan,Ilyasova,ATL,24,25.0,4.3,1.6,3.5,0.459,1.1,2.6,0.419,0.612,104,NA
204020,Tyler Johnson,Tyler,Johnson,MIA,71,29.9,4.3,1.5,4.1,0.379,1.2,3.1,0.382,0.524,304,NA
201229,Anthony Tolliver,Anthony,Tolliver,SAC,64,22.8,4.3,1.5,3.8,0.394,1.4,3.4,0.395,0.575,277,NA
202696,Nikola Vucevic,Nikola,Vucevic,ORL,74,28.7,4.3,2.0,5.0,0.402,0.3,1.0,0.282,0.429,320,NA
1713,Vince Carter,Vince,Carter,MEM,72,24.7,4.2,1.4,3.5,0.41,1.3,3.2,0.405,0.598,300,NA
203925,Joe Harris,Joe,Harris,BKN,51,21.9,4.2,1.4,3.6,0.396,1.3,3.4,0.395,0.582,212,NA
201584,Courtney Lee,Courtney,Lee,NYK,76,32.1,4.2,1.5,3.6,0.41,1.2,3.0,0.406,0.581,317,NA
203114,Khris Middleton,Khris,Middleton,MIL,28,30.5,4.2,1.5,3.5,0.429,1.2,2.9,0.432,0.607,119,NA
203926,Doug McDermott,Doug,McDermott,CHI,44,24.6,4.2,1.5,3.8,0.406,1.2,3.2,0.381,0.567,187,NA
203141,Mirza Teletovic,Mirza,Teletovic,MIL,68,16.0,4.2,1.4,4.0,0.35,1.4,3.9,0.353,0.522,286,NA
201162,Jared Dudley,Jared,Dudley,PHX,64,21.2,4.1,1.5,3.8,0.394,1.1,3.0,0.37,0.541,261,NA
200768,Kyle Lowry,Kyle,Lowry,TOR,58,37.7,4.1,1.4,3.3,0.417,1.3,3.2,0.422,0.62,238,NA
203081,Damian Lillard,Damian,Lillard,POR,75,35.9,4.1,1.5,3.2,0.464,1.1,2.5,0.432,0.636,304,NA
203953,Jabari Parker,Jabari,Parker,MIL,51,33.8,4.1,1.5,4.0,0.374,1.1,3.0,0.371,0.51,210,NA
203082,Terrence Ross,Terrence,Ross,TOR,53,22.3,4.1,1.4,4.0,0.347,1.3,3.6,0.358,0.509,217,NA
203967,Dario Saric,Dario,Saric,PHI,81,26.3,4.1,1.5,4.5,0.322,1.2,3.7,0.318,0.451,330,NA
202689,Kemba Walker,Kemba,Walker,CHA,79,34.7,4.1,1.4,2.9,0.474,1.3,2.8,0.472,0.696,323,NA
203084,Harrison Barnes,Harrison,Barnes,DAL,78,35.5,4.0,1.6,3.9,0.397,0.8,2.3,0.365,0.505,310,NA
201975,Jodie Meeks,Jodie,Meeks,ORL,35,20.6,4.0,1.4,3.2,0.425,1.3,2.9,0.427,0.619,140,NA
1627782,Wayne Selden,Wayne,Selden,NOP,3,15.6,4.0,1.3,2.3,0.571,1.3,2.3,0.571,0.857,12,NA
1627786,Troy Williams,Troy,Williams,HOU,5,27.2,4.0,1.4,4.0,0.35,1.2,3.8,0.316,0.5,20,NA
203518,Alex Abrines,Alex,Abrines,OKC,66,15.4,3.9,1.3,3.4,0.396,1.3,3.2,0.397,0.583,259,NA
201158,Marco Belinelli,Marco,Belinelli,CHA,74,24.1,3.9,1.5,3.7,0.401,0.9,2.4,0.389,0.529,290,NA
201163,Wilson Chandler,Wilson,Chandler,DEN,69,30.9,3.9,1.4,3.9,0.353,1.2,3.5,0.344,0.511,272,NA
203552,Seth Curry,Seth,Curry,DAL,69,29.1,3.9,1.3,3.2,0.405,1.2,3.1,0.406,0.599,266,NA
1627741,Buddy Hield,Buddy,Hield,SAC,23,28.6,3.9,1.3,3.4,0.38,1.3,3.2,0.397,0.563,89,NA
200794,Paul Millsap,Paul,Millsap,ATL,68,34.1,3.9,1.5,4.3,0.339,1.0,3.1,0.313,0.453,267,NA
201578,Marreese Speights,Marreese,Speights,LAC,81,15.7,3.9,1.3,3.5,0.373,1.2,3.2,0.38,0.544,312,NA
203954,Joel Embiid,Joel,Embiid,PHI,31,25.3,3.8,1.4,3.5,0.407,1.0,2.6,0.37,0.546,118,NA
201933,Blake Griffin,Blake,Griffin,LAC,60,34.1,3.8,1.6,4.0,0.408,0.5,1.4,0.376,0.475,228,NA
202681,Kyrie Irving,Kyrie,Irving,CLE,72,35.1,3.8,1.3,2.7,0.482,1.1,2.3,0.479,0.685,270,NA
203926,Doug McDermott,Doug,McDermott,TOTAL,66,22.8,3.8,1.3,3.4,0.392,1.1,2.9,0.376,0.553,251,NA
1626196,Josh Richardson,Josh,Richardson,MIA,51,30.0,3.8,1.3,4.2,0.319,1.2,3.5,0.333,0.46,196,NA
201160,Jason Smith,Jason,Smith,WAS,73,14.6,3.8,1.7,3.2,0.522,0.5,1.1,0.468,0.599,278,NA
201976,Patrick Beverley,Patrick,Beverley,HOU,66,30.7,3.7,1.2,3.1,0.396,1.2,3.1,0.399,0.592,245,NA
202337,Luke Babbitt,Luke,Babbitt,MIA,68,15.7,3.7,1.3,3.0,0.415,1.2,2.9,0.41,0.609,252,NA
200752,Rudy Gay,Rudy,Gay,SAC,30,33.7,3.7,1.3,3.6,0.374,1.1,2.9,0.372,0.523,112,NA
203200,Justin Holiday,Justin,Holiday,NYK,81,20.0,3.7,1.3,3.5,0.382,1.0,2.9,0.36,0.532,303,NA
201988,Patty Mills,Patty,Mills,SAS,79,22.0,3.7,1.3,3.1,0.407,1.2,2.8,0.409,0.597,290,NA
1626156,D'Angelo Russell,D'Angelo,Russell,LAL,63,28.8,3.7,1.3,3.2,0.392,1.1,3.0,0.376,0.564,230,NA
202329,Al-Farouq Aminu,Al-Farouq,Aminu,POR,61,29.1,3.6,1.2,3.5,0.352,1.1,3.3,0.338,0.512,218,NA
1627741,Buddy Hield,Buddy,Hield,TOTAL,80,22.8,3.6,1.2,3.0,0.403,1.2,2.9,0.413,0.599,291,NA
NA,Alex Poythress,Alex,Poythress,PHI,5,25.1,3.6,1.2,3.4,0.353,1.2,3.2,0.375,0.529,18,NA
200782,PJ Tucker,PJ,Tucker,TOR,23,26.3,3.6,1.3,2.7,0.46,1.0,2.4,0.429,0.651,82,NA
201967,Dante Cunningham,Dante,Cunningham,NOP,64,25.2,3.5,1.2,3.0,0.41,1.0,2.5,0.399,0.577,225,NA
201144,Mike Conley,Mike,Conley,MEM,68,33.4,3.5,1.2,2.8,0.432,1.1,2.4,0.444,0.621,236,NA
201588,George Hill,George,Hill,UTA,48,31.7,3.5,1.2,2.9,0.406,1.1,2.8,0.409,0.601,166,NA
1627741,Buddy Hield,Buddy,Hield,NOP,57,20.4,3.5,1.2,2.9,0.415,1.2,2.8,0.42,0.616,202,NA
202720,Jon Leuer,Jon,Leuer,DET,74,26.0,3.5,1.4,3.9,0.366,0.7,2.2,0.297,0.451,259,NA
202693,Markieff Morris,Markieff,Morris,WAS,76,31.0,3.5,1.3,3.5,0.371,0.9,2.4,0.37,0.496,265,NA
203917,Nik Stauskas,Nik,Stauskas,PHI,79,27.3,3.5,1.2,2.8,0.409,1.1,2.8,0.411,0.609,274,NA
202066,Garrett Temple,Garrett,Temple,SAC,64,26.6,3.5,1.2,3.1,0.38,1.1,2.8,0.387,0.555,222,NA
101114,Deron Williams,Deron,Williams,DAL,39,29.2,3.5,1.2,3.3,0.369,1.1,2.8,0.373,0.527,137,NA
201167,Arron Afflalo,Arron,Afflalo,SAC,60,25.7,3.4,1.3,2.9,0.432,0.9,2.1,0.43,0.588,207,NA
2440,Matt Barnes,Matt,Barnes,SAC,54,25.3,3.4,1.2,3.6,0.328,1.1,3.2,0.331,0.477,186,NA
204038,Langston Galloway,Langston,Galloway,SAC,17,18.0,3.4,1.2,2.1,0.556,1.0,1.8,0.567,0.792,57,NA
204060,Joe Ingles,Joe,Ingles,UTA,81,24.0,3.4,1.1,2.5,0.455,1.1,2.4,0.454,0.676,273,NA
2440,Matt Barnes,Matt,Barnes,TOTAL,74,24.0,3.3,1.1,3.4,0.343,1.0,3.0,0.338,0.494,245,NA
2399,Mike Dunleavy,Mike,Dunleavy,ATL,28,15.7,3.3,1.1,2.4,0.485,1.0,2.0,0.491,0.697,92,NA
203110,Draymond Green,Draymond,Green,GSW,76,32.6,3.3,1.1,3.5,0.323,1.0,3.2,0.32,0.473,249,NA
NA,Justin Harper,Justin,Harper,PHI,3,10.5,3.3,1.3,3.0,0.444,0.7,2.3,0.286,0.556,10,NA
203524,Solomon Hill,Solomon,Hill,NOP,78,29.7,3.3,1.1,3.0,0.375,1.1,2.9,0.376,0.56,260,NA
2207,Joe Johnson,Joe,Johnson,UTA,77,23.7,3.3,1.1,2.6,0.419,1.1,2.6,0.421,0.623,253,NA
203999,Nikola Jokic,Nikola,Jokic,DEN,70,27.9,3.3,1.4,2.9,0.473,0.5,1.5,0.355,0.567,228,NA
203930,Sean Kilpatrick,Sean,Kilpatrick,BKN,69,25.1,3.3,1.1,3.2,0.347,1.0,3.0,0.345,0.507,225,NA
203086,Meyers Leonard,Meyers,Leonard,POR,73,16.3,3.3,1.2,3.3,0.362,0.9,2.5,0.349,0.496,241,NA
203112,Quincy Acy,Quincy,Acy,BKN,32,16.0,3.2,1.1,2.5,0.443,1.0,2.3,0.432,0.646,102,NA
201609,Goran Dragic,Goran,Dragic,MIA,71,33.4,3.2,1.1,2.7,0.412,1.0,2.4,0.411,0.59,229,NA
201949,James Johnson,James,Johnson,MIA,74,27.2,3.2,1.1,2.8,0.393,1.0,2.6,0.386,0.57,235,NA
201627,Anthony Morrow,Anthony,Morrow,OKC,40,15.7,3.2,1.2,3.4,0.351,0.9,2.8,0.312,0.481,129,NA
203145,Kent Bazemore,Kent,Bazemore,ATL,72,27.0,3.1,1.1,3.1,0.35,0.9,2.7,0.349,0.5,223,NA
1627737,Marquese Chriss,Marquese,Chriss,PHX,79,21.1,3.1,1.1,3.2,0.349,0.8,2.6,0.322,0.476,243,NA
203210,JaMychal Green,JaMychal,Green,MEM,76,27.4,3.1,1.2,2.6,0.464,0.7,1.7,0.405,0.599,235,NA
203463,Ben McLemore,Ben,McLemore,SAC,59,19.0,3.1,1.1,2.9,0.396,0.8,2.3,0.376,0.544,184,NA
202697,Iman Shumpert,Iman,Shumpert,CLE,74,25.3,3.1,1.1,3.0,0.35,1.0,2.8,0.357,0.518,231,NA
2440,Matt Barnes,Matt,Barnes,GSW,20,20.5,3.0,1.0,2.6,0.396,0.8,2.4,0.362,0.557,59,NA
201956,Omri Casspi,Omri,Casspi,NOP,1,23.7,3.0,1.0,3.0,0.333,1.0,3.0,0.333,0.5,3,NA
203476,Gorgui Dieng,Gorgui,Dieng,MIN,80,32.4,3.0,1.4,3.1,0.45,0.2,0.4,0.441,0.48,239,NA
203120,Justin Hamilton,Justin,Hamilton,BKN,62,18.1,3.0,1.0,3.0,0.342,0.9,2.7,0.331,0.489,183,NA
101141,Ersan Ilyasova,Ersan,Ilyasova,OKC,3,20.7,3.0,1.0,4.0,0.25,1.0,4.0,0.25,0.375,9,NA
201627,Anthony Morrow,Anthony,Morrow,TOTAL,48,14.8,3.0,1.1,3.0,0.359,0.8,2.6,0.325,0.497,144,NA
203488,Mike Muscala,Mike,Muscala,ATL,68,17.6,3.0,1.2,2.8,0.428,0.6,1.5,0.417,0.543,203,NA
203935,Marcus Smart,Marcus,Smart,BOS,78,30.4,3.0,1.0,3.3,0.309,1.0,3.1,0.31,0.456,236,NA
1627756,Denzel Valentine,Denzel,Valentine,CHI,56,17.3,3.0,1.0,2.6,0.386,1.0,2.6,0.382,0.576,167,NA
101150,Lou Williams,Lou,Williams,HOU,22,25.7,3.0,1.0,2.9,0.359,1.0,2.7,0.35,0.523,67,NA
203952,Andrew Wiggins,Andrew,Wiggins,MIN,80,37.3,3.0,1.1,2.6,0.417,0.9,2.1,0.406,0.586,239,NA
202722,Davis Bertans,Davis,Bertans,SAS,65,12.2,2.9,1.0,2.4,0.403,0.9,2.3,0.409,0.594,189,NA
1938,Manu Ginobili,Manu,Ginobili,SAS,67,18.7,2.9,1.0,2.6,0.374,0.9,2.4,0.388,0.552,192,NA
202391,Jeremy Lin,Jeremy,Lin,BKN,35,24.5,2.9,1.0,2.4,0.412,0.9,2.2,0.395,0.588,100,NA
202734,E'Twaun Moore,E'Twaun,Moore,NOP,72,25.1,2.9,1.0,2.6,0.374,0.9,2.4,0.37,0.542,206,NA
203926,Doug McDermott,Doug,McDermott,OKC,22,19.3,2.9,1.0,2.8,0.355,0.9,2.5,0.364,0.516,64,NA
201575,Brandon Rush,Brandon,Rush,MIN,45,21.9,2.9,1.0,2.5,0.398,0.9,2.3,0.4,0.584,132,NA
203085,Austin Rivers,Austin,Rivers,LAC,74,27.8,2.9,1.0,2.4,0.399,0.9,2.4,0.402,0.596,212,NA
200782,PJ Tucker,PJ,Tucker,TOTAL,78,27.9,2.9,1.0,2.6,0.397,0.8,2.2,0.374,0.56,223,NA
202498,Lance Thomas,Lance,Thomas,NYK,46,21.1,2.9,1.1,2.4,0.445,0.8,1.7,0.462,0.614,135,NA
101114,Deron Williams,Deron,Williams,TOTAL,61,25.5,2.9,1.0,2.6,0.381,0.9,2.2,0.382,0.544,174,NA
101150,Lou Williams,Lou,Williams,TOTAL,80,24.7,2.9,1.0,2.6,0.386,0.9,2.4,0.38,0.563,233,NA
101150,Lou Williams,Lou,Williams,LAL,58,24.2,2.9,1.0,2.5,0.399,0.9,2.3,0.394,0.58,166,NA
203112,Quincy Acy,Quincy,Acy,TOTAL,38,14.7,2.8,0.9,2.3,0.409,0.9,2.1,0.407,0.597,105,NA
203115,Will Barton,Will,Barton,DEN,59,28.3,2.8,0.9,2.7,0.357,0.9,2.5,0.354,0.522,164,NA
2399,Mike Dunleavy,Mike,Dunleavy,TOTAL,51,15.8,2.8,1.0,2.3,0.422,0.9,2.1,0.429,0.616,143,NA
NA,Jarell Eddie,Jarell,Eddie,PHX,5,12.5,2.8,1.0,2.6,0.385,0.8,2.4,0.333,0.538,14,NA
203090,Maurice Harkless,Maurice,Harkless,POR,76,28.9,2.8,0.9,2.6,0.369,0.9,2.4,0.376,0.544,212,NA
1626168,Trey Lyles,Trey,Lyles,UTA,70,16.4,2.8,1.0,2.8,0.349,0.9,2.6,0.333,0.505,197,NA
203585,Rodney McGruder,Rodney,McGruder,MIA,76,25.2,2.8,1.0,2.8,0.346,0.9,2.6,0.351,0.507,214,NA
1627750,Jamal Murray,Jamal,Murray,DEN,79,21.2,2.8,1.0,2.6,0.365,0.9,2.5,0.36,0.536,223,NA
2749,Jameer Nelson,Jameer,Nelson,DEN,74,27.1,2.8,1.0,2.1,0.449,0.9,1.9,0.448,0.652,206,NA
203482,Kelly Olynyk,Kelly,Olynyk,BOS,74,20.5,2.8,1.0,2.6,0.372,0.9,2.3,0.373,0.533,209,NA
203471,Dennis Schroder,Dennis,Schroder,ATL,78,31.5,2.8,1.1,2.4,0.432,0.7,1.9,0.387,0.584,222,NA
201936,Tyreke Evans,Tyreke,Evans,SAC,14,22.5,2.7,0.9,1.9,0.5,0.9,1.7,0.5,0.731,38,NA
201945,Gerald Henderson,Gerald,Henderson,PHI,71,23.1,2.7,1.0,2.5,0.376,0.8,2.1,0.377,0.528,191,NA
201577,Robin Lopez,Robin,Lopez,CHI,80,28.1,2.7,1.4,3.0,0.454,0.0,0.0,0.0,0.454,218,NA
201954,Darren Collison,Darren,Collison,SAC,68,30.4,2.6,0.9,2.0,0.463,0.8,1.7,0.478,0.662,180,NA
203903,Jordan Clarkson,Jordan,Clarkson,LAL,80,29.3,2.6,0.9,2.5,0.35,0.8,2.3,0.349,0.51,207,NA
203521,Matthew Dellavedova,Matthew,Dellavedova,MIL,75,26.1,2.6,0.9,2.3,0.385,0.8,2.1,0.383,0.555,193,NA
202324,Derrick Favors,Derrick,Favors,UTA,49,23.8,2.6,1.3,3.0,0.426,0.1,0.2,0.3,0.436,129,NA
1627812,Yogi Ferrell,Yogi,Ferrell,DAL,34,28.9,2.6,0.9,2.0,0.441,0.9,2.0,0.433,0.654,89,NA
203932,Aaron Gordon,Aaron,Gordon,ORL,79,28.7,2.6,0.9,2.9,0.323,0.7,2.4,0.312,0.451,204,NA
201935,James Harden,James,Harden,HOU,80,36.4,2.6,0.9,2.3,0.38,0.8,2.3,0.376,0.561,210,NA
1626144,Emmanuel Mudiay,Emmanuel,Mudiay,DEN,54,25.5,2.6,0.9,2.4,0.364,0.8,2.3,0.358,0.53,140,NA
201937,Ricky Rubio,Ricky,Rubio,MIN,74,32.9,2.6,0.9,2.8,0.338,0.7,2.2,0.321,0.468,191,NA
203922,Glenn Robinson III,Glenn,Robinson III,IND,68,20.5,2.6,1.0,2.2,0.431,0.7,1.7,0.409,0.585,179,NA
1891,Jason Terry,Jason,Terry,MIL,72,18.6,2.6,0.9,2.1,0.426,0.8,2.0,0.426,0.628,186,NA
200782,PJ Tucker,PJ,Tucker,PHX,55,28.6,2.6,0.9,2.5,0.368,0.7,2.1,0.347,0.518,141,NA
202357,Nemanja Bjelica,Nemanja,Bjelica,MIN,65,18.3,2.5,0.9,2.5,0.344,0.8,2.4,0.335,0.503,164,NA
1627763,Malcolm Brogdon,Malcolm,Brogdon,MIL,73,26.4,2.5,0.9,2.1,0.417,0.8,1.9,0.438,0.616,186,NA
201177,Josh McRoberts,Josh,McRoberts,MIA,22,17.0,2.5,1.0,2.3,0.42,0.5,1.3,0.429,0.54,54,NA
1627734,Domantas Sabonis,Domantas,Sabonis,OKC,79,20.0,2.5,0.9,2.7,0.357,0.6,1.9,0.333,0.474,199,NA
NA,Hollis Thompson,Hollis,Thompson,PHI,31,18.1,2.5,0.9,2.4,0.36,0.8,2.1,0.385,0.527,79,NA
202710,Jimmy Butler,Jimmy,Butler,CHI,75,37.0,2.4,0.9,2.2,0.411,0.6,1.5,0.396,0.546,178,NA
2738,Andre Iguodala,Andre,Iguodala,GSW,76,26.4,2.4,0.8,2.2,0.375,0.7,2.0,0.364,0.542,182,NA
202362,Lance Stephenson,Lance,Stephenson,IND,5,21.8,2.4,0.8,1.4,0.571,0.8,1.0,0.8,0.857,12,NA
NA,Hollis Thompson,Hollis,Thompson,TOTAL,40,18.8,2.4,0.8,2.5,0.32,0.8,2.2,0.341,0.47,94,NA
201571,D.J. Augustin,D.J.,Augustin,ORL,77,19.8,2.3,0.8,1.9,0.399,0.8,1.9,0.401,0.598,177,NA
202339,Eric Bledsoe,Eric,Bledsoe,PHX,64,33.0,2.3,0.8,2.1,0.368,0.7,1.9,0.379,0.54,147,NA
203493,Reggie Bullock,Reggie,Bullock,DET,30,14.6,2.3,0.8,2.4,0.338,0.7,2.2,0.338,0.493,70,NA
2736,Luol Deng,Luol,Deng,LAL,56,26.5,2.3,0.8,2.6,0.301,0.7,2.2,0.325,0.442,129,NA
1627812,Yogi Ferrell,Yogi,Ferrell,TOTAL,44,25.8,2.3,0.8,1.8,0.42,0.8,1.8,0.418,0.623,101,NA
2210,Richard Jefferson,Richard,Jefferson,CLE,77,20.3,2.3,0.8,2.2,0.351,0.8,2.1,0.36,0.52,178,NA
200757,Thabo Sefolosha,Thabo,Sefolosha,ATL,60,25.9,2.3,0.8,2.4,0.357,0.6,1.7,0.356,0.486,139,NA
201566,Russell Westbrook,Russell,Westbrook,OKC,80,34.8,2.3,0.8,2.2,0.366,0.7,1.8,0.379,0.517,181,NA
2037,Jamal Crawford,Jamal,Crawford,LAC,81,26.4,2.2,0.8,2.2,0.358,0.7,1.9,0.355,0.514,181,NA
203546,Ian Clark,Ian,Clark,GSW,76,14.7,2.2,0.8,1.7,0.439,0.7,1.6,0.421,0.633,167,NA
2399,Mike Dunleavy,Mike,Dunleavy,CLE,23,15.9,2.2,0.7,2.2,0.34,0.7,2.1,0.354,0.51,51,NA
1626155,Sam Dekker,Sam,Dekker,HOU,77,18.5,2.2,0.7,2.2,0.337,0.7,2.1,0.329,0.497,168,NA
201145,Jeff Green,Jeff,Green,ORL,69,22.1,2.2,0.8,2.5,0.306,0.6,2.2,0.293,0.434,150,NA
1626158,Richaun Holmes,Richaun,Holmes,PHI,56,20.7,2.2,0.9,2.2,0.397,0.5,1.3,0.37,0.508,123,NA
1627823,Juan Hernangomez,Juan,Hernangomez,DEN,59,13.0,2.2,0.7,1.7,0.43,0.7,1.6,0.438,0.64,128,NA
2544,LeBron James,LeBron,James,CLE,74,37.8,2.2,0.8,1.9,0.397,0.6,1.6,0.407,0.567,160,NA
1626171,Bobby Portis,Bobby,Portis,CHI,63,15.5,2.2,0.8,2.2,0.376,0.5,1.4,0.352,0.486,137,NA
1626166,Cameron Payne,Cameron,Payne,CHI,11,12.9,2.2,0.7,2.3,0.32,0.7,2.2,0.333,0.48,24,NA
203933,TJ Warren,TJ,Warren,PHX,63,31.1,2.2,0.9,2.3,0.4,0.3,1.2,0.276,0.472,137,NA
1626147,Justin Anderson,Justin,Anderson,PHI,23,21.0,2.1,0.7,2.7,0.274,0.7,2.5,0.263,0.395,49,NA
200751,Randy Foye,Randy,Foye,BKN,67,18.8,2.1,0.7,2.0,0.359,0.7,1.9,0.367,0.538,141,NA
1627827,Dorian Finney-Smith,Dorian,Finney-Smith,DAL,78,20.2,2.1,0.7,2.3,0.306,0.7,2.2,0.305,0.453,163,NA
2734,Devin Harris,Devin,Harris,DAL,62,16.6,2.1,0.7,1.9,0.376,0.7,1.9,0.371,0.56,131,NA
201150,Spencer Hawes,Spencer,Hawes,CHA,35,17.9,2.1,0.8,2.3,0.367,0.4,1.5,0.294,0.462,73,NA
1626162,Kelly Oubre Jr.,Kelly,Oubre Jr.,WAS,78,20.1,2.1,0.7,2.3,0.313,0.6,2.1,0.294,0.447,160,NA
2216,Zach Randolph,Zach,Randolph,MEM,72,24.6,2.1,0.9,2.8,0.338,0.2,1.1,0.225,0.383,154,NA
200765,Rajon Rondo,Rajon,Rondo,CHI,68,26.8,2.1,0.8,1.9,0.398,0.6,1.5,0.402,0.559,143,NA
202682,Derrick Williams,Derrick,Williams,CLE,23,17.0,2.1,0.7,1.9,0.364,0.7,1.8,0.381,0.545,48,NA
201152,Thaddeus Young,Thaddeus,Young,IND,72,30.1,2.1,0.8,2.1,0.355,0.6,1.6,0.384,0.497,151,NA
1627835,Paul Zipser,Paul,Zipser,CHI,43,19.0,2.1,0.7,2.1,0.344,0.7,1.9,0.346,0.5,90,NA
1627733,Dragan Bender,Dragan,Bender,PHX,40,13.1,2.0,0.7,2.3,0.29,0.6,2.2,0.291,0.425,79,NA
203516,James Ennis III,James,Ennis III,MEM,64,23.4,2.0,0.7,1.9,0.37,0.7,1.8,0.381,0.55,131,NA
203957,Dante Exum,Dante,Exum,UTA,65,18.6,2.0,0.7,2.0,0.341,0.6,2.0,0.331,0.5,132,NA
203924,Jerami Grant,Jerami,Grant,PHI,2,20.6,2.0,1.0,4.0,0.25,0.0,1.0,0.0,0.25,4,NA
1626209,Mario Hezonja,Mario,Hezonja,ORL,64,14.7,2.0,0.7,2.3,0.315,0.5,1.8,0.31,0.435,127,NA
1627742,Brandon Ingram,Brandon,Ingram,LAL,77,28.9,2.0,0.7,2.2,0.312,0.6,2.0,0.305,0.448,155,NA
1627851,Mindaugas Kuzminskas,Mindaugas,Kuzminskas,NYK,67,14.9,2.0,0.7,2.1,0.317,0.7,2.1,0.319,0.475,135,NA
1627747,Caris LeVert,Caris,LeVert,BKN,55,21.7,2.0,0.7,2.0,0.343,0.7,1.9,0.352,0.514,111,NA
203530,Joffrey Lauvergne,Joffrey,Lauvergne,OKC,50,14.8,2.0,0.7,2.0,0.37,0.5,1.5,0.355,0.505,101,NA
1627789,Timothe Luwawu-Cabarrot,Timothe,Luwawu-Cabarrot,PHI,68,17.2,2.0,0.7,2.1,0.317,0.7,2.1,0.322,0.476,138,NA
201601,Luc Mbah a Moute,Luc,Mbah a Moute,LAC,79,22.2,2.0,0.8,1.9,0.408,0.5,1.2,0.381,0.534,157,NA
1718,Paul Pierce,Paul,Pierce,LAC,24,11.5,2.0,0.7,1.8,0.405,0.6,1.6,0.395,0.583,49,NA
1626166,Cameron Payne,Cameron,Payne,TOTAL,31,14.9,2.0,0.7,1.9,0.356,0.7,1.8,0.368,0.534,63,NA
1626166,Cameron Payne,Cameron,Payne,OKC,20,16.0,2.0,0.6,1.7,0.382,0.6,1.6,0.394,0.574,39,NA
NA,Reggie Williams,Reggie,Williams,NOP,6,13.3,2.0,0.7,1.7,0.4,0.7,1.5,0.444,0.6,12,NA
1626147,Justin Anderson,Justin,Anderson,TOTAL,73,16.3,1.9,0.7,2.2,0.293,0.6,2.1,0.296,0.43,141,NA
200826,J.J. Barea,J.J.,Barea,DAL,33,22.0,1.9,0.7,1.4,0.489,0.6,1.2,0.488,0.711,64,NA
201942,DeMar DeRozan,DeMar,DeRozan,TOR,73,35.5,1.9,0.8,2.2,0.346,0.3,1.1,0.312,0.42,136,NA
101123,Gerald Green,Gerald,Green,BOS,46,11.2,1.9,0.7,1.8,0.37,0.6,1.6,0.375,0.537,87,NA
201959,Taj Gibson,Taj,Gibson,CHI,55,27.3,1.9,0.9,2.4,0.391,0.0,0.2,0.167,0.398,106,NA
NA,Jonathan Gibson,Jonathan,Gibson,DAL,17,13.6,1.9,0.6,1.6,0.393,0.6,1.6,0.37,0.571,32,NA
201627,Anthony Morrow,Anthony,Morrow,CHI,8,10.4,1.9,0.6,1.4,0.455,0.6,1.4,0.455,0.682,15,NA
202718,Chandler Parsons,Chandler,Parsons,MEM,34,19.8,1.9,0.7,2.6,0.264,0.5,2.0,0.265,0.368,64,NA
1626181,Norman Powell,Norman,Powell,TOR,74,17.6,1.9,0.6,1.9,0.322,0.6,1.9,0.331,0.483,138,NA
1626179,Terry Rozier,Terry,Rozier,BOS,73,17.3,1.9,0.7,1.8,0.377,0.6,1.6,0.367,0.546,142,NA
1626147,Justin Anderson,Justin,Anderson,DAL,50,14.2,1.8,0.6,2.0,0.304,0.6,1.9,0.316,0.451,92,NA
101145,Monta Ellis,Monta,Ellis,IND,72,27.1,1.8,0.7,1.9,0.346,0.5,1.5,0.324,0.478,130,NA
1627740,Henry Ellenson,Henry,Ellenson,DET,18,7.1,1.8,0.7,1.9,0.343,0.5,1.7,0.29,0.471,33,NA
201959,Taj Gibson,Taj,Gibson,TOTAL,77,25.5,1.8,0.9,2.4,0.374,0.0,0.2,0.231,0.382,139,NA
203924,Jerami Grant,Jerami,Grant,TOTAL,78,19.1,1.8,0.6,1.7,0.388,0.5,1.4,0.387,0.547,141,NA
203924,Jerami Grant,Jerami,Grant,OKC,76,19.1,1.8,0.6,1.6,0.397,0.5,1.4,0.394,0.566,137,NA
201150,Spencer Hawes,Spencer,Hawes,TOTAL,53,14.7,1.8,0.7,1.9,0.35,0.4,1.4,0.306,0.456,94,NA
201973,Jonas Jerebko,Jonas,Jerebko,BOS,77,16.0,1.8,0.6,1.7,0.375,0.6,1.6,0.366,0.551,141,NA
202709,Cory Joseph,Cory,Joseph,TOR,78,25.3,1.8,0.6,1.6,0.413,0.5,1.3,0.39,0.583,141,NA
203087,Jeremy Lamb,Jeremy,Lamb,CHA,60,18.2,1.8,0.7,1.9,0.366,0.5,1.4,0.329,0.491,110,NA
203530,Joffrey Lauvergne,Joffrey,Lauvergne,TOTAL,69,14.1,1.8,0.6,1.9,0.338,0.5,1.4,0.344,0.465,121,NA
203498,Shabazz Muhammad,Shabazz,Muhammad,MIN,76,19.4,1.8,0.6,1.9,0.329,0.6,1.7,0.333,0.479,140,NA
203948,Johnny O'Bryant III,Johnny,O'Bryant III,CHA,4,8.6,1.8,0.8,1.8,0.429,0.2,0.8,0.333,0.5,7,NA
202682,Derrick Williams,Derrick,Williams,TOTAL,48,16.0,1.8,0.7,2.1,0.323,0.5,1.6,0.291,0.439,87,NA
202322,John Wall,John,Wall,WAS,78,36.1,1.8,0.6,1.7,0.351,0.6,1.6,0.366,0.523,137,NA
1627759,Jaylen Brown,Jaylen,Brown,BOS,77,17.2,1.7,0.6,1.6,0.372,0.5,1.5,0.368,0.545,132,NA
2592,James Jones,James,Jones,CLE,47,7.3,1.7,0.6,1.1,0.528,0.5,1.0,0.533,0.755,80,NA
202704,Reggie Jackson,Reggie,Jackson,DET,52,27.4,1.7,0.6,1.6,0.366,0.5,1.4,0.373,0.537,88,NA
1627746,Skal Labissiere,Skal,Labissiere,SAC,31,17.8,1.7,0.8,1.5,0.556,0.1,0.2,0.429,0.589,53,NA
1626204,Larry Nance Jr.,Larry,Nance Jr.,LAL,61,22.6,1.7,0.8,2.0,0.376,0.1,0.5,0.276,0.408,102,NA
200771,Sergio Rodriguez,Sergio,Rodriguez,PHI,68,22.3,1.7,0.6,1.5,0.386,0.5,1.4,0.389,0.569,115,NA
201952,Jeff Teague,Jeff,Teague,IND,80,32.4,1.7,0.6,1.5,0.374,0.6,1.5,0.376,0.553,136,NA
NA,Marcus Thornton,Marcus,Thornton,WAS,33,17.4,1.7,0.6,1.8,0.339,0.5,1.5,0.327,0.475,56,NA
NA,Hollis Thompson,Hollis,Thompson,NOP,9,21.2,1.7,0.6,2.8,0.2,0.6,2.6,0.217,0.3,15,NA
2561,David West,David,West,GSW,67,12.5,1.7,0.8,1.6,0.509,0.0,0.1,0.429,0.523,113,NA
101114,Deron Williams,Deron,Williams,CLE,22,18.9,1.7,0.6,1.4,0.433,0.5,1.2,0.423,0.617,37,NA
1627786,Troy Williams,Troy,Williams,TOTAL,29,19.1,1.7,0.6,1.9,0.304,0.6,1.9,0.296,0.446,50,NA
201563,Michael Beasley,Michael,Beasley,MIL,54,16.4,1.6,0.7,1.5,0.456,0.3,0.6,0.457,0.557,88,NA
101181,Jose Calderon,Jose,Calderon,LAL,24,12.1,1.6,0.6,1.3,0.438,0.5,1.2,0.393,0.609,39,NA
1626170,Jerian Grant,Jerian,Grant,CHI,62,16.2,1.6,0.6,1.5,0.372,0.5,1.5,0.352,0.543,102,NA
NA,Terrence Jones,Terrence,Jones,NOP,51,24.8,1.6,0.6,1.9,0.333,0.3,1.2,0.288,0.422,81,NA
1626169,Stanley Johnson,Stanley,Johnson,DET,76,17.8,1.6,0.5,1.7,0.303,0.5,1.6,0.317,0.451,119,NA
203909,KJ McDaniels,KJ,McDaniels,BKN,19,14.1,1.6,0.5,1.6,0.323,0.5,1.6,0.323,0.484,30,NA
1627748,Thon Maker,Thon,Maker,MIL,55,9.5,1.6,0.5,1.5,0.357,0.5,1.2,0.403,0.518,87,NA
101108,Chris Paul,Chris,Paul,LAC,60,31.5,1.6,0.6,1.2,0.459,0.5,1.1,0.477,0.669,99,NA
1627752,Taurean Prince,Taurean,Prince,ATL,57,16.4,1.6,0.6,1.5,0.379,0.5,1.4,0.354,0.54,94,NA
203460,Andre Roberson,Andre,Roberson,OKC,79,30.1,1.6,0.5,2.3,0.24,0.5,2.2,0.246,0.36,129,NA
202685,Jonas Valanciunas,Jonas,Valanciunas,TOR,78,26.0,1.6,0.8,1.7,0.496,0.0,0.0,0.0,0.496,128,NA
1626173,Rashad Vaughn,Rashad,Vaughn,MIL,39,10.7,1.6,0.6,1.8,0.31,0.5,1.6,0.286,0.437,62,NA
2548,Dwyane Wade,Dwyane,Wade,CHI,59,30.0,1.6,0.7,1.6,0.411,0.3,0.9,0.321,0.505,96,NA
202682,Derrick Williams,Derrick,Williams,MIA,25,15.1,1.6,0.6,2.2,0.291,0.3,1.5,0.189,0.355,39,NA
NA,Anthony Bennett,Anthony,Bennett,BKN,22,11.1,1.5,0.5,1.9,0.268,0.5,1.9,0.268,0.402,33,NA
201956,Omri Casspi,Omri,Casspi,SAC,22,18.0,1.5,0.5,1.0,0.524,0.5,0.9,0.5,0.762,32,NA
201959,Taj Gibson,Taj,Gibson,OKC,22,20.9,1.5,0.7,2.2,0.327,0.0,0.0,1.0,0.337,33,NA
2743,Kris Humphries,Kris,Humphries,ATL,54,12.1,1.5,0.6,1.7,0.352,0.3,0.9,0.37,0.445,81,NA
202325,Wesley Johnson,Wesley,Johnson,LAC,67,12.0,1.5,0.6,1.9,0.291,0.4,1.7,0.252,0.402,102,NA
NA,Terrence Jones,Terrence,Jones,TOTAL,54,23.6,1.5,0.6,1.8,0.333,0.3,1.1,0.288,0.422,81,NA
1627848,Shawn Long,Shawn,Long,PHI,17,12.8,1.5,0.5,1.1,0.5,0.4,0.8,0.5,0.694,25,NA
202389,Timofey Mozgov,Timofey,Mozgov,LAL,54,20.4,1.5,0.8,1.6,0.488,0.0,0.0,0.0,0.488,82,NA
1627775,Patrick McCaw,Patrick,McCaw,GSW,70,15.0,1.5,0.5,1.6,0.336,0.5,1.4,0.333,0.486,107,NA
2225,Tony Parker,Tony,Parker,SAS,61,25.1,1.5,0.6,1.4,0.429,0.3,1.0,0.356,0.554,93,NA
202692,Alec Burks,Alec,Burks,UTA,41,15.8,1.4,0.5,1.3,0.365,0.4,1.2,0.367,0.538,56,NA
1627852,Nicolas Brussino,Nicolas,Brussino,DAL,52,8.8,1.4,0.5,1.6,0.293,0.4,1.4,0.311,0.433,71,NA
101181,Jose Calderon,Jose,Calderon,TOTAL,39,12.6,1.4,0.5,1.3,0.373,0.4,1.2,0.348,0.529,54,NA
203477,Isaiah Canaan,Isaiah,Canaan,CHI,39,15.2,1.4,0.5,1.8,0.271,0.5,1.7,0.273,0.4,56,NA
201936,Tyreke Evans,Tyreke,Evans,TOTAL,40,19.7,1.4,0.5,1.2,0.4,0.4,1.2,0.383,0.58,58,NA
201943,Brandon Jennings,Brandon,Jennings,NYK,58,24.7,1.4,0.5,1.3,0.373,0.4,1.2,0.361,0.547,82,NA
NA,Jordan McRae,Jordan,McRae,CLE,37,10.4,1.4,0.5,1.2,0.409,0.5,1.1,0.415,0.602,53,NA
203124,Kyle O'Quinn,Kyle,O'Quinn,NYK,78,15.6,1.4,0.7,1.7,0.406,0.0,0.2,0.083,0.41,109,NA
203948,Johnny O'Bryant III,Johnny,O'Bryant III,TOTAL,11,7.4,1.4,0.5,1.1,0.5,0.3,0.5,0.5,0.625,15,NA
203939,Dwight Powell,Dwight,Powell,DAL,74,17.1,1.4,0.6,1.8,0.319,0.2,0.8,0.304,0.381,103,NA
NA,Jared Sullinger,Jared,Sullinger,TOR,11,10.7,1.4,0.5,2.2,0.25,0.3,1.5,0.176,0.312,15,NA
1626159,Justise Winslow,Justise,Winslow,MIA,18,34.7,1.4,0.6,2.6,0.213,0.3,1.6,0.207,0.277,26,NA
203507,Giannis Antetokounmpo,Giannis,Antetokounmpo,MIL,79,35.5,1.3,0.5,1.6,0.299,0.4,1.3,0.288,0.417,106,NA
2571,Leandro Barbosa,Leandro,Barbosa,PHX,65,14.3,1.3,0.4,1.2,0.362,0.4,1.0,0.353,0.512,82,NA
201166,Aaron Brooks,Aaron,Brooks,IND,63,13.5,1.3,0.4,1.1,0.394,0.4,1.0,0.369,0.563,80,NA
NA,Anthony Brown,Anthony,Brown,NOP,9,15.9,1.3,0.4,2.3,0.19,0.4,2.3,0.19,0.286,12,NA
203504,Trey Burke,Trey,Burke,WAS,56,12.0,1.3,0.5,1.0,0.456,0.3,0.8,0.422,0.623,71,NA
201943,Brandon Jennings,Brandon,Jennings,TOTAL,80,22.1,1.3,0.4,1.1,0.385,0.4,1.1,0.368,0.56,102,NA
202688,Brandon Knight,Brandon,Knight,PHX,53,21.2,1.3,0.4,1.3,0.329,0.4,1.3,0.328,0.486,68,NA
NA,Nicolas Laprovittola,Nicolas,Laprovittola,SAS,18,9.7,1.3,0.4,0.9,0.5,0.4,0.9,0.5,0.75,24,NA
203094,Andrew Nicholson,Andrew,Nicholson,BKN,9,9.8,1.3,0.6,1.4,0.385,0.2,1.0,0.222,0.462,12,NA
202323,Evan Turner,Evan,Turner,POR,64,25.6,1.3,0.5,1.7,0.273,0.4,1.6,0.248,0.386,85,NA
101109,Raymond Felton,Raymond,Felton,LAC,79,21.3,1.2,0.4,1.1,0.364,0.4,1.1,0.357,0.534,94,NA
1627812,Yogi Ferrell,Yogi,Ferrell,BKN,10,15.2,1.2,0.4,1.3,0.308,0.4,1.2,0.333,0.462,12,NA
1627854,Bryn Forbes,Bryn,Forbes,SAS,35,8.0,1.2,0.4,1.3,0.326,0.3,1.1,0.316,0.457,42,NA
201150,Spencer Hawes,Spencer,Hawes,MIL,18,8.5,1.2,0.4,1.3,0.292,0.4,1.2,0.333,0.438,21,NA
201950,Jrue Holiday,Jrue,Holiday,NOP,65,33.0,1.2,0.4,1.3,0.329,0.4,1.2,0.312,0.476,78,NA
202683,Enes Kanter,Enes,Kanter,OKC,70,21.3,1.2,0.6,1.7,0.345,0.1,0.5,0.143,0.366,87,NA
202714,Shelvin Mack,Shelvin,Mack,UTA,54,21.8,1.2,0.4,1.2,0.328,0.4,1.2,0.317,0.478,64,NA
203901,Elfrid Payton,Elfrid,Payton,ORL,81,29.3,1.2,0.4,1.6,0.254,0.4,1.5,0.254,0.373,97,NA
1626184,Chasson Randle,Chasson,Randle,TOTAL,25,11.0,1.2,0.4,1.2,0.323,0.4,1.2,0.333,0.484,30,NA
1626184,Chasson Randle,Chasson,Randle,NYK,17,11.8,1.2,0.4,1.2,0.333,0.4,1.2,0.333,0.5,21,NA
203944,Julius Randle,Julius,Randle,LAL,72,29.1,1.2,0.5,1.3,0.361,0.2,0.8,0.296,0.443,86,NA
204014,Damjan Rudez,Damjan,Rudez,ORL,45,7.0,1.2,0.4,1.4,0.306,0.4,1.2,0.286,0.435,54,NA
NA,Luis Scola,Luis,Scola,BKN,35,12.7,1.2,0.4,1.3,0.318,0.4,1.1,0.359,0.477,42,NA
NA,Rodney Stuckey,Rodney,Stuckey,IND,39,17.8,1.2,0.4,1.3,0.327,0.3,1.2,0.289,0.452,47,NA
1627782,Wayne Selden,Wayne,Selden,TOTAL,13,15.8,1.2,0.4,1.5,0.25,0.4,1.5,0.25,0.375,15,NA
2756,Sasha Vujacic,Sasha,Vujacic,NYK,41,9.5,1.2,0.5,1.6,0.292,0.3,1.2,0.24,0.385,50,NA
1627786,Troy Williams,Troy,Williams,MEM,24,17.4,1.2,0.4,1.5,0.278,0.4,1.5,0.286,0.417,30,NA
1627785,Isaiah Whitehead,Isaiah,Whitehead,BKN,72,22.5,1.2,0.4,1.1,0.385,0.4,1.0,0.4,0.577,90,NA
203923,James Young,James,Young,BOS,28,7.8,1.2,0.4,1.2,0.343,0.4,1.2,0.333,0.5,35,NA
1627826,Ivica Zubac,Ivica,Zubac,LAL,38,16.0,1.2,0.6,1.3,0.458,0.0,0.1,0.0,0.458,44,NA
101187,Alan Anderson,Alan,Anderson,LAC,30,10.3,1.1,0.4,1.2,0.314,0.3,1.1,0.312,0.457,32,NA
201628,Bobby Brown,Bobby,Brown,HOU,24,5.1,1.1,0.4,0.8,0.5,0.4,0.7,0.529,0.75,27,NA
201147,Corey Brewer,Corey,Brewer,HOU,58,15.9,1.1,0.4,1.5,0.241,0.3,1.5,0.235,0.356,62,NA
NA,Anthony Brown,Anthony,Brown,TOTAL,11,14.5,1.1,0.4,2.1,0.174,0.4,2.1,0.174,0.261,12,NA
1627758,Ron Baker,Ron,Baker,NYK,51,16.3,1.1,0.4,1.4,0.282,0.3,1.3,0.262,0.401,57,NA
201956,Omri Casspi,Omri,Casspi,TOTAL,34,17.9,1.1,0.4,0.9,0.406,0.4,0.9,0.387,0.594,38,NA
1626150,Andrew Harrison,Andrew,Harrison,MEM,71,20.4,1.1,0.4,1.3,0.277,0.3,1.2,0.279,0.404,76,NA
201951,Ty Lawson,Ty,Lawson,SAC,68,25.0,1.1,0.4,1.3,0.326,0.3,1.1,0.289,0.453,78,NA
203530,Joffrey Lauvergne,Joffrey,Lauvergne,CHI,19,12.4,1.1,0.4,1.6,0.233,0.3,1.1,0.3,0.333,20,NA
203909,KJ McDaniels,KJ,McDaniels,TOTAL,48,10.0,1.1,0.4,1.1,0.327,0.4,1.1,0.327,0.491,54,NA
203994,Jusuf Nurkic,Jusuf,Nurkic,POR,20,29.2,1.1,0.6,1.2,0.44,0.0,0.0,0.0,0.44,22,NA
203948,Johnny O'Bryant III,Johnny,O'Bryant III,DEN,7,6.6,1.1,0.4,0.7,0.6,0.3,0.4,0.667,0.8,8,NA
1626184,Chasson Randle,Chasson,Randle,PHI,8,9.3,1.1,0.4,1.2,0.3,0.4,1.1,0.333,0.45,9,NA
NA,Mike Scott,Mike,Scott,ATL,18,10.9,1.1,0.4,1.9,0.229,0.2,1.3,0.125,0.271,19,NA
202338,Kevin Seraphin,Kevin,Seraphin,IND,47,11.2,1.1,0.5,1.1,0.472,0.0,0.0,0.0,0.472,50,NA
203613,Jonathon Simmons,Jonathon,Simmons,SAS,76,18.0,1.1,0.4,1.2,0.319,0.3,1.0,0.316,0.456,83,NA
1627855,Okaro White,Okaro,White,MIA,33,13.5,1.1,0.4,0.9,0.4,0.4,0.9,0.414,0.6,36,NA
2754,Tony Allen,Tony,Allen,MEM,70,27.2,1.0,0.4,1.2,0.325,0.2,0.7,0.3,0.416,69,NA
201147,Corey Brewer,Corey,Brewer,TOTAL,80,15.5,1.0,0.3,1.4,0.243,0.3,1.4,0.231,0.356,79,NA
101181,Jose Calderon,Jose,Calderon,ATL,15,13.4,1.0,0.3,1.3,0.263,0.3,1.2,0.278,0.395,15,NA
203487,Michael Carter-Williams,Michael,Carter-Williams,CHI,44,19.1,1.0,0.4,1.4,0.258,0.3,1.2,0.255,0.371,46,NA
2564,Boris Diaw,Boris,Diaw,UTA,72,17.6,1.0,0.4,1.4,0.257,0.3,1.0,0.26,0.351,71,NA
203898,Tyler Ennis,Tyler,Ennis,LAL,20,16.3,1.0,0.4,0.8,0.438,0.4,0.8,0.438,0.656,21,NA
203462,Archie Goodwin,Archie,Goodwin,NOP,3,9.9,1.0,0.3,0.3,1.0,0.3,0.3,1.0,1.5,3,NA
1627773,AJ Hammons,AJ,Hammons,DAL,20,7.2,1.0,0.4,0.8,0.471,0.2,0.5,0.5,0.618,21,NA
1626145,Tyus Jones,Tyus,Jones,MIN,58,12.6,1.0,0.3,0.8,0.388,0.3,0.8,0.375,0.571,56,NA
202700,Donatas Motiejunas,Donatas,Motiejunas,NOP,32,13.7,1.0,0.3,1.5,0.229,0.3,1.2,0.25,0.333,32,NA
1626185,Jarell Martin,Jarell,Martin,MEM,41,13.5,1.0,0.4,1.1,0.356,0.2,0.6,0.391,0.456,41,NA
203894,Shabazz Napier,Shabazz,Napier,POR,52,9.4,1.0,0.3,0.8,0.395,0.3,0.8,0.395,0.593,51,NA
203148,Brian Roberts,Brian,Roberts,CHA,39,9.3,1.0,0.3,0.6,0.542,0.3,0.6,0.545,0.792,38,NA
201196,Ramon Sessions,Ramon,Sessions,CHA,50,16.2,1.0,0.3,1.1,0.315,0.3,0.9,0.326,0.454,49,NA
202362,Lance Stephenson,Lance,Stephenson,TOTAL,17,19.9,1.0,0.4,1.0,0.353,0.3,0.8,0.385,0.5,17,NA
NA,Mike Tobey,Mike,Tobey,CHA,2,12.6,1.0,0.5,1.0,0.5,0.0,0.0,0.0,0.5,2,NA
1627784,Jarrod Uthoff,Jarrod,Uthoff,DAL,7,10.9,1.0,0.4,1.7,0.25,0.1,0.9,0.167,0.292,7,NA
201582,Alexis Ajinca,Alexis,Ajinca,NOP,37,14.4,0.9,0.5,1.6,0.293,0.0,0.1,0.0,0.293,34,NA
202344,Trevor Booker,Trevor,Booker,BKN,70,24.8,0.9,0.3,1.0,0.343,0.2,0.6,0.333,0.455,61,NA
1626188,Quinn Cook,Quinn,Cook,NOP,7,9.2,0.9,0.3,0.4,0.667,0.3,0.4,0.667,1.0,6,NA
1627098,Malcolm Delaney,Malcolm,Delaney,ATL,71,17.1,0.9,0.3,1.3,0.264,0.3,1.1,0.237,0.363,66,NA
203915,Spencer Dinwiddie,Spencer,Dinwiddie,BKN,57,22.5,0.9,0.3,0.7,0.462,0.3,0.6,0.459,0.679,53,NA
203462,Archie Goodwin,Archie,Goodwin,TOTAL,14,13.2,0.9,0.3,0.6,0.444,0.3,0.6,0.444,0.667,12,NA
1626195,Willy Hernangomez,Willy,Hernangomez,NYK,71,18.4,0.9,0.4,1.1,0.403,0.1,0.2,0.286,0.429,66,NA
201943,Brandon Jennings,Brandon,Jennings,WAS,22,15.3,0.9,0.3,0.7,0.438,0.3,0.7,0.4,0.625,20,NA
203458,Alex Len,Alex,Len,PHX,74,20.4,0.9,0.4,1.3,0.337,0.0,0.1,0.375,0.353,67,NA
1627774,Jake Layman,Jake,Layman,POR,34,6.2,0.9,0.3,1.4,0.229,0.3,1.1,0.256,0.333,32,NA
2034,Mike Miller,Mike,Miller,DEN,17,5.4,0.9,0.3,0.8,0.385,0.3,0.7,0.417,0.577,15,NA
203940,Adreian Payne,Adreian,Payne,MIN,17,7.7,0.9,0.4,1.1,0.333,0.2,0.8,0.231,0.417,15,NA
201228,C.J. Watson,C.J.,Watson,ORL,62,16.3,0.9,0.3,1.3,0.262,0.2,1.1,0.227,0.356,57,NA
202355,Hassan Whiteside,Hassan,Whiteside,MIA,75,32.5,0.9,0.4,1.2,0.359,0.0,0.0,1.0,0.364,67,NA
201147,Corey Brewer,Corey,Brewer,LAL,22,14.4,0.8,0.3,1.1,0.25,0.2,1.0,0.217,0.354,17,NA
203382,Aron Baynes,Aron,Baynes,DET,75,15.5,0.8,0.4,0.9,0.462,0.0,0.0,0.0,0.462,60,NA
1627736,Malik Beasley,Malik,Beasley,DEN,19,4.7,0.8,0.3,0.8,0.312,0.3,0.8,0.333,0.469,15,NA
1626188,Quinn Cook,Quinn,Cook,TOTAL,12,11.8,0.8,0.2,1.1,0.231,0.2,1.1,0.231,0.346,9,NA
1626192,Pat Connaughton,Pat,Connaughton,POR,38,7.3,0.8,0.3,0.6,0.478,0.3,0.5,0.5,0.696,32,NA
201936,Tyreke Evans,Tyreke,Evans,NOP,26,18.2,0.8,0.3,0.9,0.292,0.2,0.9,0.261,0.417,20,NA
204025,Tim Frazier,Tim,Frazier,NOP,63,23.5,0.8,0.3,1.0,0.281,0.3,0.9,0.309,0.414,53,NA
1626203,Treveon Graham,Treveon,Graham,CHA,25,5.9,0.8,0.3,0.5,0.583,0.3,0.4,0.636,0.875,21,NA
1627875,Marcus Georges-Hunt,Marcus,Georges-Hunt,ORL,4,9.5,0.8,0.2,0.2,1.0,0.2,0.2,1.0,1.5,3,NA
203462,Archie Goodwin,Archie,Goodwin,BKN,11,14.2,0.8,0.3,0.7,0.375,0.3,0.7,0.375,0.562,9,NA
2403,Nene, ,Nene,HOU,66,17.9,0.8,0.4,0.9,0.41,0.0,0.1,0.286,0.426,52,NA
201579,Roy Hibbert,Roy,Hibbert,TOTAL,48,14.2,0.8,0.4,0.8,0.462,0.0,0.0,0.0,0.462,36,NA
201579,Roy Hibbert,Roy,Hibbert,CHA,42,16.0,0.8,0.4,0.9,0.447,0.0,0.0,0.0,0.447,34,NA
1626199,Darrun Hilliard,Darrun,Hilliard,DET,38,9.7,0.8,0.3,1.0,0.297,0.2,0.8,0.276,0.405,30,NA
2744,Al Jefferson,Al,Jefferson,IND,65,14.1,0.8,0.4,1.3,0.329,0.0,0.0,0.0,0.329,54,NA
101161,Amir Johnson,Amir,Johnson,BOS,79,20.1,0.8,0.3,0.7,0.373,0.3,0.7,0.407,0.559,66,NA
NA,DeAndre Liggins,DeAndre,Liggins,CLE,61,12.3,0.8,0.3,0.7,0.39,0.3,0.7,0.4,0.585,48,NA
203909,KJ McDaniels,KJ,McDaniels,HOU,29,7.3,0.8,0.3,0.8,0.333,0.3,0.8,0.333,0.5,24,NA
1626191,Chris McCullough,Chris,McCullough,BKN,14,5.2,0.8,0.4,0.7,0.5,0.1,0.4,0.2,0.55,11,NA
203457,Nerlens Noel,Nerlens,Noel,TOTAL,49,20.6,0.8,0.4,1.0,0.38,0.0,0.0,0.0,0.38,38,NA
203457,Nerlens Noel,Nerlens,Noel,PHI,29,19.5,0.8,0.4,1.0,0.429,0.0,0.0,0.0,0.429,24,NA
1627780,Gary Payton II,Gary,Payton II,MIL,4,16.5,0.8,0.2,1.8,0.143,0.2,1.8,0.143,0.214,3,NA
1627834,Georgios Papagiannis,Georgios,Papagiannis,SAC,20,15.1,0.8,0.4,0.8,0.5,0.0,0.0,0.0,0.5,16,NA
1627781,Malachi Richardson,Malachi,Richardson,SAC,22,9.0,0.8,0.3,0.7,0.375,0.3,0.7,0.4,0.562,18,NA
202397,Ish Smith,Ish,Smith,DET,80,24.0,0.8,0.3,0.8,0.369,0.2,0.7,0.339,0.523,68,NA
1627832,Fred VanVleet,Fred,VanVleet,TOR,35,7.8,0.8,0.3,0.5,0.474,0.3,0.5,0.474,0.711,27,NA
202730,Lavoy Allen,Lavoy,Allen,IND,60,14.5,0.7,0.4,0.9,0.375,0.0,0.0,0.0,0.375,42,NA
203937,Kyle Anderson,Kyle,Anderson,SAS,70,14.2,0.7,0.3,0.8,0.352,0.2,0.5,0.371,0.472,51,NA
101138,Brandon Bass,Brandon,Bass,LAC,51,11.2,0.7,0.3,0.7,0.459,0.0,0.0,0.5,0.473,35,NA
201573,Jerryd Bayless,Jerryd,Bayless,PHI,3,23.9,0.7,0.3,0.3,1.0,0.0,0.0,0.0,1.0,2,NA
NA,Pierre Jackson,Pierre,Jackson,DAL,9,9.2,0.7,0.2,0.9,0.25,0.2,0.9,0.25,0.375,6,NA
203094,Andrew Nicholson,Andrew,Nicholson,TOTAL,37,8.6,0.7,0.3,0.9,0.303,0.1,0.7,0.2,0.379,25,NA
203457,Nerlens Noel,Nerlens,Noel,DAL,20,22.1,0.7,0.4,1.1,0.318,0.0,0.0,0.0,0.318,14,NA
203526,Raul Neto,Raul,Neto,UTA,40,8.7,0.7,0.2,0.7,0.345,0.2,0.6,0.346,0.5,29,NA
203943,Noah Vonleh,Noah,Vonleh,POR,73,16.8,0.7,0.3,0.7,0.444,0.1,0.2,0.375,0.5,54,NA
1897,Metta World Peace,Metta,World Peace,LAL,23,5.5,0.7,0.2,1.1,0.2,0.2,1.0,0.217,0.3,15,NA
1627787,Kyle Wiltjer,Kyle,Wiltjer,HOU,13,3.3,0.7,0.2,0.8,0.273,0.2,0.8,0.273,0.409,9,NA
1626188,Quinn Cook,Quinn,Cook,DAL,5,15.4,0.6,0.2,2.0,0.1,0.2,2.0,0.1,0.15,3,NA
1627739,Kris Dunn,Kris,Dunn,MIN,76,16.9,0.6,0.2,0.8,0.29,0.2,0.7,0.255,0.395,49,NA
1626178,Rondae Hollis-Jefferson,Rondae,Hollis-Jefferson,BKN,76,22.5,0.6,0.2,1.0,0.234,0.2,0.7,0.226,0.312,48,NA
1627743,Demetrius Jackson,Demetrius,Jackson,BOS,5,3.4,0.6,0.2,0.4,0.5,0.2,0.2,1.0,0.75,3,NA
203077,Michael Kidd-Gilchrist,Michael,Kidd-Gilchrist,CHA,79,29.1,0.6,0.3,0.9,0.368,0.0,0.1,0.143,0.375,51,NA
1627749,Dejounte Murray,Dejounte,Murray,SAS,37,8.6,0.6,0.2,0.5,0.389,0.2,0.5,0.389,0.583,21,NA
1626254,Maurice Ndour,Maurice,Ndour,NYK,31,9.9,0.6,0.3,0.7,0.391,0.0,0.2,0.143,0.413,19,NA
NA,Lamar Patterson,Lamar,Patterson,ATL,5,8.1,0.6,0.2,0.6,0.333,0.2,0.6,0.333,0.5,3,NA
1627783,Pascal Siakam,Pascal,Siakam,TOR,53,15.1,0.6,0.3,0.9,0.34,0.0,0.1,0.167,0.351,33,NA
1627755,Tyler Ulis,Tyler,Ulis,PHX,58,18.3,0.6,0.2,0.6,0.364,0.2,0.5,0.367,0.53,35,NA
NA,C.J. Wilcox,C.J.,Wilcox,ORL,22,4.9,0.6,0.2,0.7,0.312,0.1,0.6,0.214,0.406,13,NA
203092,Tyler Zeller,Tyler,Zeller,BOS,50,10.3,0.6,0.3,0.9,0.326,0.0,0.0,0.0,0.326,28,NA
203112,Quincy Acy,Quincy,Acy,DAL,6,8.0,0.5,0.2,1.5,0.111,0.2,1.2,0.143,0.167,3,NA
203500,Steven Adams,Steven,Adams,OKC,78,30.1,0.5,0.2,0.6,0.432,0.0,0.0,0.0,0.432,38,NA
202708,Norris Cole,Norris,Cole,OKC,11,7.6,0.5,0.2,0.5,0.333,0.2,0.5,0.4,0.5,6,NA
203902,Semaj Christon,Semaj,Christon,OKC,62,14.9,0.5,0.2,0.8,0.208,0.1,0.7,0.205,0.302,29,NA
203083,Andre Drummond,Andre,Drummond,DET,80,29.8,0.5,0.2,0.6,0.409,0.0,0.1,0.2,0.42,37,NA
1627767,Cheick Diallo,Cheick,Diallo,NOP,15,9.5,0.5,0.3,1.2,0.222,0.0,0.0,0.0,0.222,8,NA
203898,Tyler Ennis,Tyler,Ennis,TOTAL,51,10.2,0.5,0.2,0.5,0.391,0.2,0.5,0.391,0.587,27,NA
101162,Marcin Gortat,Marcin,Gortat,WAS,81,31.0,0.5,0.3,0.8,0.333,0.0,0.0,0.0,0.333,44,NA
NA,John Jenkins,John,Jenkins,PHX,4,3.3,0.5,0.2,0.2,1.0,0.0,0.0,0.0,1.0,2,NA
203527,Ryan Kelly,Ryan,Kelly,ATL,15,5.9,0.5,0.2,0.8,0.25,0.1,0.5,0.25,0.333,8,NA
202328,Greg Monroe,Greg,Monroe,MIL,79,22.6,0.5,0.3,0.6,0.477,0.0,0.0,0.0,0.477,42,NA
203094,Andrew Nicholson,Andrew,Nicholson,WAS,28,8.3,0.5,0.2,0.7,0.25,0.1,0.6,0.188,0.325,13,NA
203994,Jusuf Nurkic,Jusuf,Nurkic,TOTAL,64,21.6,0.5,0.3,0.8,0.354,0.0,0.0,0.0,0.354,34,NA
101179,Ronnie Price,Ronnie,Price,PHX,13,8.9,0.5,0.2,0.9,0.167,0.2,0.8,0.182,0.25,6,NA
2585,Zaza Pachulia,Zaza,Pachulia,GSW,69,18.2,0.5,0.2,0.6,0.372,0.0,0.0,0.0,0.372,32,NA
201565,Derrick Rose,Derrick,Rose,NYK,64,32.6,0.5,0.2,0.9,0.236,0.1,0.6,0.205,0.309,34,NA
202713,Kyle Singler,Kyle,Singler,OKC,30,11.1,0.5,0.2,1.0,0.172,0.2,0.9,0.179,0.259,15,NA
202362,Lance Stephenson,Lance,Stephenson,NOP,6,27.1,0.5,0.2,1.2,0.143,0.2,1.0,0.167,0.214,3,NA
203107,Tomas Satoransky,Tomas,Satoransky,WAS,56,12.2,0.5,0.2,0.5,0.333,0.1,0.4,0.32,0.481,26,NA
2757,Beno Udrih,Beno,Udrih,DET,39,14.4,0.5,0.2,0.5,0.4,0.1,0.3,0.385,0.525,21,NA
1626161,Willie Cauley-Stein,Willie,Cauley-Stein,SAC,73,18.7,0.4,0.2,0.6,0.298,0.0,0.0,0.0,0.298,28,NA
203998,Bruno Caboclo,Bruno,Caboclo,TOR,7,3.0,0.4,0.1,0.4,0.333,0.1,0.4,0.333,0.5,3,NA
203089,John Henson,John,Henson,MIL,56,19.5,0.4,0.2,0.7,0.256,0.0,0.0,0.0,0.256,20,NA
101135,David Lee,David,Lee,SAS,77,18.9,0.4,0.2,0.5,0.395,0.0,0.0,0.0,0.395,30,NA
2733,Shaun Livingston,Shaun,Livingston,GSW,75,17.7,0.4,0.2,0.4,0.481,0.0,0.0,0.333,0.5,27,NA
204456,T.J. McConnell,T.J.,McConnell,PHI,80,26.5,0.4,0.2,0.6,0.261,0.1,0.5,0.216,0.348,32,NA
1627815,Sheldon McClellan,Sheldon,McClellan,WAS,29,8.7,0.4,0.1,0.8,0.182,0.1,0.7,0.19,0.273,12,NA
NA,Steve Novak,Steve,Novak,MIL,8,2.8,0.4,0.1,0.8,0.167,0.1,0.8,0.167,0.25,3,NA
1626143,Jahlil Okafor,Jahlil,Okafor,PHI,50,22.7,0.4,0.2,0.4,0.45,0.0,0.0,0.0,0.45,18,NA
203486,Mason Plumlee,Mason,Plumlee,POR,54,28.0,0.4,0.2,0.7,0.297,0.0,0.1,0.0,0.297,22,NA
1627817,Tim Quarterman,Tim,Quarterman,POR,15,3.9,0.4,0.1,0.4,0.333,0.1,0.4,0.333,0.5,6,NA
203186,Willie Reed,Willie,Reed,MIA,69,14.6,0.4,0.2,0.4,0.433,0.0,0.0,0.333,0.45,27,NA
201168,Tiago Splitter,Tiago,Splitter,PHI,7,7.8,0.4,0.1,0.4,0.333,0.1,0.4,0.333,0.5,3,NA
1626210,Alan Williams,Alan,Williams,PHX,46,14.7,0.4,0.2,0.5,0.364,0.0,0.0,0.5,0.386,17,NA
1626153,Delon Wright,Delon,Wright,TOR,26,16.1,0.4,0.2,0.5,0.308,0.1,0.5,0.25,0.423,11,NA
203469,Cody Zeller,Cody,Zeller,CHA,60,28.0,0.4,0.2,0.7,0.295,0.0,0.0,0.0,0.295,26,NA
201956,Omri Casspi,Omri,Casspi,MIN,11,16.9,0.3,0.1,0.7,0.125,0.1,0.7,0.125,0.188,3,NA
NA,Toney Douglas,Toney,Douglas,MEM,24,16.4,0.3,0.1,0.6,0.214,0.1,0.5,0.154,0.286,8,NA
1627770,Kay Felder,Kay,Felder,CLE,41,9.3,0.3,0.1,0.3,0.455,0.1,0.2,0.444,0.636,14,NA
2730,Dwight Howard,Dwight,Howard,ATL,73,29.7,0.3,0.2,0.4,0.375,0.0,0.0,0.0,0.375,24,NA
201579,Roy Hibbert,Roy,Hibbert,DEN,6,1.8,0.3,0.2,0.2,1.0,0.0,0.0,0.0,1.0,2,NA
NA,Marcelo Huertas,Marcelo,Huertas,LAL,23,10.3,0.3,0.1,0.5,0.273,0.0,0.3,0.125,0.318,7,NA
1626149,Montrezl Harrell,Montrezl,Harrell,HOU,58,18.4,0.3,0.1,0.6,0.242,0.0,0.1,0.0,0.242,16,NA
201585,Kosta Koufos,Kosta,Koufos,SAC,71,20.0,0.3,0.2,0.5,0.344,0.0,0.0,0.0,0.344,22,NA
1628021,David Nwaba,David,Nwaba,LAL,18,19.1,0.3,0.1,0.3,0.333,0.1,0.3,0.2,0.417,5,NA
203994,Jusuf Nurkic,Jusuf,Nurkic,DEN,44,18.1,0.3,0.1,0.5,0.261,0.0,0.0,0.0,0.261,12,NA
203486,Mason Plumlee,Mason,Plumlee,TOTAL,79,26.1,0.3,0.2,0.6,0.289,0.0,0.1,0.0,0.289,26,NA
202362,Lance Stephenson,Lance,Stephenson,MIN,6,11.2,0.3,0.2,0.5,0.333,0.0,0.3,0.0,0.333,2,NA
1627782,Wayne Selden,Wayne,Selden,MEM,10,15.8,0.3,0.1,1.3,0.077,0.1,1.3,0.077,0.115,3,NA
1627754,Diamond Stone,Diamond,Stone,LAC,7,3.5,0.3,0.1,0.6,0.25,0.0,0.0,0.0,0.25,2,NA
201148,Brandan Wright,Brandan,Wright,MEM,27,15.9,0.3,0.1,0.3,0.571,0.0,0.0,0.0,0.571,8,NA
202687,Bismack Biyombo,Bismack,Biyombo,ORL,80,22.3,0.2,0.1,0.3,0.259,0.0,0.0,0.0,0.259,14,NA
1627762,Joel Bolomboy,Joel,Bolomboy,UTA,12,4.4,0.2,0.1,0.3,0.25,0.1,0.3,0.25,0.375,3,NA
203473,Dewayne Dedmon,Dewayne,Dedmon,SAS,74,17.6,0.2,0.1,0.3,0.409,0.0,0.0,0.0,0.409,18,NA
203898,Tyler Ennis,Tyler,Ennis,HOU,31,6.3,0.2,0.1,0.2,0.286,0.1,0.2,0.286,0.429,6,NA
202702,Kenneth Faried,Kenneth,Faried,DEN,60,21.3,0.2,0.1,0.4,0.208,0.0,0.0,0.0,0.208,10,NA
1626245,Cristiano Felicio,Cristiano,Felicio,CHI,65,15.7,0.2,0.1,0.4,0.308,0.0,0.0,0.0,0.308,16,NA
1627745,Damian Jones,Damian,Jones,GSW,9,7.3,0.2,0.1,0.4,0.25,0.0,0.0,0.0,0.25,2,NA
1627884,"Derrick Jones, Jr.",Derrick,"Jones, Jr.",PHX,31,16.3,0.2,0.1,0.3,0.2,0.0,0.2,0.167,0.25,5,NA
1626246,Boban Marjanovic,Boban,Marjanovic,DET,34,8.0,0.2,0.1,0.2,0.375,0.0,0.0,0.0,0.375,6,NA
203949,James Michael McAdoo,James Michael,McAdoo,GSW,51,8.4,0.2,0.1,0.3,0.267,0.0,0.1,0.286,0.333,10,NA
1626175,Jordan Mickey,Jordan,Mickey,BOS,25,5.6,0.2,0.1,0.2,0.4,0.0,0.0,0.0,0.4,4,NA
203512,Lucas Nogueira,Lucas,Nogueira,TOR,55,19.1,0.2,0.1,0.3,0.312,0.1,0.2,0.333,0.406,13,NA
203486,Mason Plumlee,Mason,Plumlee,DEN,25,22.2,0.2,0.1,0.3,0.25,0.0,0.0,0.0,0.25,4,NA
1626202,Joe Young,Joe,Young,IND,32,4.2,0.2,0.1,0.3,0.3,0.1,0.2,0.25,0.4,8,NA
1627757,Stephen Zimmerman,Stephen,Zimmerman,ORL,18,5.5,0.2,0.1,0.6,0.2,0.0,0.0,0.0,0.2,4,NA
201202,Joel Anthony,Joel,Anthony,SAS,19,6.4,0.1,0.1,0.1,0.5,0.0,0.0,0.0,0.5,2,NA
NA,Andrew Bogut,Andrew,Bogut,DAL,26,22.4,0.1,0.0,0.1,0.5,0.0,0.0,0.0,0.5,2,NA
204028,Tarik Black,Tarik,Black,LAL,65,16.2,0.1,0.0,0.2,0.273,0.0,0.0,0.0,0.273,6,NA
1627761,DeAndre' Bembry,DeAndre',Bembry,ATL,37,9.2,0.1,0.0,0.5,0.059,0.0,0.4,0.0,0.059,2,NA
1627735,Wade Baldwin IV,Wade,Baldwin IV,MEM,32,12.1,0.1,0.0,0.3,0.1,0.0,0.3,0.111,0.15,3,NA
2555,Nick Collison,Nick,Collison,OKC,18,6.2,0.1,0.1,0.2,0.333,0.0,0.0,0.0,0.333,2,NA
203991,Clint Capela,Clint,Capela,HOU,64,23.7,0.1,0.0,0.1,0.6,0.0,0.0,0.0,0.6,6,NA
1627738,Deyonta Davis,Deyonta,Davis,MEM,35,6.6,0.1,0.0,0.2,0.143,0.0,0.0,0.0,0.143,2,NA
203497,Rudy Gobert,Rudy,Gobert,UTA,80,33.9,0.1,0.1,0.1,0.455,0.0,0.0,0.0,0.455,10,NA
1626172,Kevon Looney,Kevon,Looney,GSW,53,8.5,0.1,0.0,0.3,0.133,0.0,0.2,0.222,0.2,6,NA
101133,Ian Mahinmi,Ian,Mahinmi,WAS,31,17.6,0.1,0.0,0.1,0.5,0.0,0.0,0.0,0.5,2,NA
1626257,Salah Mejri,Salah,Mejri,DAL,70,12.4,0.1,0.1,0.2,0.294,0.0,0.0,0.0,0.294,10,NA
1627777,Georges Niang,Georges,Niang,IND,22,4.1,0.1,0.0,0.5,0.083,0.0,0.5,0.083,0.125,3,NA
203101,Miles Plumlee,Miles,Plumlee,MIL,32,9.7,0.1,0.0,0.1,0.5,0.0,0.0,0.0,0.5,2,NA
203080,Thomas Robinson,Thomas,Robinson,LAL,46,11.5,0.1,0.1,0.2,0.3,0.0,0.0,0.0,0.3,6,NA
203481,Jeff Withey,Jeff,Withey,UTA,50,8.6,0.1,0.1,0.1,0.429,0.0,0.0,0.0,0.429,6,NA
NA,Chris Andersen,Chris,Andersen,CLE,12,9.5,0.0,0.0,0.3,0.0,0.0,0.2,0.0,0.0,0,NA
202332,Cole Aldrich,Cole,Aldrich,MIN,61,8.5,0.0,0.0,0.0,0.0,0.0,0.0,0.0,0.0,0,NA
201600,Omer Asik,Omer,Asik,NOP,31,15.6,0.0,0.0,0.0,0.0,0.0,0.0,0.0,0.0,0,NA
NA,Andrew Bogut,Andrew,Bogut,TOTAL,27,21.6,0.0,0.0,0.0,0.0,0.0,0.0,0.0,0.0,0,NA
NA,Andrew Bogut,Andrew,Bogut,CLE,1,1.0,0.0,0.0,0.0,0.0,0.0,0.0,0.0,0.0,0,NA
NA,Anthony Brown,Anthony,Brown,ORL,2,8.2,0.0,0.0,1.0,0.0,0.0,1.0,0.0,0.0,0,NA
NA,Ben Bentil,Ben,Bentil,DAL,3,3.3,0.0,0.0,0.3,0.0,0.0,0.3,0.0,0.0,0,NA
2199,Tyson Chandler,Tyson,Chandler,PHX,45,27.3,0.0,0.0,0.1,0.25,0.0,0.0,0.0,0.25,2,NA
1626176,Rakeem Christmas,Rakeem,Christmas,IND,29,7.6,0.0,0.0,0.1,0.0,0.0,0.0,0.0,0.0,0,NA
202334,Ed Davis,Ed,Davis,POR,46,17.2,0.0,0.0,0.0,1.0,0.0,0.0,0.0,1.0,2,NA
NA,Alonzo Gee,Alonzo,Gee,DEN,13,6.9,0.0,0.0,0.2,0.0,0.0,0.2,0.0,0.0,0,NA
1627771,Michael Gbinije,Michael,Gbinije,DET,9,3.5,0.0,0.0,0.2,0.0,0.0,0.2,0.0,0.0,0,NA
1627868,Patricio Garino,Patricio,Garino,ORL,4,7.9,0.0,0.0,0.8,0.0,0.0,0.8,0.0,0.0,0,NA
2617,Udonis Haslem,Udonis,Haslem,MIA,16,8.1,0.0,0.0,0.4,0.0,0.0,0.1,0.0,0.0,0,NA
201941,Jordan Hill,Jordan,Hill,MIN,7,6.7,0.0,0.0,0.3,0.0,0.0,0.0,0.0,0.0,0,NA
NA,Manny Harris,Manny,Harris,DAL,4,6.2,0.0,0.0,0.5,0.0,0.0,0.5,0.0,0.0,0,NA
NA,R.J. Hunter,R.J.,Hunter,CHI,3,3.1,0.0,0.0,0.3,0.0,0.0,0.3,0.0,0.0,0,NA
NA,Danuel House,Danuel,House,WAS,1,0.8,0.0,0.0,0.0,0.0,0.0,0.0,0.0,0.0,0,NA
NA,Aaron Harrison,Aaron,Harrison,CHA,5,3.3,0.0,0.0,0.4,0.0,0.0,0.4,0.0,0.0,0,NA
NA,Jarrett Jack,Jarrett,Jack,NOP,2,16.6,0.0,0.0,0.5,0.0,0.0,0.5,0.0,0.0,0,NA
201599,DeAndre Jordan,DeAndre,Jordan,LAC,80,31.7,0.0,0.0,0.0,0.5,0.0,0.0,0.0,0.5,4,NA
NA,Terrence Jones,Terrence,Jones,MIL,3,2.3,0.0,0.0,0.0,0.0,0.0,0.0,0.0,0.0,0,NA
1627744,Brice Johnson,Brice,Johnson,LAC,3,3.1,0.0,0.0,0.0,0.0,0.0,0.0,0.0,0.0,0,NA
NA,John Lucas III,John,Lucas III,MIN,5,2.2,0.0,0.0,0.0,0.0,0.0,0.0,0.0,0.0,0,NA
201580,JaVale McGee,JaVale,McGee,GSW,76,9.5,0.0,0.0,0.1,0.167,0.0,0.0,0.0,0.167,2,NA
202407,Elijah Millsap,Elijah,Millsap,PHX,1,12.0,0.0,0.0,1.0,0.0,0.0,1.0,0.0,0.0,0,NA
1626191,Chris McCullough,Chris,McCullough,TOTAL,15,5.0,0.0,0.0,0.0,0.0,0.0,0.0,0.0,0.0,0,NA
1626191,Chris McCullough,Chris,McCullough,WAS,1,1.7,0.0,0.0,0.0,0.0,0.0,0.0,0.0,0.0,0,NA
NA,Gary Neal,Gary,Neal,ATL,2,9.2,0.0,0.0,1.0,0.0,0.0,0.5,0.0,0.0,0,NA
201149,Joakim Noah,Joakim,Noah,NYK,46,22.1,0.0,0.0,0.1,0.0,0.0,0.0,0.0,0.0,0,NA
NA,Arinze Onuaku,Arinze,Onuaku,ORL,8,3.6,0.0,0.0,0.0,0.0,0.0,0.0,0.0,0.0,0,NA
1627849,Daniel Ochefu,Daniel,Ochefu,WAS,18,3.3,0.0,0.0,0.2,0.0,0.0,0.0,0.0,0.0,0,NA
1627778,Chinanu Onuaku,Chinanu,Onuaku,HOU,5,10.3,0.0,0.0,0.0,0.0,0.0,0.0,0.0,0.0,0,NA
203101,Miles Plumlee,Miles,Plumlee,TOTAL,43,10.2,0.0,0.0,0.0,0.5,0.0,0.0,0.0,0.5,2,NA
203101,Miles Plumlee,Miles,Plumlee,CHA,11,11.6,0.0,0.0,0.0,0.0,0.0,0.0,0.0,0.0,0,NA
1627850,Marshall Plumlee,Marshall,Plumlee,NYK,20,7.2,0.0,0.0,0.0,0.0,0.0,0.0,0.0,0.0,0,NA
1627751,Jakob Poeltl,Jakob,Poeltl,TOR,52,11.5,0.0,0.0,0.1,0.2,0.0,0.0,0.0,0.2,2,NA
202336,Larry Sanders,Larry,Sanders,CLE,4,2.6,0.0,0.0,0.0,0.0,0.0,0.0,0.0,0.0,0,NA
NA,Jarnell Stokes,Jarnell,Stokes,DEN,2,3.3,0.0,0.0,0.0,0.0,0.0,0.0,0.0,0.0,0,NA
202684,Tristan Thompson,Tristan,Thompson,CLE,77,30.1,0.0,0.0,0.1,0.1,0.0,0.0,0.0,0.1,2,NA
1627819,Isaiah Taylor,Isaiah,Taylor,HOU,3,17.0,0.0,0.0,0.3,0.0,0.0,0.3,0.0,0.0,0,NA
NA,Edy Tavares,Edy,Tavares,ATL,1,3.6,0.0,0.0,0.0,0.0,0.0,0.0,0.0,0.0,0,NA
1626253,Axel Toupane,Axel,Toupane,MIL,2,3.0,0.0,0.0,0.0,0.0,0.0,0.0,0.0,0.0,0,NA
NA,Anderson Varejao,Anderson,Varejao,GSW,14,6.6,0.0,0.0,0.0,0.0,0.0,0.0,0.0,0.0,0,NA
NA,Greivis Vasquez,Greivis,Vasquez,BKN,3,12.9,0.0,0.0,0.3,0.0,0.0,0.3,0.0,0.0,0,NA
1627362,Briante Weber,Briante,Weber,TOTAL,18,8.9,0.0,0.0,0.2,0.0,0.0,0.1,0.0,0.0,0,NA
1627362,Briante Weber,Briante,Weber,GSW,7,6.6,0.0,0.0,0.3,0.0,0.0,0.1,0.0,0.0,0,NA
1627362,Briante Weber,Briante,Weber,CHA,11,10.4,0.0,0.0,0.2,0.0,0.0,0.0,0.0,0.0,0,NA
1626174,Christian Wood,Christian,Wood,CHA,12,7.8,0.0,0.0,0.4,0.0,0.0,0.4,0.0,0.0,0,NA
