Position,Name,Salary,GameInfo,AvgPointsPerGame,teamAbbrev,teams,opp,date,pinn.odds,totals,opp_dfsnm,AvgPEV,Cnt,DKPos
PG/SG,James Harden,11800,Hou@NO 08:00PM ET,59.906,HOU,Houston,New Orleans,2017-03-17,-4.5,229.5,NOR,-1.7234103448275877,29,PG
PG/SF,Giannis Antetokounmpo,9900,Mil@LAL 10:30PM ET,48.597,MIL,Milwaukee,L.A. Lakers,2017-03-17,-7.5,213.0,LAL,0.14533793103448178,29,PG
PG,John Wall,9500,Chi@Was 07:00PM ET,49.083,WAS,Washington,Chicago,2017-03-17,-8.0,211.5,CHI,-0.643196875000001,32,PG
PG,Isaiah Thomas,8300,Bos@Bkn 07:30PM ET,43.773,BOS,Boston,Brooklyn,2017-03-17,-8.0,215.0,BKN,-0.2949057142857152,35,PG
PG,Elfrid Payton,7800,Orl@Pho 10:00PM ET,29.674,ORL,Orlando,Phoenix,2017-03-17,2.5,219.5,PHO,-0.39738484848484934,33,PG
PG,Ricky Rubio,7700,Min@Mia 08:00PM ET,31.738,MIN,Minnesota,Miami,2017-03-17,4.0,206.0,MIA,-0.09390000000000118,28,PG
PG,Kyle Lowry,7500,Tor@Det 07:30PM ET,42.825,TOR,Toronto,Detroit,2017-03-17,3.5,202.0,DET,1.1319580645161278,31,PG
PG,Goran Dragic,7300,Min@Mia 08:00PM ET,36.186,MIA,Miami,Minnesota,2017-03-17,-4.0,206.0,MIN,-3.5846800000000005,30,PG
PG/SG,Eric Bledsoe,7000,Orl@Pho 10:00PM ET,39.621,PHO,Phoenix,Orlando,2017-03-17,-2.5,219.5,ORL,0.7717718749999989,32,PG
PG,Jrue Holiday,6700,Hou@NO 08:00PM ET,35.594,NOR,New Orleans,Houston,2017-03-17,4.5,229.5,HOU,1.4694733333333323,30,PG
PG,Rajon Rondo,6500,Chi@Was 07:00PM ET,25.478,CHI,Chicago,Washington,2017-03-17,8.0,211.5,WAS,0.17604571428571347,35,PG
PG,D'Angelo Russell,6500,Mil@LAL 10:30PM ET,29.558,LAL,L.A. Lakers,Milwaukee,2017-03-17,7.5,213.0,MIL,-2.145509090909092,33,PG
PG,Jeremy Lin,6000,Bos@Bkn 07:30PM ET,28.533,BKN,Brooklyn,Boston,2017-03-17,8.0,215.0,BOS,-0.994711111111112,36,PG
PG/SG,Jordan Clarkson,6000,Mil@LAL 10:30PM ET,23.871,LAL,L.A. Lakers,Milwaukee,2017-03-17,7.5,213.0,MIL,-2.145509090909092,33,PG
PG/SG,Lou Williams,5800,Hou@NO 08:00PM ET,28.438,HOU,Houston,New Orleans,2017-03-17,-4.5,229.5,NOR,-1.7234103448275877,29,PG
PG,Tyler Ulis,5700,Orl@Pho 10:00PM ET,10.5,PHO,Phoenix,Orlando,2017-03-17,-2.5,219.5,ORL,0.7717718749999989,32,PG
PG/SG,Patrick Beverley,5600,Hou@NO 08:00PM ET,27.514,HOU,Houston,New Orleans,2017-03-17,-4.5,229.5,NOR,-1.7234103448275877,29,PG
PG,Reggie Jackson,5400,Tor@Det 07:30PM ET,26.878,DET,Detroit,Toronto,2017-03-17,-3.5,202.0,TOR,-4.004087500000001,32,PG
PG,TJ McConnell,5300,Dal@Phi 07:00PM ET,22.311,PHI,Philadelphia,Dallas,2017-03-17,5.0,204.0,DAL,-0.3758548387096784,31,PG
PG,Tyler Johnson,5200,Min@Mia 08:00PM ET,27.496,MIA,Miami,Minnesota,2017-03-17,-4.0,206.0,MIN,-3.5846800000000005,30,PG
PG/SG,Malcolm Brogdon,5100,Mil@LAL 10:30PM ET,21.881,MIL,Milwaukee,L.A. Lakers,2017-03-17,-7.5,213.0,LAL,0.14533793103448178,29,PG
PG/SG,Marcus Smart,4900,Bos@Bkn 07:30PM ET,25.792,BOS,Boston,Brooklyn,2017-03-17,-8.0,215.0,BKN,-0.2949057142857152,35,PG
PG/SG,Cory Joseph,4800,Tor@Det 07:30PM ET,18.47,TOR,Toronto,Detroit,2017-03-17,3.5,202.0,DET,1.1319580645161278,31,PG
PG,Yogi Ferrell,4500,Dal@Phi 07:00PM ET,20.073,DAL,Dallas,Philadelphia,2017-03-17,-5.0,204.0,PHI,0.2731806451612897,31,PG
PG,Ish Smith,4100,Tor@Det 07:30PM ET,21.31,DET,Detroit,Toronto,2017-03-17,-3.5,202.0,TOR,-4.004087500000001,32,PG
PG,Brandon Jennings,4000,Chi@Was 07:00PM ET,19.705,WAS,Washington,Chicago,2017-03-17,-8.0,211.5,CHI,-0.643196875000001,32,PG
PG/SG,Matthew Dellavedova,3900,Mil@LAL 10:30PM ET,18.859,MIL,Milwaukee,L.A. Lakers,2017-03-17,-7.5,213.0,LAL,0.14533793103448178,29,PG
PG,Isaiah Whitehead,3800,Bos@Bkn 07:30PM ET,16.034,BKN,Brooklyn,Boston,2017-03-17,8.0,215.0,BOS,-0.994711111111112,36,PG
PG,Michael Carter-Williams,3800,Chi@Was 07:00PM ET,18.347,CHI,Chicago,Washington,2017-03-17,8.0,211.5,WAS,0.17604571428571347,35,PG
PG/SG,Spencer Dinwiddie,3700,Bos@Bkn 07:30PM ET,16.239,BKN,Brooklyn,Boston,2017-03-17,8.0,215.0,BOS,-0.994711111111112,36,PG
PG,JJ Barea,3700,Dal@Phi 07:00PM ET,22.92,DAL,Dallas,Philadelphia,2017-03-17,-5.0,204.0,PHI,0.2731806451612897,31,PG
PG,Jerian Grant,3400,Chi@Was 07:00PM ET,11.882,CHI,Chicago,Washington,2017-03-17,8.0,211.5,WAS,0.17604571428571347,35,PG
PG,Tomas Satoransky,3400,Chi@Was 07:00PM ET,7.974,WAS,Washington,Chicago,2017-03-17,-8.0,211.5,CHI,-0.643196875000001,32,PG
PG,Tim Frazier,3400,Hou@NO 08:00PM ET,20.178,NOR,New Orleans,Houston,2017-03-17,4.5,229.5,HOU,1.4694733333333323,30,PG
PG,Sergio Rodriguez,3300,Dal@Phi 07:00PM ET,19.375,PHI,Philadelphia,Dallas,2017-03-17,5.0,204.0,DAL,-0.3758548387096784,31,PG
PG/SG,Leandro Barbosa,3200,Orl@Pho 10:00PM ET,10.719,PHO,Phoenix,Orlando,2017-03-17,-2.5,219.5,ORL,0.7717718749999989,32,PG
PG,Demetrius Jackson,3000,Bos@Bkn 07:30PM ET,4.0,BOS,Boston,Brooklyn,2017-03-17,-8.0,215.0,BKN,-0.2949057142857152,35,PG
PG,Terry Rozier,3000,Bos@Bkn 07:30PM ET,13.675,BOS,Boston,Brooklyn,2017-03-17,-8.0,215.0,BKN,-0.2949057142857152,35,PG
PG,Beno Udrih,3000,Tor@Det 07:30PM ET,12.033,DET,Detroit,Toronto,2017-03-17,-3.5,202.0,TOR,-4.004087500000001,32,PG
PG,Fred VanVleet,3000,Tor@Det 07:30PM ET,7.036,TOR,Toronto,Detroit,2017-03-17,3.5,202.0,DET,1.1319580645161278,31,PG
PG,Delon Wright,3000,Tor@Det 07:30PM ET,13.846,TOR,Toronto,Detroit,2017-03-17,3.5,202.0,DET,1.1319580645161278,31,PG
PG,Isaiah Canaan,3000,Chi@Was 07:00PM ET,9.593,CHI,Chicago,Washington,2017-03-17,8.0,211.5,WAS,0.17604571428571347,35,PG
PG,Trey Burke,3000,Chi@Was 07:00PM ET,8.792,WAS,Washington,Chicago,2017-03-17,-8.0,211.5,CHI,-0.643196875000001,32,PG
PG,Cameron Payne,3000,Chi@Was 07:00PM ET,11.509,CHI,Chicago,Washington,2017-03-17,8.0,211.5,WAS,0.17604571428571347,35,PG
PG/SG,Tyus Jones,3000,Min@Mia 08:00PM ET,9.722,MIN,Minnesota,Miami,2017-03-17,4.0,206.0,MIA,-0.09390000000000118,28,PG
PG,Kris Dunn,3000,Min@Mia 08:00PM ET,11.817,MIN,Minnesota,Miami,2017-03-17,4.0,206.0,MIA,-0.09390000000000118,28,PG
PG/SG,Devin Harris,3000,Dal@Phi 07:00PM ET,13.075,DAL,Dallas,Philadelphia,2017-03-17,-5.0,204.0,PHI,0.2731806451612897,31,PG
PG,Jerryd Bayless,3000,Dal@Phi 07:00PM ET,21.333,PHI,Philadelphia,Dallas,2017-03-17,5.0,204.0,DAL,-0.3758548387096784,31,PG
PG,Ben Simmons,3000,Dal@Phi 07:00PM ET,0.0,PHI,Philadelphia,Dallas,2017-03-17,5.0,204.0,DAL,-0.3758548387096784,31,PG
PG,Bobby Brown,3000,Hou@NO 08:00PM ET,2.107,HOU,Houston,New Orleans,2017-03-17,-4.5,229.5,NOR,-1.7234103448275877,29,PG
PG,Isaiah Taylor,3000,Hou@NO 08:00PM ET,0.0,HOU,Houston,New Orleans,2017-03-17,-4.5,229.5,NOR,-1.7234103448275877,29,PG
PG/SG,CJ Watson,3000,Orl@Pho 10:00PM ET,10.69,ORL,Orlando,Phoenix,2017-03-17,2.5,219.5,PHO,-0.39738484848484934,33,PG
PG,Ronnie Price,3000,Orl@Pho 10:00PM ET,2.05,PHO,Phoenix,Orlando,2017-03-17,-2.5,219.5,ORL,0.7717718749999989,32,PG
PG,D.J. Augustin,3000,Orl@Pho 10:00PM ET,15.246,ORL,Orlando,Phoenix,2017-03-17,2.5,219.5,PHO,-0.39738484848484934,33,PG
PG/SG,Tyler Ennis,3000,Mil@LAL 10:30PM ET,5.654,LAL,L.A. Lakers,Milwaukee,2017-03-17,7.5,213.0,MIL,-2.145509090909092,33,PG
PG,Jason Terry,3000,Mil@LAL 10:30PM ET,9.695,MIL,Milwaukee,L.A. Lakers,2017-03-17,-7.5,213.0,LAL,0.14533793103448178,29,PG
PG/SG,James Harden,11800,Hou@NO 08:00PM ET,59.906,HOU,Houston,New Orleans,2017-03-17,-4.5,229.5,NOR,-2.0783575757575763,33,SG
SG/SF,Jimmy Butler,8800,Chi@Was 07:00PM ET,42.5,CHI,Chicago,Washington,2017-03-17,8.0,211.5,WAS,2.4415194444444435,36,SG
SG,Bradley Beal,8200,Chi@Was 07:00PM ET,35.71,WAS,Washington,Chicago,2017-03-17,-8.0,211.5,CHI,0.8090406249999988,32,SG
SG,DeMar DeRozan,8000,Tor@Det 07:30PM ET,40.867,TOR,Toronto,Detroit,2017-03-17,3.5,202.0,DET,0.278581818181817,33,SG
SG,Devin Booker,7200,Orl@Pho 10:00PM ET,31.354,PHO,Phoenix,Orlando,2017-03-17,-2.5,219.5,ORL,1.105569444444444,36,SG
PG/SG,Eric Bledsoe,7000,Orl@Pho 10:00PM ET,39.621,PHO,Phoenix,Orlando,2017-03-17,-2.5,219.5,ORL,1.105569444444444,36,SG
SG/SF,Dion Waiters,6700,Min@Mia 08:00PM ET,29.472,MIA,Miami,Minnesota,2017-03-17,-4.0,206.0,MIN,-0.5351705882352952,34,SG
SG,Dwyane Wade,6200,Chi@Was 07:00PM ET,33.693,CHI,Chicago,Washington,2017-03-17,8.0,211.5,WAS,2.4415194444444435,36,SG
SG,Avery Bradley,6000,Bos@Bkn 07:30PM ET,31.682,BOS,Boston,Brooklyn,2017-03-17,-8.0,215.0,BKN,0.10036969696969597,33,SG
PG/SG,Jordan Clarkson,6000,Mil@LAL 10:30PM ET,23.871,LAL,L.A. Lakers,Milwaukee,2017-03-17,7.5,213.0,MIL,-2.9121729729729737,37,SG
SG,Seth Curry,5900,Dal@Phi 07:00PM ET,23.167,DAL,Dallas,Philadelphia,2017-03-17,-5.0,204.0,PHI,1.4983545454545448,33,SG
PG/SG,Lou Williams,5800,Hou@NO 08:00PM ET,28.438,HOU,Houston,New Orleans,2017-03-17,-4.5,229.5,NOR,-2.0783575757575763,33,SG
SG,Evan Fournier,5800,Orl@Pho 10:00PM ET,26.873,ORL,Orlando,Phoenix,2017-03-17,2.5,219.5,PHO,-2.3554515151515156,33,SG
PG/SG,Patrick Beverley,5600,Hou@NO 08:00PM ET,27.514,HOU,Houston,New Orleans,2017-03-17,-4.5,229.5,NOR,-2.0783575757575763,33,SG
SG,Kentavious Caldwell-Pope,5300,Tor@Det 07:30PM ET,25.583,DET,Detroit,Toronto,2017-03-17,-3.5,202.0,TOR,-2.024741666666667,36,SG
PG/SG,Malcolm Brogdon,5100,Mil@LAL 10:30PM ET,21.881,MIL,Milwaukee,L.A. Lakers,2017-03-17,-7.5,213.0,LAL,0.49759393939393837,33,SG
SG,Eric Gordon,5000,Hou@NO 08:00PM ET,27.105,HOU,Houston,New Orleans,2017-03-17,-4.5,229.5,NOR,-2.0783575757575763,33,SG
PG/SG,Marcus Smart,4900,Bos@Bkn 07:30PM ET,25.792,BOS,Boston,Brooklyn,2017-03-17,-8.0,215.0,BKN,0.10036969696969597,33,SG
SG/SF,Wesley Matthews,4900,Dal@Phi 07:00PM ET,25.934,DAL,Dallas,Philadelphia,2017-03-17,-5.0,204.0,PHI,1.4983545454545448,33,SG
PG/SG,Cory Joseph,4800,Tor@Det 07:30PM ET,18.47,TOR,Toronto,Detroit,2017-03-17,3.5,202.0,DET,0.278581818181817,33,SG
SG,Sean Kilpatrick,4700,Bos@Bkn 07:30PM ET,23.058,BKN,Brooklyn,Boston,2017-03-17,8.0,215.0,BOS,-1.36419142857143,35,SG
SG/SF,Norman Powell,4500,Tor@Det 07:30PM ET,14.398,TOR,Toronto,Detroit,2017-03-17,3.5,202.0,DET,0.278581818181817,33,SG
SG/SF,Bojan Bogdanovic,4500,Chi@Was 07:00PM ET,22.198,WAS,Washington,Chicago,2017-03-17,-8.0,211.5,CHI,0.8090406249999988,32,SG
SG,Jordan Crawford,4400,Hou@NO 08:00PM ET,23.55,NOR,New Orleans,Houston,2017-03-17,4.5,229.5,HOU,0.013156666666666143,30,SG
SG/SF,Josh Richardson,4300,Min@Mia 08:00PM ET,20.25,MIA,Miami,Minnesota,2017-03-17,-4.0,206.0,MIN,-0.5351705882352952,34,SG
SG/SF,Denzel Valentine,4100,Chi@Was 07:00PM ET,10.314,CHI,Chicago,Washington,2017-03-17,8.0,211.5,WAS,2.4415194444444435,36,SG
SG/SF,Tony Snell,4000,Mil@LAL 10:30PM ET,16.686,MIL,Milwaukee,L.A. Lakers,2017-03-17,-7.5,213.0,LAL,0.49759393939393837,33,SG
SG/SF,Jaylen Brown,3900,Bos@Bkn 07:30PM ET,12.602,BOS,Boston,Brooklyn,2017-03-17,-8.0,215.0,BKN,0.10036969696969597,33,SG
PG/SG,Matthew Dellavedova,3900,Mil@LAL 10:30PM ET,18.859,MIL,Milwaukee,L.A. Lakers,2017-03-17,-7.5,213.0,LAL,0.49759393939393837,33,SG
PG/SG,Spencer Dinwiddie,3700,Bos@Bkn 07:30PM ET,16.239,BKN,Brooklyn,Boston,2017-03-17,8.0,215.0,BOS,-1.36419142857143,35,SG
SG/SF,Shabazz Muhammad,3700,Min@Mia 08:00PM ET,14.516,MIN,Minnesota,Miami,2017-03-17,4.0,206.0,MIA,-2.8196750000000015,36,SG
SG,Nick Young,3700,Mil@LAL 10:30PM ET,20.25,LAL,L.A. Lakers,Milwaukee,2017-03-17,7.5,213.0,MIL,-2.9121729729729737,37,SG
SG,Archie Goodwin,3600,Bos@Bkn 07:30PM ET,6.333,BKN,Brooklyn,Boston,2017-03-17,8.0,215.0,BOS,-1.36419142857143,35,SG
SG,Gerald Henderson,3600,Dal@Phi 07:00PM ET,16.932,PHI,Philadelphia,Dallas,2017-03-17,5.0,204.0,DAL,-3.155128125000001,32,SG
SG/SF,Timothe Luwawu-Cabarrot,3500,Dal@Phi 07:00PM ET,8.551,PHI,Philadelphia,Dallas,2017-03-17,5.0,204.0,DAL,-3.155128125000001,32,SG
SG/SF,E'Twaun Moore,3500,Hou@NO 08:00PM ET,18.176,NOR,New Orleans,Houston,2017-03-17,4.5,229.5,HOU,0.013156666666666143,30,SG
SG,Brandon Knight,3500,Orl@Pho 10:00PM ET,18.181,PHO,Phoenix,Orlando,2017-03-17,-2.5,219.5,ORL,1.105569444444444,36,SG
SG,Nik Stauskas,3400,Dal@Phi 07:00PM ET,17.523,PHI,Philadelphia,Dallas,2017-03-17,5.0,204.0,DAL,-3.155128125000001,32,SG
PG/SG,Leandro Barbosa,3200,Orl@Pho 10:00PM ET,10.719,PHO,Phoenix,Orlando,2017-03-17,-2.5,219.5,ORL,1.105569444444444,36,SG
SG/SF,Stanley Johnson,3100,Tor@Det 07:30PM ET,11.59,DET,Detroit,Toronto,2017-03-17,-3.5,202.0,TOR,-2.024741666666667,36,SG
SG,Randy Foye,3000,Bos@Bkn 07:30PM ET,12.472,BKN,Brooklyn,Boston,2017-03-17,8.0,215.0,BOS,-1.36419142857143,35,SG
SG,James Young,3000,Bos@Bkn 07:30PM ET,4.86,BOS,Boston,Brooklyn,2017-03-17,-8.0,215.0,BKN,0.10036969696969597,33,SG
SG,Reggie Bullock,3000,Tor@Det 07:30PM ET,8.466,DET,Detroit,Toronto,2017-03-17,-3.5,202.0,TOR,-2.024741666666667,36,SG
SG,Darrun Hilliard,3000,Tor@Det 07:30PM ET,5.892,DET,Detroit,Toronto,2017-03-17,-3.5,202.0,TOR,-2.024741666666667,36,SG
SG/SF,Kelly Oubre,3000,Chi@Was 07:00PM ET,12.07,WAS,Washington,Chicago,2017-03-17,-8.0,211.5,CHI,0.8090406249999988,32,SG
SG,Anthony Morrow,3000,Chi@Was 07:00PM ET,8.577,CHI,Chicago,Washington,2017-03-17,8.0,211.5,WAS,2.4415194444444435,36,SG
SG,Sheldon McClellan,3000,Chi@Was 07:00PM ET,5.482,WAS,Washington,Chicago,2017-03-17,-8.0,211.5,CHI,0.8090406249999988,32,SG
PG/SG,Tyus Jones,3000,Min@Mia 08:00PM ET,9.722,MIN,Minnesota,Miami,2017-03-17,4.0,206.0,MIA,-2.8196750000000015,36,SG
SG/SF,Rodney McGruder,3000,Min@Mia 08:00PM ET,14.367,MIA,Miami,Minnesota,2017-03-17,-4.0,206.0,MIN,-0.5351705882352952,34,SG
SG,Brandon Rush,3000,Min@Mia 08:00PM ET,10.352,MIN,Minnesota,Miami,2017-03-17,4.0,206.0,MIA,-2.8196750000000015,36,SG
SG,Zach LaVine,3000,Min@Mia 08:00PM ET,30.149,MIN,Minnesota,Miami,2017-03-17,4.0,206.0,MIA,-2.8196750000000015,36,SG
PG/SG,Devin Harris,3000,Dal@Phi 07:00PM ET,13.075,DAL,Dallas,Philadelphia,2017-03-17,-5.0,204.0,PHI,1.4983545454545448,33,SG
SG,Manny Harris,3000,Dal@Phi 07:00PM ET,1.75,DAL,Dallas,Philadelphia,2017-03-17,-5.0,204.0,PHI,1.4983545454545448,33,SG
SG,Nicolas Brussino,3000,Dal@Phi 07:00PM ET,5.395,DAL,Dallas,Philadelphia,2017-03-17,-5.0,204.0,PHI,1.4983545454545448,33,SG
SG,Hollis Thompson,3000,Hou@NO 08:00PM ET,11.5,NOR,New Orleans,Houston,2017-03-17,4.5,229.5,HOU,0.013156666666666143,30,SG
SG,Troy Williams,3000,Hou@NO 08:00PM ET,10.77,HOU,Houston,New Orleans,2017-03-17,-4.5,229.5,NOR,-2.0783575757575763,33,SG
SG,Wayne Selden Jr.,3000,Hou@NO 08:00PM ET,6.75,NOR,New Orleans,Houston,2017-03-17,4.5,229.5,HOU,0.013156666666666143,30,SG
PG/SG,CJ Watson,3000,Orl@Pho 10:00PM ET,10.69,ORL,Orlando,Phoenix,2017-03-17,2.5,219.5,PHO,-2.3554515151515156,33,SG
SG,Jodie Meeks,3000,Orl@Pho 10:00PM ET,16.792,ORL,Orlando,Phoenix,2017-03-17,2.5,219.5,PHO,-2.3554515151515156,33,SG
SG,CJ Wilcox,3000,Orl@Pho 10:00PM ET,2.675,ORL,Orlando,Phoenix,2017-03-17,2.5,219.5,PHO,-2.3554515151515156,33,SG
PG/SG,Tyler Ennis,3000,Mil@LAL 10:30PM ET,5.654,LAL,L.A. Lakers,Milwaukee,2017-03-17,7.5,213.0,MIL,-2.9121729729729737,37,SG
SG,David Nwaba,3000,Mil@LAL 10:30PM ET,7.406,LAL,L.A. Lakers,Milwaukee,2017-03-17,7.5,213.0,MIL,-2.9121729729729737,37,SG
SG,Rashad Vaughn,3000,Mil@LAL 10:30PM ET,7.0,MIL,Milwaukee,L.A. Lakers,2017-03-17,-7.5,213.0,LAL,0.49759393939393837,33,SG
SG/SF,Jimmy Butler,8800,Chi@Was 07:00PM ET,42.5,CHI,Chicago,Washington,2017-03-17,8.0,211.5,WAS,1.3778812499999995,32,SF
SF/PF,Robert Covington,6900,Dal@Phi 07:00PM ET,28.954,PHI,Philadelphia,Dallas,2017-03-17,5.0,204.0,DAL,-2.120925000000001,32,SF
SG/SF,Dion Waiters,6700,Min@Mia 08:00PM ET,29.472,MIA,Miami,Minnesota,2017-03-17,-4.0,206.0,MIN,-2.9654625000000006,24,SF
SF,Andrew Wiggins,6700,Min@Mia 08:00PM ET,33.787,MIN,Minnesota,Miami,2017-03-17,4.0,206.0,MIA,-2.3840540540540553,37,SF
SF/PF,TJ Warren,6600,Orl@Pho 10:00PM ET,24.159,PHO,Phoenix,Orlando,2017-03-17,-2.5,219.5,ORL,-1.2684970588235307,34,SF
SF/PF,Otto Porter,6500,Chi@Was 07:00PM ET,30.082,WAS,Washington,Chicago,2017-03-17,-8.0,211.5,CHI,0.4116249999999992,28,SF
SF,Khris Middleton,6500,Mil@LAL 10:30PM ET,27.35,MIL,Milwaukee,L.A. Lakers,2017-03-17,-7.5,213.0,LAL,0.22468709677419232,31,SF
SF/PF,Harrison Barnes,6300,Dal@Phi 07:00PM ET,30.746,DAL,Dallas,Philadelphia,2017-03-17,-5.0,204.0,PHI,0.12317812499999958,32,SF
SF/PF,Tobias Harris,5900,Tor@Det 07:30PM ET,27.813,DET,Detroit,Toronto,2017-03-17,-3.5,202.0,TOR,-2.1442200000000007,35,SF
SF,Jae Crowder,5400,Bos@Bkn 07:30PM ET,26.897,BOS,Boston,Brooklyn,2017-03-17,-8.0,215.0,BKN,-0.0967100000000008,30,SF
SF/PF,Marcus Morris,5300,Tor@Det 07:30PM ET,25.948,DET,Detroit,Toronto,2017-03-17,-3.5,202.0,TOR,-2.1442200000000007,35,SF
SF/PF,Trevor Ariza,5200,Hou@NO 08:00PM ET,26.967,HOU,Houston,New Orleans,2017-03-17,-4.5,229.5,NOR,-1.6307500000000008,32,SF
SF,Brandon Ingram,5000,Mil@LAL 10:30PM ET,18.415,LAL,L.A. Lakers,Milwaukee,2017-03-17,7.5,213.0,MIL,-1.3935514285714294,35,SF
SG/SF,Wesley Matthews,4900,Dal@Phi 07:00PM ET,25.934,DAL,Dallas,Philadelphia,2017-03-17,-5.0,204.0,PHI,0.12317812499999958,32,SF
SF,Terrence Ross,4800,Orl@Pho 10:00PM ET,18.677,ORL,Orlando,Phoenix,2017-03-17,2.5,219.5,PHO,-1.096878787878789,33,SF
SG/SF,Norman Powell,4500,Tor@Det 07:30PM ET,14.398,TOR,Toronto,Detroit,2017-03-17,3.5,202.0,DET,0.44525833333333253,36,SF
SG/SF,Bojan Bogdanovic,4500,Chi@Was 07:00PM ET,22.198,WAS,Washington,Chicago,2017-03-17,-8.0,211.5,CHI,0.4116249999999992,28,SF
SF/PF,Michael Beasley,4400,Mil@LAL 10:30PM ET,17.03,MIL,Milwaukee,L.A. Lakers,2017-03-17,-7.5,213.0,LAL,0.22468709677419232,31,SF
SG/SF,Josh Richardson,4300,Min@Mia 08:00PM ET,20.25,MIA,Miami,Minnesota,2017-03-17,-4.0,206.0,MIN,-2.9654625000000006,24,SF
SF,Caris LeVert,4200,Bos@Bkn 07:30PM ET,16.607,BKN,Brooklyn,Boston,2017-03-17,8.0,215.0,BOS,-0.24467428571428676,35,SF
SG/SF,Denzel Valentine,4100,Chi@Was 07:00PM ET,10.314,CHI,Chicago,Washington,2017-03-17,8.0,211.5,WAS,1.3778812499999995,32,SF
SG/SF,Tony Snell,4000,Mil@LAL 10:30PM ET,16.686,MIL,Milwaukee,L.A. Lakers,2017-03-17,-7.5,213.0,LAL,0.22468709677419232,31,SF
SF/PF,Larry Nance,4000,Mil@LAL 10:30PM ET,19.112,LAL,L.A. Lakers,Milwaukee,2017-03-17,7.5,213.0,MIL,-1.3935514285714294,35,SF
SG/SF,Jaylen Brown,3900,Bos@Bkn 07:30PM ET,12.602,BOS,Boston,Brooklyn,2017-03-17,-8.0,215.0,BKN,-0.0967100000000008,30,SF
SF,Wayne Ellington,3900,Min@Mia 08:00PM ET,18.286,MIA,Miami,Minnesota,2017-03-17,-4.0,206.0,MIN,-2.9654625000000006,24,SF
SF,DeMarre Carroll,3700,Tor@Det 07:30PM ET,19.413,TOR,Toronto,Detroit,2017-03-17,3.5,202.0,DET,0.44525833333333253,36,SF
SG/SF,Shabazz Muhammad,3700,Min@Mia 08:00PM ET,14.516,MIN,Minnesota,Miami,2017-03-17,4.0,206.0,MIA,-2.3840540540540553,37,SF
SF/PF,PJ Tucker,3600,Tor@Det 07:30PM ET,18.982,TOR,Toronto,Detroit,2017-03-17,3.5,202.0,DET,0.44525833333333253,36,SF
SG/SF,Timothe Luwawu-Cabarrot,3500,Dal@Phi 07:00PM ET,8.551,PHI,Philadelphia,Dallas,2017-03-17,5.0,204.0,DAL,-2.120925000000001,32,SF
SF,Justin Anderson,3500,Dal@Phi 07:00PM ET,12.861,PHI,Philadelphia,Dallas,2017-03-17,5.0,204.0,DAL,-2.120925000000001,32,SF
SG/SF,E'Twaun Moore,3500,Hou@NO 08:00PM ET,18.176,NOR,New Orleans,Houston,2017-03-17,4.5,229.5,HOU,-0.46094482758620764,29,SF
SF/PF,Sam Dekker,3500,Hou@NO 08:00PM ET,15.114,HOU,Houston,New Orleans,2017-03-17,-4.5,229.5,NOR,-1.6307500000000008,32,SF
SF/PF,Quincy Acy,3300,Bos@Bkn 07:30PM ET,11.657,BKN,Brooklyn,Boston,2017-03-17,8.0,215.0,BOS,-0.24467428571428676,35,SF
SF/PF,Dante Cunningham,3200,Hou@NO 08:00PM ET,14.825,NOR,New Orleans,Houston,2017-03-17,4.5,229.5,HOU,-0.46094482758620764,29,SF
SF,Solomon Hill,3200,Hou@NO 08:00PM ET,16.174,NOR,New Orleans,Houston,2017-03-17,4.5,229.5,HOU,-0.46094482758620764,29,SF
SF/PF,Jeff Green,3200,Orl@Pho 10:00PM ET,16.358,ORL,Orlando,Phoenix,2017-03-17,2.5,219.5,PHO,-1.096878787878789,33,SF
SG/SF,Stanley Johnson,3100,Tor@Det 07:30PM ET,11.59,DET,Detroit,Toronto,2017-03-17,-3.5,202.0,TOR,-2.1442200000000007,35,SF
SF,Gerald Green,3000,Bos@Bkn 07:30PM ET,9.816,BOS,Boston,Brooklyn,2017-03-17,-8.0,215.0,BKN,-0.0967100000000008,30,SF
SF,Joe Harris,3000,Bos@Bkn 07:30PM ET,15.072,BKN,Brooklyn,Boston,2017-03-17,8.0,215.0,BOS,-0.24467428571428676,35,SF
SF,K.J. McDaniels,3000,Bos@Bkn 07:30PM ET,5.284,BKN,Brooklyn,Boston,2017-03-17,8.0,215.0,BOS,-0.24467428571428676,35,SF
SF,Michael Gbinije,3000,Tor@Det 07:30PM ET,1.194,DET,Detroit,Toronto,2017-03-17,-3.5,202.0,TOR,-2.1442200000000007,35,SF
SF,Bruno Caboclo,3000,Tor@Det 07:30PM ET,2.313,TOR,Toronto,Detroit,2017-03-17,3.5,202.0,DET,0.44525833333333253,36,SF
SG/SF,Kelly Oubre,3000,Chi@Was 07:00PM ET,12.07,WAS,Washington,Chicago,2017-03-17,-8.0,211.5,CHI,0.4116249999999992,28,SF
SF,Paul Zipser,3000,Chi@Was 07:00PM ET,9.225,CHI,Chicago,Washington,2017-03-17,8.0,211.5,WAS,1.3778812499999995,32,SF
SG/SF,Rodney McGruder,3000,Min@Mia 08:00PM ET,14.367,MIA,Miami,Minnesota,2017-03-17,-4.0,206.0,MIN,-2.9654625000000006,24,SF
SF,Lance Stephenson,3000,Min@Mia 08:00PM ET,13.667,MIN,Minnesota,Miami,2017-03-17,4.0,206.0,MIA,-2.3840540540540553,37,SF
SF,Dorian Finney-Smith,3000,Dal@Phi 07:00PM ET,11.0,DAL,Dallas,Philadelphia,2017-03-17,-5.0,204.0,PHI,0.12317812499999958,32,SF
SF,Quincy Pondexter,3000,Hou@NO 08:00PM ET,0.0,NOR,New Orleans,Houston,2017-03-17,4.5,229.5,HOU,-0.46094482758620764,29,SF
SF/PF,Jared Dudley,3000,Orl@Pho 10:00PM ET,14.333,PHO,Phoenix,Orlando,2017-03-17,-2.5,219.5,ORL,-1.2684970588235307,34,SF
SF,Mario Hezonja,3000,Orl@Pho 10:00PM ET,9.264,ORL,Orlando,Phoenix,2017-03-17,2.5,219.5,PHO,-1.096878787878789,33,SF
SF,Derrick Jones,3000,Orl@Pho 10:00PM ET,6.778,PHO,Phoenix,Orlando,2017-03-17,-2.5,219.5,ORL,-1.2684970588235307,34,SF
SF,Metta World Peace,3000,Mil@LAL 10:30PM ET,2.713,LAL,L.A. Lakers,Milwaukee,2017-03-17,7.5,213.0,MIL,-1.3935514285714294,35,SF
SF,Luol Deng,3000,Mil@LAL 10:30PM ET,18.79,LAL,L.A. Lakers,Milwaukee,2017-03-17,7.5,213.0,MIL,-1.3935514285714294,35,SF
SF,Corey Brewer,3000,Mil@LAL 10:30PM ET,9.846,LAL,L.A. Lakers,Milwaukee,2017-03-17,7.5,213.0,MIL,-1.3935514285714294,35,SF
PF/C,Karl-Anthony Towns,10400,Min@Mia 08:00PM ET,48.418,MIN,Minnesota,Miami,2017-03-17,4.0,206.0,MIA,-2.8534718750000008,32,PF
PF/C,Anthony Davis,10200,Hou@NO 08:00PM ET,53.142,NOR,New Orleans,Houston,2017-03-17,4.5,229.5,HOU,0.6622703703703696,27,PF
PF/C,DeMarcus Cousins,9800,Hou@NO 08:00PM ET,51.678,NOR,New Orleans,Houston,2017-03-17,4.5,229.5,HOU,0.6622703703703696,27,PF
PF,Dario Saric,7900,Dal@Phi 07:00PM ET,25.306,PHI,Philadelphia,Dallas,2017-03-17,5.0,204.0,DAL,-0.4357432432432441,37,PF
PF/C,Julius Randle,7400,Mil@LAL 10:30PM ET,31.258,LAL,L.A. Lakers,Milwaukee,2017-03-17,7.5,213.0,MIL,-3.2303891891891903,37,PF
SF/PF,Robert Covington,6900,Dal@Phi 07:00PM ET,28.954,PHI,Philadelphia,Dallas,2017-03-17,5.0,204.0,DAL,-0.4357432432432441,37,PF
SF/PF,TJ Warren,6600,Orl@Pho 10:00PM ET,24.159,PHO,Phoenix,Orlando,2017-03-17,-2.5,219.5,ORL,0.10396176470588128,34,PF
SF/PF,Otto Porter,6500,Chi@Was 07:00PM ET,30.082,WAS,Washington,Chicago,2017-03-17,-8.0,211.5,CHI,0.7692133333333327,30,PF
PF/C,Dirk Nowitzki,6400,Dal@Phi 07:00PM ET,28.274,DAL,Dallas,Philadelphia,2017-03-17,-5.0,204.0,PHI,1.5331757575757567,33,PF
SF/PF,Harrison Barnes,6300,Dal@Phi 07:00PM ET,30.746,DAL,Dallas,Philadelphia,2017-03-17,-5.0,204.0,PHI,1.5331757575757567,33,PF
PF,Markieff Morris,6100,Chi@Was 07:00PM ET,28.642,WAS,Washington,Chicago,2017-03-17,-8.0,211.5,CHI,0.7692133333333327,30,PF
PF/C,Serge Ibaka,6000,Tor@Det 07:30PM ET,29.649,TOR,Toronto,Detroit,2017-03-17,3.5,202.0,DET,-1.0029066666666677,30,PF
SF/PF,Tobias Harris,5900,Tor@Det 07:30PM ET,27.813,DET,Detroit,Toronto,2017-03-17,-3.5,202.0,TOR,-0.9190451612903237,31,PF
PF,Aaron Gordon,5700,Orl@Pho 10:00PM ET,22.866,ORL,Orlando,Phoenix,2017-03-17,2.5,219.5,PHO,0.30680294117646983,34,PF
PF/C,James Johnson,5600,Min@Mia 08:00PM ET,26.919,MIA,Miami,Minnesota,2017-03-17,-4.0,206.0,MIN,-2.921900000000001,26,PF
SF/PF,Marcus Morris,5300,Tor@Det 07:30PM ET,25.948,DET,Detroit,Toronto,2017-03-17,-3.5,202.0,TOR,-0.9190451612903237,31,PF
PF,Marquese Chriss,5300,Orl@Pho 10:00PM ET,17.048,PHO,Phoenix,Orlando,2017-03-17,-2.5,219.5,ORL,0.10396176470588128,34,PF
SF/PF,Trevor Ariza,5200,Hou@NO 08:00PM ET,26.967,HOU,Houston,New Orleans,2017-03-17,-4.5,229.5,NOR,-1.5266093750000007,32,PF
PF/C,Gorgui Dieng,5100,Min@Mia 08:00PM ET,26.481,MIN,Minnesota,Miami,2017-03-17,4.0,206.0,MIA,-2.8534718750000008,32,PF
PF/C,Trevor Booker,5000,Bos@Bkn 07:30PM ET,26.713,BKN,Brooklyn,Boston,2017-03-17,8.0,215.0,BOS,-1.8143230769230776,39,PF
PF,Nemanja Bjelica,4600,Min@Mia 08:00PM ET,14.669,MIN,Minnesota,Miami,2017-03-17,4.0,206.0,MIA,-2.8534718750000008,32,PF
PF,Ryan Anderson,4500,Hou@NO 08:00PM ET,23.492,HOU,Houston,New Orleans,2017-03-17,-4.5,229.5,NOR,-1.5266093750000007,32,PF
SF/PF,Michael Beasley,4400,Mil@LAL 10:30PM ET,17.03,MIL,Milwaukee,L.A. Lakers,2017-03-17,-7.5,213.0,LAL,1.9795066666666652,30,PF
PF,Nikola Mirotic,4300,Chi@Was 07:00PM ET,20.674,CHI,Chicago,Washington,2017-03-17,8.0,211.5,WAS,4.713524242424242,33,PF
PF/C,Kelly Olynyk,4000,Bos@Bkn 07:30PM ET,19.602,BOS,Boston,Brooklyn,2017-03-17,-8.0,215.0,BKN,-0.19860000000000042,35,PF
PF,Rondae Hollis-Jefferson,4000,Bos@Bkn 07:30PM ET,20.405,BKN,Brooklyn,Boston,2017-03-17,8.0,215.0,BOS,-1.8143230769230776,39,PF
PF/C,Jon Leuer,4000,Tor@Det 07:30PM ET,21.625,DET,Detroit,Toronto,2017-03-17,-3.5,202.0,TOR,-0.9190451612903237,31,PF
SF/PF,Larry Nance,4000,Mil@LAL 10:30PM ET,19.112,LAL,L.A. Lakers,Milwaukee,2017-03-17,7.5,213.0,MIL,-3.2303891891891903,37,PF
PF,Bobby Portis,3900,Chi@Was 07:00PM ET,12.3,CHI,Chicago,Washington,2017-03-17,8.0,211.5,WAS,4.713524242424242,33,PF
PF/C,Amir Johnson,3700,Bos@Bkn 07:30PM ET,17.123,BOS,Boston,Brooklyn,2017-03-17,-8.0,215.0,BKN,-0.19860000000000042,35,PF
SF/PF,PJ Tucker,3600,Tor@Det 07:30PM ET,18.982,TOR,Toronto,Detroit,2017-03-17,3.5,202.0,DET,-1.0029066666666677,30,PF
SF/PF,Sam Dekker,3500,Hou@NO 08:00PM ET,15.114,HOU,Houston,New Orleans,2017-03-17,-4.5,229.5,NOR,-1.5266093750000007,32,PF
SF/PF,Quincy Acy,3300,Bos@Bkn 07:30PM ET,11.657,BKN,Brooklyn,Boston,2017-03-17,8.0,215.0,BOS,-1.8143230769230776,39,PF
SF/PF,Dante Cunningham,3200,Hou@NO 08:00PM ET,14.825,NOR,New Orleans,Houston,2017-03-17,4.5,229.5,HOU,0.6622703703703696,27,PF
SF/PF,Jeff Green,3200,Orl@Pho 10:00PM ET,16.358,ORL,Orlando,Phoenix,2017-03-17,2.5,219.5,PHO,0.30680294117646983,34,PF
PF,Andrew Nicholson,3000,Bos@Bkn 07:30PM ET,5.57,BKN,Brooklyn,Boston,2017-03-17,8.0,215.0,BOS,-1.8143230769230776,39,PF
PF,Jonas Jerebko,3000,Bos@Bkn 07:30PM ET,11.0,BOS,Boston,Brooklyn,2017-03-17,-8.0,215.0,BKN,-0.19860000000000042,35,PF
PF,Jordan Mickey,3000,Bos@Bkn 07:30PM ET,4.217,BOS,Boston,Brooklyn,2017-03-17,-8.0,215.0,BKN,-0.19860000000000042,35,PF
PF,Patrick Patterson,3000,Tor@Det 07:30PM ET,17.466,TOR,Toronto,Detroit,2017-03-17,3.5,202.0,DET,-1.0029066666666677,30,PF
PF,Lucas Nogueira,3000,Tor@Det 07:30PM ET,16.368,TOR,Toronto,Detroit,2017-03-17,3.5,202.0,DET,-1.0029066666666677,30,PF
PF,Pascal Siakam,3000,Tor@Det 07:30PM ET,11.255,TOR,Toronto,Detroit,2017-03-17,3.5,202.0,DET,-1.0029066666666677,30,PF
PF,Henry Ellenson,3000,Tor@Det 07:30PM ET,2.964,DET,Detroit,Toronto,2017-03-17,-3.5,202.0,TOR,-0.9190451612903237,31,PF
PF/C,Jason Smith,3000,Chi@Was 07:00PM ET,11.371,WAS,Washington,Chicago,2017-03-17,-8.0,211.5,CHI,0.7692133333333327,30,PF
PF/C,Joffrey Lauvergne,3000,Chi@Was 07:00PM ET,12.272,CHI,Chicago,Washington,2017-03-17,8.0,211.5,WAS,4.713524242424242,33,PF
PF,Chris McCullough,3000,Chi@Was 07:00PM ET,4.383,WAS,Washington,Chicago,2017-03-17,-8.0,211.5,CHI,0.7692133333333327,30,PF
PF,Chris Bosh,3000,Min@Mia 08:00PM ET,0.0,MIA,Miami,Minnesota,2017-03-17,-4.0,206.0,MIN,-2.921900000000001,26,PF
PF,Udonis Haslem,3000,Min@Mia 08:00PM ET,5.859,MIA,Miami,Minnesota,2017-03-17,-4.0,206.0,MIN,-2.921900000000001,26,PF
PF,Josh McRoberts,3000,Min@Mia 08:00PM ET,13.523,MIA,Miami,Minnesota,2017-03-17,-4.0,206.0,MIN,-2.921900000000001,26,PF
PF,Jordan Hill,3000,Min@Mia 08:00PM ET,5.35,MIN,Minnesota,Miami,2017-03-17,4.0,206.0,MIA,-2.8534718750000008,32,PF
PF,Luke Babbitt,3000,Min@Mia 08:00PM ET,9.564,MIA,Miami,Minnesota,2017-03-17,-4.0,206.0,MIN,-2.921900000000001,26,PF
PF,Okaro White,3000,Min@Mia 08:00PM ET,9.087,MIA,Miami,Minnesota,2017-03-17,-4.0,206.0,MIN,-2.921900000000001,26,PF
PF,Adreian Payne,3000,Min@Mia 08:00PM ET,7.875,MIN,Minnesota,Miami,2017-03-17,4.0,206.0,MIA,-2.8534718750000008,32,PF
PF,Justise Winslow,3000,Min@Mia 08:00PM ET,25.833,MIA,Miami,Minnesota,2017-03-17,-4.0,206.0,MIN,-2.921900000000001,26,PF
PF/C,Shawn Long,3000,Dal@Phi 07:00PM ET,12.75,PHI,Philadelphia,Dallas,2017-03-17,5.0,204.0,DAL,-0.4357432432432441,37,PF
PF,Dwight Powell,3000,Dal@Phi 07:00PM ET,15.488,DAL,Dallas,Philadelphia,2017-03-17,-5.0,204.0,PHI,1.5331757575757567,33,PF
PF,Jarrod Uthoff,3000,Dal@Phi 07:00PM ET,1.625,DAL,Dallas,Philadelphia,2017-03-17,-5.0,204.0,PHI,1.5331757575757567,33,PF
PF,Donatas Motiejunas,3000,Hou@NO 08:00PM ET,11.019,NOR,New Orleans,Houston,2017-03-17,4.5,229.5,HOU,0.6622703703703696,27,PF
PF,Kyle Wiltjer,3000,Hou@NO 08:00PM ET,2.455,HOU,Houston,New Orleans,2017-03-17,-4.5,229.5,NOR,-1.5266093750000007,32,PF
PF,Cheick Diallo,3000,Hou@NO 08:00PM ET,9.023,NOR,New Orleans,Houston,2017-03-17,4.5,229.5,HOU,0.6622703703703696,27,PF
SF/PF,Jared Dudley,3000,Orl@Pho 10:00PM ET,14.333,PHO,Phoenix,Orlando,2017-03-17,-2.5,219.5,ORL,0.10396176470588128,34,PF
PF,Damjan Rudez,3000,Orl@Pho 10:00PM ET,3.944,ORL,Orlando,Phoenix,2017-03-17,2.5,219.5,PHO,0.30680294117646983,34,PF
PF,Dragan Bender,3000,Orl@Pho 10:00PM ET,8.053,PHO,Phoenix,Orlando,2017-03-17,-2.5,219.5,ORL,0.10396176470588128,34,PF
PF,Thomas Robinson,3000,Mil@LAL 10:30PM ET,11.388,LAL,L.A. Lakers,Milwaukee,2017-03-17,7.5,213.0,MIL,-3.2303891891891903,37,PF
PF,Terrence Jones,3000,Mil@LAL 10:30PM ET,23.712,MIL,Milwaukee,L.A. Lakers,2017-03-17,-7.5,213.0,LAL,1.9795066666666652,30,PF
PF,Mirza Teletovic,3000,Mil@LAL 10:30PM ET,11.273,MIL,Milwaukee,L.A. Lakers,2017-03-17,-7.5,213.0,LAL,1.9795066666666652,30,PF
PF,Jabari Parker,3000,Mil@LAL 10:30PM ET,34.578,MIL,Milwaukee,L.A. Lakers,2017-03-17,-7.5,213.0,LAL,1.9795066666666652,30,PF
PF/C,Karl-Anthony Towns,10400,Min@Mia 08:00PM ET,48.418,MIN,Minnesota,Miami,2017-03-17,4.0,206.0,MIA,-2.950907692307693,26,C
PF/C,Anthony Davis,10200,Hou@NO 08:00PM ET,53.142,NOR,New Orleans,Houston,2017-03-17,4.5,229.5,HOU,-0.8642592592592597,27,C
PF/C,DeMarcus Cousins,9800,Hou@NO 08:00PM ET,51.678,NOR,New Orleans,Houston,2017-03-17,4.5,229.5,HOU,-0.8642592592592597,27,C
C,Hassan Whiteside,8100,Min@Mia 08:00PM ET,41.183,MIA,Miami,Minnesota,2017-03-17,-4.0,206.0,MIN,1.1793374999999993,32,C
C,Nikola Vucevic,7400,Orl@Pho 10:00PM ET,35.097,ORL,Orlando,Phoenix,2017-03-17,2.5,219.5,PHO,3.526329999999999,30,C
PF/C,Julius Randle,7400,Mil@LAL 10:30PM ET,31.258,LAL,L.A. Lakers,Milwaukee,2017-03-17,7.5,213.0,MIL,-0.16610312500000113,32,C
C,Andre Drummond,7100,Tor@Det 07:30PM ET,38.903,DET,Detroit,Toronto,2017-03-17,-3.5,202.0,TOR,-2.5809741935483883,31,C
C,Brook Lopez,6800,Bos@Bkn 07:30PM ET,34.885,BKN,Brooklyn,Boston,2017-03-17,8.0,215.0,BOS,-1.8554433333333347,30,C
PF/C,Dirk Nowitzki,6400,Dal@Phi 07:00PM ET,28.274,DAL,Dallas,Philadelphia,2017-03-17,-5.0,204.0,PHI,0.9976264705882345,34,C
C,Alan Williams,6300,Orl@Pho 10:00PM ET,16.691,PHO,Phoenix,Orlando,2017-03-17,-2.5,219.5,ORL,1.1660206896551712,29,C
C,Al Horford,6100,Bos@Bkn 07:30PM ET,34.023,BOS,Boston,Brooklyn,2017-03-17,-8.0,215.0,BKN,-1.163064705882354,34,C
PF/C,Serge Ibaka,6000,Tor@Det 07:30PM ET,29.649,TOR,Toronto,Detroit,2017-03-17,3.5,202.0,DET,1.8922642857142848,28,C
C,Greg Monroe,5900,Mil@LAL 10:30PM ET,26.455,MIL,Milwaukee,L.A. Lakers,2017-03-17,-7.5,213.0,LAL,0.9601483870967727,31,C
PF/C,James Johnson,5600,Min@Mia 08:00PM ET,26.919,MIA,Miami,Minnesota,2017-03-17,-4.0,206.0,MIN,1.1793374999999993,32,C
C,Nerlens Noel,5500,Dal@Phi 07:00PM ET,21.701,DAL,Dallas,Philadelphia,2017-03-17,-5.0,204.0,PHI,0.9976264705882345,34,C
C,Clint Capela,5500,Hou@NO 08:00PM ET,26.788,HOU,Houston,New Orleans,2017-03-17,-4.5,229.5,NOR,0.015170967741934795,31,C
C,Ivica Zubac,5400,Mil@LAL 10:30PM ET,15.032,LAL,L.A. Lakers,Milwaukee,2017-03-17,7.5,213.0,MIL,-0.16610312500000113,32,C
C,Jahlil Okafor,5300,Dal@Phi 07:00PM ET,22.17,PHI,Philadelphia,Dallas,2017-03-17,5.0,204.0,DAL,-1.4229375000000004,24,C
PF/C,Gorgui Dieng,5100,Min@Mia 08:00PM ET,26.481,MIN,Minnesota,Miami,2017-03-17,4.0,206.0,MIA,-2.950907692307693,26,C
C,Richaun Holmes,5100,Dal@Phi 07:00PM ET,18.19,PHI,Philadelphia,Dallas,2017-03-17,5.0,204.0,DAL,-1.4229375000000004,24,C
PF/C,Trevor Booker,5000,Bos@Bkn 07:30PM ET,26.713,BKN,Brooklyn,Boston,2017-03-17,8.0,215.0,BOS,-1.8554433333333347,30,C
C,Jonas Valanciunas,5000,Tor@Det 07:30PM ET,27.428,TOR,Toronto,Detroit,2017-03-17,3.5,202.0,DET,1.8922642857142848,28,C
C,Marcin Gortat,5000,Chi@Was 07:00PM ET,30.019,WAS,Washington,Chicago,2017-03-17,-8.0,211.5,CHI,-1.1511233333333344,30,C
C,Bismack Biyombo,4500,Orl@Pho 10:00PM ET,19.21,ORL,Orlando,Phoenix,2017-03-17,2.5,219.5,PHO,3.526329999999999,30,C
PF/C,Kelly Olynyk,4000,Bos@Bkn 07:30PM ET,19.602,BOS,Boston,Brooklyn,2017-03-17,-8.0,215.0,BKN,-1.163064705882354,34,C
PF/C,Jon Leuer,4000,Tor@Det 07:30PM ET,21.625,DET,Detroit,Toronto,2017-03-17,-3.5,202.0,TOR,-2.5809741935483883,31,C
C,Robin Lopez,4000,Chi@Was 07:00PM ET,22.548,CHI,Chicago,Washington,2017-03-17,8.0,211.5,WAS,3.030703448275861,29,C
C,Alex Len,4000,Orl@Pho 10:00PM ET,19.06,PHO,Phoenix,Orlando,2017-03-17,-2.5,219.5,ORL,1.1660206896551712,29,C
C,Nene Hilario,3900,Hou@NO 08:00PM ET,17.421,HOU,Houston,New Orleans,2017-03-17,-4.5,229.5,NOR,0.015170967741934795,31,C
PF/C,Amir Johnson,3700,Bos@Bkn 07:30PM ET,17.123,BOS,Boston,Brooklyn,2017-03-17,-8.0,215.0,BKN,-1.163064705882354,34,C
C,Willie Reed,3700,Min@Mia 08:00PM ET,13.399,MIA,Miami,Minnesota,2017-03-17,-4.0,206.0,MIN,1.1793374999999993,32,C
C,Aron Baynes,3500,Tor@Det 07:30PM ET,11.512,DET,Detroit,Toronto,2017-03-17,-3.5,202.0,TOR,-2.5809741935483883,31,C
C,Ian Mahinmi,3400,Chi@Was 07:00PM ET,14.147,WAS,Washington,Chicago,2017-03-17,-8.0,211.5,CHI,-1.1511233333333344,30,C
C,John Henson,3100,Mil@LAL 10:30PM ET,18.16,MIL,Milwaukee,L.A. Lakers,2017-03-17,-7.5,213.0,LAL,0.9601483870967727,31,C
C,Justin Hamilton,3000,Bos@Bkn 07:30PM ET,15.676,BKN,Brooklyn,Boston,2017-03-17,8.0,215.0,BOS,-1.8554433333333347,30,C
C,Tyler Zeller,3000,Bos@Bkn 07:30PM ET,9.03,BOS,Boston,Brooklyn,2017-03-17,-8.0,215.0,BKN,-1.163064705882354,34,C
C,Boban Marjanovic,3000,Tor@Det 07:30PM ET,9.163,DET,Detroit,Toronto,2017-03-17,-3.5,202.0,TOR,-2.5809741935483883,31,C
C,Jakob Poeltl,3000,Tor@Det 07:30PM ET,7.056,TOR,Toronto,Detroit,2017-03-17,3.5,202.0,DET,1.8922642857142848,28,C
PF/C,Jason Smith,3000,Chi@Was 07:00PM ET,11.371,WAS,Washington,Chicago,2017-03-17,-8.0,211.5,CHI,-1.1511233333333344,30,C
PF/C,Joffrey Lauvergne,3000,Chi@Was 07:00PM ET,12.272,CHI,Chicago,Washington,2017-03-17,8.0,211.5,WAS,3.030703448275861,29,C
C,Daniel Ochefu,3000,Chi@Was 07:00PM ET,2.417,WAS,Washington,Chicago,2017-03-17,-8.0,211.5,CHI,-1.1511233333333344,30,C
C,Cristiano Felicio,3000,Chi@Was 07:00PM ET,13.199,CHI,Chicago,Washington,2017-03-17,8.0,211.5,WAS,3.030703448275861,29,C
C,Cole Aldrich,3000,Min@Mia 08:00PM ET,7.183,MIN,Minnesota,Miami,2017-03-17,4.0,206.0,MIA,-2.950907692307693,26,C
C,Nikola Pekovic,3000,Min@Mia 08:00PM ET,0.0,MIN,Minnesota,Miami,2017-03-17,4.0,206.0,MIA,-2.950907692307693,26,C
PF/C,Shawn Long,3000,Dal@Phi 07:00PM ET,12.75,PHI,Philadelphia,Dallas,2017-03-17,5.0,204.0,DAL,-1.4229375000000004,24,C
C,Tiago Splitter,3000,Dal@Phi 07:00PM ET,0.0,PHI,Philadelphia,Dallas,2017-03-17,5.0,204.0,DAL,-1.4229375000000004,24,C
C,Salah Mejri,3000,Dal@Phi 07:00PM ET,11.082,DAL,Dallas,Philadelphia,2017-03-17,-5.0,204.0,PHI,0.9976264705882345,34,C
C,AJ Hammons,3000,Dal@Phi 07:00PM ET,3.583,DAL,Dallas,Philadelphia,2017-03-17,-5.0,204.0,PHI,0.9976264705882345,34,C
C,Joel Embiid,3000,Dal@Phi 07:00PM ET,38.992,PHI,Philadelphia,Dallas,2017-03-17,5.0,204.0,DAL,-1.4229375000000004,24,C
C,Alexis Ajinca,3000,Hou@NO 08:00PM ET,11.867,NOR,New Orleans,Houston,2017-03-17,4.5,229.5,HOU,-0.8642592592592597,27,C
C,Omer Asik,3000,Hou@NO 08:00PM ET,10.831,NOR,New Orleans,Houston,2017-03-17,4.5,229.5,HOU,-0.8642592592592597,27,C
C,Montrezl Harrell,3000,Hou@NO 08:00PM ET,17.063,HOU,Houston,New Orleans,2017-03-17,-4.5,229.5,NOR,0.015170967741934795,31,C
C,Chinanu Onuaku,3000,Hou@NO 08:00PM ET,6.625,HOU,Houston,New Orleans,2017-03-17,-4.5,229.5,NOR,0.015170967741934795,31,C
C,Tyson Chandler,3000,Orl@Pho 10:00PM ET,25.83,PHO,Phoenix,Orlando,2017-03-17,-2.5,219.5,ORL,1.1660206896551712,29,C
C,Stephen Zimmerman,3000,Orl@Pho 10:00PM ET,4.167,ORL,Orlando,Phoenix,2017-03-17,2.5,219.5,PHO,3.526329999999999,30,C
C,Spencer Hawes,3000,Mil@LAL 10:30PM ET,15.363,MIL,Milwaukee,L.A. Lakers,2017-03-17,-7.5,213.0,LAL,0.9601483870967727,31,C
C,Tarik Black,3000,Mil@LAL 10:30PM ET,14.714,LAL,L.A. Lakers,Milwaukee,2017-03-17,7.5,213.0,MIL,-0.16610312500000113,32,C
C,Timofey Mozgov,3000,Mil@LAL 10:30PM ET,15.833,LAL,L.A. Lakers,Milwaukee,2017-03-17,7.5,213.0,MIL,-0.16610312500000113,32,C
C,Thon Maker,3000,Mil@LAL 10:30PM ET,7.071,MIL,Milwaukee,L.A. Lakers,2017-03-17,-7.5,213.0,LAL,0.9601483870967727,31,C
