PLAYER_ID,PLAYER,FIRST_NAME,LAST_NAME,TEAM_ABBREVIATION,GP,MIN,DVS,DPP,DTP,FG_PCT,PTS_48,DPP_TOT,DVS_TOT,X
202738,Isaiah Thomas,Isaiah,Thomas,BOS,75,34.0,12.7,9.6,15.7,0.514,13.6,721,955,NA
203471,Dennis Schroder,Dennis,Schroder,ATL,78,31.5,12.4,8.2,13.6,0.505,12.5,641,965,NA
201609,Goran Dragic,Goran,Dragic,MIA,71,33.4,12.0,6.2,13.9,0.529,8.9,439,849,NA
202322,John Wall,John,Wall,WAS,78,36.1,11.8,7.9,14.7,0.519,10.6,620,922,NA
201566,Russell Westbrook,Russell,Westbrook,OKC,80,34.8,11.4,7.8,14.2,0.48,10.7,620,915,NA
203079,Dion Waiters,Dion,Waiters,MIA,46,30.1,11.0,5.3,12.5,0.428,8.4,242,505,NA
201935,James Harden,James,Harden,HOU,80,36.4,10.8,8.0,14.0,0.546,10.5,636,860,NA
201942,DeMar DeRozan,DeMar,DeRozan,TOR,73,35.5,10.5,9.0,13.6,0.548,12.2,657,764,NA
202339,Eric Bledsoe,Eric,Bledsoe,PHX,64,33.0,10.3,7.0,12.4,0.535,10.2,448,661,NA
200768,Kyle Lowry,Kyle,Lowry,TOR,58,37.7,10.2,6.8,13.1,0.55,8.6,393,591,NA
203081,Damian Lillard,Damian,Lillard,POR,75,35.9,10.0,8.4,12.4,0.51,11.3,631,747,NA
201565,Derrick Rose,Derrick,Rose,NYK,64,32.6,10.0,8.1,12.7,0.512,12.0,521,641,NA
201952,Jeff Teague,Jeff,Teague,IND,80,32.4,9.7,5.8,10.7,0.441,8.6,464,773,NA
2544,LeBron James,LeBron,James,CLE,74,37.8,9.5,7.8,12.9,0.624,9.9,574,701,NA
202689,Kemba Walker,Kemba,Walker,CHA,79,34.7,9.4,6.7,11.0,0.484,9.2,526,743,NA
202710,Jimmy Butler,Jimmy,Butler,CHI,75,37.0,9.3,6.7,11.7,0.51,8.7,501,701,NA
202681,Kyrie Irving,Kyrie,Irving,CLE,72,35.1,9.3,7.1,11.7,0.514,9.7,508,667,NA
203901,Elfrid Payton,Elfrid,Payton,ORL,81,29.3,9.2,5.6,10.7,0.512,9.2,456,746,NA
203507,Giannis Antetokounmpo,Giannis,Antetokounmpo,MIL,79,35.5,8.8,5.9,10.4,0.509,8.0,470,694,NA
202391,Jeremy Lin,Jeremy,Lin,BKN,35,24.5,8.1,4.1,7.9,0.444,7.9,142,284,NA
201950,Jrue Holiday,Jrue,Holiday,NOP,65,33.0,7.9,5.6,9.7,0.53,8.1,362,516,NA
201144,Mike Conley,Mike,Conley,MEM,68,33.4,7.7,5.4,8.9,0.5,7.8,368,525,NA
202326,DeMarcus Cousins,DeMarcus,Cousins,SAC,55,34.4,7.6,6.3,9.3,0.488,8.8,347,416,NA
2225,Tony Parker,Tony,Parker,SAS,61,25.1,7.4,3.9,8.1,0.466,7.4,237,454,NA
202326,DeMarcus Cousins,DeMarcus,Cousins,TOTAL,72,34.2,7.2,6.1,8.7,0.5,8.6,440,522,NA
201951,Ty Lawson,Ty,Lawson,SAC,68,25.0,7.2,3.3,8.5,0.538,6.4,226,489,NA
201936,Tyreke Evans,Tyreke,Evans,SAC,14,22.5,7.1,3.4,7.7,0.352,7.2,47,100,NA
204456,T.J. McConnell,T.J.,McConnell,PHI,80,26.5,7.1,3.6,7.9,0.525,6.6,291,568,NA
202704,Reggie Jackson,Reggie,Jackson,DET,52,27.4,7.0,5.1,8.3,0.449,9.0,267,363,NA
203468,CJ McCollum,CJ,McCollum,POR,80,34.9,7.0,5.7,8.4,0.51,7.8,453,557,NA
203952,Andrew Wiggins,Andrew,Wiggins,MIN,80,37.3,7.0,5.6,8.3,0.469,7.2,449,556,NA
1626144,Emmanuel Mudiay,Emmanuel,Mudiay,DEN,54,25.5,6.9,3.9,8.0,0.417,7.3,210,372,NA
1626159,Justise Winslow,Justise,Winslow,MIA,18,34.7,6.9,3.3,7.4,0.365,4.6,60,125,NA
200765,Rajon Rondo,Rajon,Rondo,CHI,68,26.8,6.8,3.0,7.2,0.468,5.4,205,460,NA
203095,Evan Fournier,Evan,Fournier,ORL,67,32.8,6.7,4.9,8.0,0.49,7.2,328,451,NA
203953,Jabari Parker,Jabari,Parker,MIL,51,33.8,6.6,4.8,7.6,0.465,6.8,245,338,NA
202397,Ish Smith,Ish,Smith,DET,80,24.0,6.6,3.5,7.8,0.466,7.0,279,529,NA
201936,Tyreke Evans,Tyreke,Evans,TOTAL,40,19.7,6.5,3.8,6.8,0.409,9.3,152,259,NA
203078,Bradley Beal,Bradley,Beal,WAS,77,34.7,6.4,4.5,7.8,0.5,6.2,347,491,NA
201939,Stephen Curry,Stephen,Curry,GSW,78,33.5,6.4,4.6,8.7,0.577,6.6,362,502,NA
203903,Jordan Clarkson,Jordan,Clarkson,LAL,80,29.3,6.4,4.5,7.1,0.515,7.4,361,513,NA
201588,George Hill,George,Hill,UTA,48,31.7,6.4,4.3,8.3,0.528,6.6,208,306,NA
202695,Kawhi Leonard,Kawhi,Leonard,SAS,72,33.5,6.4,4.1,8.2,0.508,5.8,293,462,NA
202326,DeMarcus Cousins,DeMarcus,Cousins,NOP,17,33.7,6.2,5.5,6.8,0.547,7.8,93,106,NA
2548,Dwyane Wade,Dwyane,Wade,CHI,59,30.0,6.2,4.6,7.5,0.475,7.4,273,363,NA
201936,Tyreke Evans,Tyreke,Evans,NOP,26,18.2,6.1,4.0,6.3,0.442,10.6,105,159,NA
1627812,Yogi Ferrell,Yogi,Ferrell,DAL,34,28.9,6.1,2.7,7.0,0.446,4.5,93,209,NA
201937,Ricky Rubio,Ricky,Rubio,MIN,74,32.9,6.1,2.3,6.8,0.443,3.4,170,448,NA
203085,Austin Rivers,Austin,Rivers,LAC,74,27.8,6.1,4.9,7.4,0.495,8.4,359,454,NA
201976,Patrick Beverley,Patrick,Beverley,HOU,66,30.7,6.0,2.6,6.6,0.438,4.0,170,398,NA
201573,Jerryd Bayless,Jerryd,Bayless,PHI,3,23.9,6.0,5.7,8.3,0.455,11.4,17,18,NA
1627763,Malcolm Brogdon,Malcolm,Brogdon,MIL,73,26.4,5.9,3.2,7.1,0.508,5.9,237,429,NA
202709,Cory Joseph,Cory,Joseph,TOR,78,25.3,5.9,3.5,6.7,0.495,6.6,271,462,NA
101150,Lou Williams,Lou,Williams,LAL,58,24.2,5.9,5.0,7.6,0.527,9.9,289,344,NA
1626164,Devin Booker,Devin,Booker,PHX,76,35.0,5.8,4.1,6.5,0.41,5.6,309,440,NA
202362,Lance Stephenson,Lance,Stephenson,NOP,6,27.1,5.8,3.2,5.3,0.533,5.6,19,35,NA
101150,Lou Williams,Lou,Williams,TOTAL,80,24.7,5.8,4.8,7.3,0.523,9.2,380,460,NA
200826,J.J. Barea,J.J.,Barea,DAL,33,22.0,5.7,3.4,5.8,0.454,7.5,113,188,NA
202714,Shelvin Mack,Shelvin,Mack,UTA,54,21.8,5.7,3.1,6.7,0.515,6.9,169,308,NA
2749,Jameer Nelson,Jameer,Nelson,DEN,74,27.1,5.7,2.1,6.6,0.514,3.7,155,421,NA
1627812,Yogi Ferrell,Yogi,Ferrell,TOTAL,44,25.8,5.6,2.6,6.2,0.463,4.8,113,245,NA
201949,James Johnson,James,Johnson,MIA,74,27.2,5.6,4.6,6.7,0.564,8.0,337,412,NA
203115,Will Barton,Will,Barton,DEN,59,28.3,5.5,4.0,6.8,0.462,6.8,236,323,NA
201163,Wilson Chandler,Wilson,Chandler,DEN,69,30.9,5.5,3.9,6.5,0.489,6.0,267,381,NA
202331,Paul George,Paul,George,IND,73,35.7,5.4,3.4,6.4,0.503,4.5,247,392,NA
202330,Gordon Hayward,Gordon,Hayward,UTA,72,34.6,5.3,3.8,6.1,0.479,5.3,274,381,NA
101150,Lou Williams,Lou,Williams,HOU,22,25.7,5.3,4.1,6.6,0.514,7.7,91,116,NA
204020,Tyler Johnson,Tyler,Johnson,MIA,71,29.9,5.2,3.4,6.2,0.451,5.5,242,371,NA
201569,Eric Gordon,Eric,Gordon,HOU,74,31.1,5.1,3.6,6.4,0.456,5.6,270,379,NA
101108,Chris Paul,Chris,Paul,LAC,60,31.5,5.1,2.4,6.7,0.533,3.7,147,305,NA
1626153,Delon Wright,Delon,Wright,TOR,26,16.1,5.1,2.7,5.6,0.5,8.0,70,132,NA
203924,Jerami Grant,Jerami,Grant,PHI,2,20.6,5.0,4.5,6.5,0.6,10.5,9,10,NA
202688,Brandon Knight,Brandon,Knight,PHX,53,21.2,5.0,3.7,5.5,0.455,8.3,194,264,NA
202362,Lance Stephenson,Lance,Stephenson,IND,5,21.8,5.0,2.4,5.8,0.556,5.3,12,25,NA
203930,Sean Kilpatrick,Sean,Kilpatrick,BKN,69,25.1,4.9,3.8,5.8,0.468,7.2,260,341,NA
1627785,Isaiah Whitehead,Isaiah,Whitehead,BKN,72,22.5,4.9,3.3,5.5,0.444,7.1,238,350,NA
101114,Deron Williams,Deron,Williams,DAL,39,29.2,4.8,2.6,4.9,0.442,4.3,103,189,NA
202711,Bojan Bogdanovic,Bojan,Bogdanovic,BKN,54,27.1,4.7,3.6,5.5,0.497,6.4,195,254,NA
203487,Michael Carter-Williams,Michael,Carter-Williams,CHI,44,19.1,4.7,3.0,5.8,0.436,7.5,132,206,NA
203917,Nik Stauskas,Nik,Stauskas,PHI,79,27.3,4.7,2.2,5.1,0.423,3.9,177,371,NA
203967,Dario Saric,Dario,Saric,PHI,81,26.3,4.7,2.9,5.2,0.515,5.3,234,382,NA
204025,Tim Frazier,Tim,Frazier,NOP,63,23.5,4.6,2.6,4.8,0.475,5.2,161,288,NA
200752,Rudy Gay,Rudy,Gay,SAC,30,33.7,4.5,4.0,5.6,0.465,5.7,120,134,NA
201954,Darren Collison,Darren,Collison,SAC,68,30.4,4.4,3.1,5.0,0.47,4.9,209,299,NA
101145,Monta Ellis,Monta,Ellis,IND,72,27.1,4.4,2.9,5.2,0.526,5.1,208,320,NA
202699,Tobias Harris,Tobias,Harris,DET,81,31.3,4.4,3.9,5.4,0.508,5.9,313,358,NA
200794,Paul Millsap,Paul,Millsap,ATL,68,34.1,4.4,2.6,4.5,0.356,3.6,176,296,NA
203145,Kent Bazemore,Kent,Bazemore,ATL,72,27.0,4.3,2.2,4.4,0.36,3.8,155,308,NA
203462,Archie Goodwin,Archie,Goodwin,BKN,11,14.2,4.3,3.5,5.5,0.522,11.7,38,47,NA
201943,Brandon Jennings,Brandon,Jennings,NYK,58,24.7,4.3,2.4,5.1,0.436,4.8,142,251,NA
203897,Zach LaVine,Zach,LaVine,MIN,47,37.2,4.3,3.4,5.4,0.48,4.4,159,204,NA
203114,Khris Middleton,Khris,Middleton,MIL,28,30.5,4.3,2.5,4.4,0.448,3.9,69,120,NA
200771,Sergio Rodriguez,Sergio,Rodriguez,PHI,68,22.3,4.3,1.8,5.0,0.479,3.8,119,292,NA
201196,Ramon Sessions,Ramon,Sessions,CHA,50,16.2,4.3,2.9,5.0,0.387,8.6,146,217,NA
203521,Matthew Dellavedova,Matthew,Dellavedova,MIL,75,26.1,4.2,1.9,4.5,0.401,3.5,141,315,NA
203957,Dante Exum,Dante,Exum,UTA,65,18.6,4.2,2.7,4.9,0.515,6.9,174,272,NA
203914,Gary Harris,Gary,Harris,DEN,55,30.8,4.2,2.5,5.1,0.427,3.9,138,232,NA
1626181,Norman Powell,Norman,Powell,TOR,74,17.6,4.2,3.3,5.1,0.503,8.9,241,312,NA
1626196,Josh Richardson,Josh,Richardson,MIA,51,30.0,4.2,2.0,4.1,0.412,3.1,100,212,NA
202711,Bojan Bogdanovic,Bojan,Bogdanovic,TOTAL,79,25.8,4.1,3.0,4.7,0.48,5.6,239,321,NA
201142,Kevin Durant,Kevin,Durant,GSW,61,33.5,4.1,4.9,6.4,0.641,6.9,296,248,NA
203084,Harrison Barnes,Harrison,Barnes,DAL,78,35.5,4.0,3.3,4.7,0.483,4.5,261,311,NA
203496,Robert Covington,Robert,Covington,PHI,67,31.6,4.0,2.5,4.4,0.434,3.9,170,265,NA
203898,Tyler Ennis,Tyler,Ennis,LAL,20,16.3,4.0,2.6,3.9,0.451,7.5,51,79,NA
NA,Jordan Farmar,Jordan,Farmar,SAC,2,17.7,4.0,0.0,2.0,0.0,0.0,0,8,NA
201933,Blake Griffin,Blake,Griffin,LAC,60,34.1,4.0,3.2,5.4,0.509,4.6,195,242,NA
101114,Deron Williams,Deron,Williams,TOTAL,61,25.5,4.0,2.3,4.2,0.459,4.3,138,247,NA
203915,Spencer Dinwiddie,Spencer,Dinwiddie,BKN,57,22.5,3.9,2.4,4.7,0.522,5.2,139,224,NA
203506,Victor Oladipo,Victor,Oladipo,OKC,65,33.3,3.9,2.4,3.9,0.391,3.4,154,254,NA
202362,Lance Stephenson,Lance,Stephenson,TOTAL,17,19.9,3.9,2.2,4.1,0.593,5.4,38,66,NA
203462,Archie Goodwin,Archie,Goodwin,TOTAL,14,13.2,3.8,3.3,4.9,0.5,11.9,46,53,NA
203944,Julius Randle,Julius,Randle,LAL,72,29.1,3.8,2.9,4.3,0.451,4.8,208,276,NA
1626156,D'Angelo Russell,D'Angelo,Russell,LAL,63,28.8,3.8,2.9,4.5,0.46,4.8,183,239,NA
1626150,Andrew Harrison,Andrew,Harrison,MEM,71,20.4,3.7,2.4,3.9,0.376,5.6,169,262,NA
202083,Wesley Matthews,Wesley,Matthews,DAL,72,34.1,3.7,1.9,3.8,0.394,2.7,136,265,NA
202329,Al-Farouq Aminu,Al-Farouq,Aminu,POR,61,29.1,3.6,2.0,3.9,0.377,3.3,123,219,NA
203552,Seth Curry,Seth,Curry,DAL,69,29.1,3.6,3.1,4.4,0.582,5.1,212,249,NA
1627812,Yogi Ferrell,Yogi,Ferrell,BKN,10,15.2,3.6,2.0,3.7,0.625,6.3,20,36,NA
203501,Tim Hardaway Jr.,Tim,Hardaway Jr.,ATL,78,27.3,3.6,2.8,4.7,0.5,5.0,221,280,NA
203918,Rodney Hood,Rodney,Hood,UTA,58,27.0,3.6,2.3,3.9,0.406,4.1,134,210,NA
1626178,Rondae Hollis-Jefferson,Rondae,Hollis-Jefferson,BKN,76,22.5,3.6,2.5,3.8,0.415,5.3,188,272,NA
201943,Brandon Jennings,Brandon,Jennings,TOTAL,80,22.1,3.6,1.9,4.3,0.416,4.1,152,289,NA
203076,Anthony Davis,Anthony,Davis,NOP,75,36.1,3.5,3.6,4.3,0.533,4.8,270,261,NA
101109,Raymond Felton,Raymond,Felton,LAC,79,21.3,3.5,2.5,3.9,0.497,5.7,200,273,NA
1627755,Tyler Ulis,Tyler,Ulis,PHX,58,18.3,3.5,1.5,4.1,0.409,4.0,89,203,NA
1627742,Brandon Ingram,Brandon,Ingram,LAL,77,28.9,3.4,2.3,3.6,0.435,3.8,175,260,NA
203613,Jonathon Simmons,Jonathon,Simmons,SAS,76,18.0,3.4,2.2,4.0,0.457,6.0,171,262,NA
2734,Devin Harris,Devin,Harris,DAL,62,16.6,3.3,1.5,3.5,0.377,4.3,93,202,NA
1627747,Caris LeVert,Caris,LeVert,BKN,55,21.7,3.3,2.1,4.2,0.566,4.6,114,183,NA
203935,Marcus Smart,Marcus,Smart,BOS,78,30.4,3.3,1.6,3.7,0.326,2.6,128,261,NA
202323,Evan Turner,Evan,Turner,POR,64,25.6,3.3,2.3,4.2,0.5,4.3,147,213,NA
2571,Leandro Barbosa,Leandro,Barbosa,PHX,65,14.3,3.2,2.0,3.6,0.462,6.6,129,210,NA
201568,Danilo Gallinari,Danilo,Gallinari,DEN,62,34.0,3.2,3.1,4.8,0.562,4.3,190,200,NA
202734,E'Twaun Moore,E'Twaun,Moore,NOP,72,25.1,3.2,2.2,4.0,0.5,4.1,155,233,NA
2754,Tony Allen,Tony,Allen,MEM,70,27.2,3.0,1.9,3.3,0.424,3.3,133,208,NA
2772,Trevor Ariza,Trevor,Ariza,HOU,79,34.6,3.0,1.4,3.3,0.44,1.9,108,239,NA
201166,Aaron Brooks,Aaron,Brooks,IND,63,13.5,3.0,1.4,3.3,0.398,5.1,90,187,NA
203087,Jeremy Lamb,Jeremy,Lamb,CHA,60,18.2,3.0,2.9,3.9,0.57,7.7,175,179,NA
202691,Klay Thompson,Klay,Thompson,GSW,77,34.1,3.0,1.9,3.4,0.481,2.7,146,234,NA
1627741,Buddy Hield,Buddy,Hield,SAC,23,28.6,2.9,1.5,2.9,0.441,2.6,35,67,NA
1626184,Chasson Randle,Chasson,Randle,NYK,17,11.8,2.9,1.9,3.9,0.304,7.7,32,49,NA
1626157,Karl-Anthony Towns,Karl-Anthony,Towns,MIN,80,36.9,2.9,2.7,3.6,0.51,3.5,216,234,NA
202348,Jordan Crawford,Jordan,Crawford,NOP,17,23.5,2.8,2.5,3.4,0.552,5.2,43,48,NA
203898,Tyler Ennis,Tyler,Ennis,TOTAL,51,10.2,2.8,1.7,2.9,0.477,8.2,89,143,NA
203954,Joel Embiid,Joel,Embiid,PHI,31,25.3,2.8,2.1,3.4,0.431,4.0,65,88,NA
NA,Pierre Jackson,Pierre,Jackson,DAL,9,9.2,2.8,1.8,3.4,0.357,9.3,16,25,NA
NA,Nicolas Laprovittola,Nicolas,Laprovittola,SAS,18,9.7,2.8,0.9,2.3,0.467,4.7,17,51,NA
1627752,Taurean Prince,Taurean,Prince,ATL,57,16.4,2.8,1.6,3.0,0.341,4.8,93,157,NA
1627780,Gary Payton II,Gary,Payton II,MIL,4,16.5,2.8,2.0,2.5,0.6,5.8,8,11,NA
1627832,Fred VanVleet,Fred,VanVleet,TOR,35,7.8,2.8,0.9,2.6,0.286,5.5,31,97,NA
201571,D.J. Augustin,D.J.,Augustin,ORL,77,19.8,2.7,1.5,2.8,0.413,3.7,118,209,NA
202344,Trevor Booker,Trevor,Booker,BKN,70,24.8,2.7,1.7,2.8,0.486,3.4,122,192,NA
202340,Avery Bradley,Avery,Bradley,BOS,54,33.4,2.7,1.8,3.0,0.443,2.5,95,148,NA
202711,Bojan Bogdanovic,Bojan,Bogdanovic,WAS,25,22.9,2.7,1.8,3.1,0.417,3.7,44,67,NA
1627735,Wade Baldwin IV,Wade,Baldwin IV,MEM,32,12.1,2.7,1.1,2.5,0.323,4.5,36,85,NA
204060,Joe Ingles,Joe,Ingles,UTA,81,24.0,2.7,1.3,3.7,0.524,2.6,104,219,NA
1627750,Jamal Murray,Jamal,Murray,DEN,79,21.2,2.7,1.9,3.1,0.481,4.3,150,216,NA
203933,TJ Warren,TJ,Warren,PHX,63,31.1,2.7,2.6,3.6,0.489,3.9,161,173,NA
2037,Jamal Crawford,Jamal,Crawford,LAC,81,26.4,2.6,2.2,3.1,0.441,4.0,179,213,NA
1938,Manu Ginobili,Manu,Ginobili,SAS,67,18.7,2.6,1.6,2.8,0.443,4.1,108,174,NA
203932,Aaron Gordon,Aaron,Gordon,ORL,79,28.7,2.6,1.8,3.3,0.426,3.1,146,204,NA
2207,Joe Johnson,Joe,Johnson,UTA,77,23.7,2.6,1.7,3.4,0.496,3.5,132,201,NA
NA,Terrence Jones,Terrence,Jones,NOP,51,24.8,2.6,2.5,3.2,0.531,4.9,128,132,NA
201572,Brook Lopez,Brook,Lopez,BKN,75,29.7,2.6,2.5,2.9,0.52,4.1,188,193,NA
1627789,Timothe Luwawu-Cabarrot,Timothe,Luwawu-Cabarrot,PHI,68,17.2,2.6,1.9,3.1,0.447,5.2,126,176,NA
101114,Deron Williams,Deron,Williams,CLE,22,18.9,2.6,1.6,2.9,0.519,4.0,35,58,NA
1626147,Justin Anderson,Justin,Anderson,DAL,50,14.2,2.5,2.1,3.0,0.5,7.0,104,127,NA
201587,Nicolas Batum,Nicolas,Batum,CHA,75,34.4,2.5,2.0,3.3,0.543,2.8,150,190,NA
1627770,Kay Felder,Kay,Felder,CLE,41,9.3,2.5,1.4,2.7,0.333,7.2,57,103,NA
1627741,Buddy Hield,Buddy,Hield,TOTAL,80,22.8,2.5,1.3,2.7,0.415,2.8,106,198,NA
NA,Terrence Jones,Terrence,Jones,TOTAL,54,23.6,2.5,2.4,3.0,0.526,4.8,128,133,NA
2757,Beno Udrih,Beno,Udrih,DET,39,14.4,2.5,1.6,3.1,0.553,5.3,62,96,NA
1626147,Justin Anderson,Justin,Anderson,TOTAL,73,16.3,2.4,1.8,2.6,0.516,5.4,134,174,NA
201563,Michael Beasley,Michael,Beasley,MIL,54,16.4,2.4,2.0,2.6,0.537,6.0,110,129,NA
202692,Alec Burks,Alec,Burks,UTA,41,15.8,2.4,1.9,2.7,0.365,5.8,78,100,NA
200751,Randy Foye,Randy,Foye,BKN,67,18.8,2.4,1.2,2.4,0.453,3.2,83,164,NA
201945,Gerald Henderson,Gerald,Henderson,PHI,71,23.1,2.4,1.8,3.0,0.457,3.8,129,172,NA
203077,Michael Kidd-Gilchrist,Michael,Kidd-Gilchrist,CHA,79,29.1,2.4,1.6,2.6,0.419,2.6,123,187,NA
1626163,Frank Kaminsky,Frank,Kaminsky,CHA,73,26.2,2.4,2.0,2.9,0.5,3.7,149,175,NA
203909,KJ McDaniels,KJ,McDaniels,BKN,19,14.1,2.4,1.7,2.0,0.52,5.7,32,46,NA
200757,Thabo Sefolosha,Thabo,Sefolosha,ATL,60,25.9,2.4,1.4,2.7,0.492,2.5,81,142,NA
1627758,Ron Baker,Ron,Baker,NYK,51,16.3,2.3,0.8,2.4,0.333,2.4,41,115,NA
201145,Jeff Green,Jeff,Green,ORL,69,22.1,2.3,1.9,2.5,0.414,4.1,129,161,NA
NA,Jonathan Gibson,Jonathan,Gibson,DAL,17,13.6,2.3,1.1,1.8,0.235,3.9,19,39,NA
203925,Joe Harris,Joe,Harris,BKN,51,21.9,2.3,1.2,2.4,0.429,2.7,62,119,NA
1627741,Buddy Hield,Buddy,Hield,NOP,57,20.4,2.3,1.2,2.6,0.403,2.9,71,131,NA
1626168,Trey Lyles,Trey,Lyles,UTA,70,16.4,2.3,1.4,2.3,0.416,4.1,99,159,NA
202718,Chandler Parsons,Chandler,Parsons,MEM,34,19.8,2.3,1.4,2.3,0.419,3.3,46,77,NA
NA,Rodney Stuckey,Rodney,Stuckey,IND,39,17.8,2.3,1.9,2.9,0.393,5.1,73,89,NA
201147,Corey Brewer,Corey,Brewer,LAL,22,14.4,2.2,1.6,2.2,0.469,5.5,36,48,NA
203504,Trey Burke,Trey,Burke,WAS,56,12.0,2.2,0.8,2.0,0.426,3.4,47,125,NA
1626188,Quinn Cook,Quinn,Cook,DAL,5,15.4,2.2,1.2,1.6,0.75,3.7,6,11,NA
NA,Toney Douglas,Toney,Douglas,MEM,24,16.4,2.2,0.9,2.5,0.368,2.7,22,54,NA
203110,Draymond Green,Draymond,Green,GSW,76,32.6,2.2,1.0,2.4,0.258,1.5,78,170,NA
1626170,Jerian Grant,Jerian,Grant,CHI,62,16.2,2.2,1.3,2.4,0.459,3.8,80,135,NA
201143,Al Horford,Al,Horford,BOS,67,32.5,2.2,1.5,2.6,0.566,2.3,103,150,NA
203524,Solomon Hill,Solomon,Hill,NOP,78,29.7,2.2,1.4,2.2,0.363,2.3,111,168,NA
1627749,Dejounte Murray,Dejounte,Murray,SAS,37,8.6,2.2,1.3,2.5,0.463,7.4,49,81,NA
1626184,Chasson Randle,Chasson,Randle,TOTAL,25,11.0,2.2,1.4,2.9,0.308,6.3,36,54,NA
1626188,Quinn Cook,Quinn,Cook,TOTAL,12,11.8,2.1,1.3,2.3,0.667,5.4,16,25,NA
203898,Tyler Ennis,Tyler,Ennis,HOU,31,6.3,2.1,1.2,2.3,0.514,9.3,38,64,NA
1626143,Jahlil Okafor,Jahlil,Okafor,PHI,50,22.7,2.1,1.8,2.4,0.507,3.9,91,104,NA
1626179,Terry Rozier,Terry,Rozier,BOS,73,17.3,2.1,1.0,2.2,0.354,2.8,73,156,NA
1626147,Justin Anderson,Justin,Anderson,PHI,23,21.0,2.0,1.3,1.9,0.571,3.0,30,47,NA
202357,Nemanja Bjelica,Nemanja,Bjelica,MIN,65,18.3,2.0,1.4,2.4,0.488,3.7,91,129,NA
1626188,Quinn Cook,Quinn,Cook,NOP,7,9.2,2.0,1.4,2.9,0.625,7.4,10,14,NA
203462,Archie Goodwin,Archie,Goodwin,NOP,3,9.9,2.0,2.7,2.7,0.333,12.9,8,6,NA
NA,Greivis Vasquez,Greivis,Vasquez,BKN,3,12.9,2.0,0.0,2.3,0.0,0.0,0,6,NA
1627759,Jaylen Brown,Jaylen,Brown,BOS,77,17.2,1.9,1.2,1.9,0.41,3.2,89,148,NA
203484,Kentavious Caldwell-Pope,Kentavious,Caldwell-Pope,DET,75,33.4,1.9,1.3,2.2,0.442,1.9,101,139,NA
203924,Jerami Grant,Jerami,Grant,TOTAL,78,19.1,1.9,1.5,2.2,0.537,3.7,114,150,NA
201584,Courtney Lee,Courtney,Lee,NYK,76,32.1,1.9,1.2,2.3,0.4,1.8,93,148,NA
201975,Jodie Meeks,Jodie,Meeks,ORL,35,20.6,1.9,1.3,1.7,0.5,2.9,44,68,NA
203526,Raul Neto,Raul,Neto,UTA,40,8.7,1.9,1.0,2.5,0.531,5.4,39,77,NA
1628021,David Nwaba,David,Nwaba,LAL,18,19.1,1.9,1.6,2.1,0.412,3.9,28,35,NA
202697,Iman Shumpert,Iman,Shumpert,CLE,74,25.3,1.9,1.4,2.3,0.5,2.7,104,140,NA
1627782,Wayne Selden,Wayne,Selden,MEM,10,15.8,1.9,2.0,2.3,0.727,6.1,20,19,NA
201956,Omri Casspi,Omri,Casspi,SAC,22,18.0,1.8,1.0,1.7,0.37,2.8,23,40,NA
203924,Jerami Grant,Jerami,Grant,OKC,76,19.1,1.8,1.4,2.1,0.532,3.5,105,140,NA
NA,Manny Harris,Manny,Harris,DAL,4,6.2,1.8,0.8,1.0,0.2,5.8,3,7,NA
203585,Rodney McGruder,Rodney,McGruder,MIA,76,25.2,1.8,0.8,1.9,0.385,1.5,60,137,NA
203482,Kelly Olynyk,Kelly,Olynyk,BOS,74,20.5,1.8,1.3,2.0,0.557,3.0,96,134,NA
NA,Lamar Patterson,Lamar,Patterson,ATL,5,8.1,1.8,0.8,0.8,0.286,4.7,4,9,NA
1626166,Cameron Payne,Cameron,Payne,OKC,20,16.0,1.8,0.8,1.3,0.292,2.4,16,35,NA
1627782,Wayne Selden,Wayne,Selden,TOTAL,13,15.8,1.8,1.7,1.9,0.75,5.2,22,23,NA
NA,Hollis Thompson,Hollis,Thompson,PHI,31,18.1,1.8,1.0,1.6,0.371,2.7,31,55,NA
1627786,Troy Williams,Troy,Williams,TOTAL,29,19.1,1.8,1.1,1.6,0.367,2.9,33,51,NA
1627786,Troy Williams,Troy,Williams,MEM,24,17.4,1.8,1.3,1.8,0.407,3.6,31,43,NA
201147,Corey Brewer,Corey,Brewer,TOTAL,80,15.5,1.7,1.2,1.7,0.432,3.7,95,134,NA
1713,Vince Carter,Vince,Carter,MEM,72,24.7,1.7,1.2,2.1,0.468,2.3,85,124,NA
203902,Semaj Christon,Semaj,Christon,OKC,62,14.9,1.7,0.9,1.3,0.407,2.8,54,103,NA
2564,Boris Diaw,Boris,Diaw,UTA,72,17.6,1.7,1.1,1.8,0.578,3.1,82,125,NA
1627098,Malcolm Delaney,Malcolm,Delaney,ATL,71,17.1,1.7,0.7,1.6,0.352,2.0,50,120,NA
1627739,Kris Dunn,Kris,Dunn,MIN,76,16.9,1.7,0.8,1.8,0.383,2.3,62,131,NA
203090,Maurice Harkless,Maurice,Harkless,POR,76,28.9,1.7,1.0,1.5,0.333,1.6,74,128,NA
201943,Brandon Jennings,Brandon,Jennings,WAS,22,15.3,1.7,0.5,2.2,0.267,1.4,10,38,NA
1626145,Tyus Jones,Tyus,Jones,MIN,58,12.6,1.7,0.7,2.1,0.366,2.7,41,98,NA
1626169,Stanley Johnson,Stanley,Johnson,DET,76,17.8,1.7,0.9,1.8,0.481,2.4,67,127,NA
201988,Patty Mills,Patty,Mills,SAS,79,22.0,1.7,0.7,1.9,0.5,1.4,52,137,NA
202694,Marcus Morris,Marcus,Morris,DET,79,32.5,1.7,1.8,2.4,0.529,2.6,139,138,NA
NA,Jordan McRae,Jordan,McRae,CLE,37,10.4,1.7,1.2,1.6,0.32,5.8,46,63,NA
204001,Kristaps Porzingis,Kristaps,Porzingis,NYK,66,32.8,1.7,1.3,1.7,0.417,1.9,88,111,NA
203082,Terrence Ross,Terrence,Ross,ORL,23,31.6,1.7,0.7,1.7,0.364,1.1,17,38,NA
NA,Hollis Thompson,Hollis,Thompson,TOTAL,40,18.8,1.7,0.9,1.6,0.366,2.4,37,67,NA
1627819,Isaiah Taylor,Isaiah,Taylor,HOU,3,17.0,1.7,0.3,1.0,0.0,0.9,1,5,NA
203937,Kyle Anderson,Kyle,Anderson,SAS,70,14.2,1.6,0.8,1.8,0.453,2.8,58,114,NA
203459,Allen Crabbe,Allen,Crabbe,POR,79,28.5,1.6,1.1,1.8,0.439,1.8,83,126,NA
2736,Luol Deng,Luol,Deng,LAL,56,26.5,1.6,1.1,1.8,0.483,2.1,64,91,NA
1626155,Sam Dekker,Sam,Dekker,HOU,77,18.5,1.6,0.9,1.7,0.36,2.4,71,127,NA
201980,Danny Green,Danny,Green,SAS,66,26.7,1.6,0.5,1.6,0.385,1.0,36,103,NA
203894,Shabazz Napier,Shabazz,Napier,POR,52,9.4,1.6,0.7,1.7,0.313,3.6,37,85,NA
NA,Alex Poythress,Alex,Poythress,PHI,5,25.1,1.6,1.6,2.0,0.75,3.1,8,8,NA
200755,JJ Redick,JJ,Redick,LAC,77,28.2,1.6,1.2,1.9,0.451,2.0,90,125,NA
203082,Terrence Ross,Terrence,Ross,TOTAL,76,25.1,1.6,1.1,1.9,0.473,2.1,82,119,NA
NA,Marcus Thornton,Marcus,Thornton,WAS,33,17.4,1.6,1.2,1.6,0.421,3.2,38,52,NA
101107,Marvin Williams,Marvin,Williams,CHA,74,30.5,1.6,1.6,2.0,0.54,2.6,121,119,NA
1627786,Troy Williams,Troy,Williams,HOU,5,27.2,1.6,0.4,0.8,0.0,0.7,2,8,NA
1627835,Paul Zipser,Paul,Zipser,CHI,43,19.0,1.6,0.8,2.0,0.406,2.1,36,67,NA
101187,Alan Anderson,Alan,Anderson,LAC,30,10.3,1.5,0.9,1.5,0.526,4.2,27,44,NA
201147,Corey Brewer,Corey,Brewer,HOU,58,15.9,1.5,1.0,1.6,0.411,3.1,59,86,NA
201960,DeMarre Carroll,DeMarre,Carroll,TOR,70,26.3,1.5,0.9,1.5,0.31,1.7,65,108,NA
203516,James Ennis III,James,Ennis III,MEM,64,23.4,1.5,1.1,1.6,0.383,2.2,69,97,NA
201188,Marc Gasol,Marc,Gasol,MEM,73,34.4,1.5,1.5,1.9,0.529,2.0,107,113,NA
203999,Nikola Jokic,Nikola,Jokic,DEN,70,27.9,1.5,1.4,2.1,0.519,2.3,95,102,NA
1627851,Mindaugas Kuzminskas,Mindaugas,Kuzminskas,NYK,67,14.9,1.5,0.9,1.7,0.338,2.9,61,102,NA
203909,KJ McDaniels,KJ,McDaniels,TOTAL,48,10.0,1.5,1.0,1.4,0.5,4.9,49,71,NA
1626166,Cameron Payne,Cameron,Payne,TOTAL,31,14.9,1.5,0.8,1.3,0.353,2.7,26,47,NA
203082,Terrence Ross,Terrence,Ross,TOR,53,22.3,1.5,1.2,1.9,0.519,2.6,65,81,NA
203107,Tomas Satoransky,Tomas,Satoransky,WAS,56,12.2,1.5,0.9,1.5,0.511,3.6,51,85,NA
200782,PJ Tucker,PJ,Tucker,TOR,23,26.3,1.5,0.6,1.3,0.25,1.1,14,35,NA
202696,Nikola Vucevic,Nikola,Vucevic,ORL,74,28.7,1.5,1.1,1.6,0.5,1.9,82,108,NA
2546,Carmelo Anthony,Carmelo,Anthony,NYK,73,34.5,1.4,1.3,1.9,0.492,1.8,96,103,NA
201956,Omri Casspi,Omri,Casspi,TOTAL,34,17.9,1.4,0.8,1.2,0.387,2.1,27,46,NA
203546,Ian Clark,Ian,Clark,GSW,76,14.7,1.4,1.1,1.6,0.5,3.5,82,107,NA
203477,Isaiah Canaan,Isaiah,Canaan,CHI,39,15.2,1.4,1.1,1.9,0.5,3.6,44,56,NA
1627827,Dorian Finney-Smith,Dorian,Finney-Smith,DAL,78,20.2,1.4,0.6,1.4,0.383,1.5,49,110,NA
101141,Ersan Ilyasova,Ersan,Ilyasova,PHI,53,27.3,1.4,1.1,1.7,0.432,1.9,58,73,NA
2210,Richard Jefferson,Richard,Jefferson,CLE,77,20.3,1.4,0.9,1.8,0.449,2.2,73,106,NA
201567,Kevin Love,Kevin,Love,CLE,59,31.3,1.4,1.2,1.7,0.55,1.9,73,81,NA
201601,Luc Mbah a Moute,Luc,Mbah a Moute,LAC,79,22.2,1.4,1.0,1.7,0.459,2.2,81,113,NA
201177,Josh McRoberts,Josh,McRoberts,MIA,22,17.0,1.4,0.3,1.1,0.2,0.9,7,31,NA
202693,Markieff Morris,Markieff,Morris,WAS,76,31.0,1.4,1.2,1.7,0.451,1.9,93,103,NA
203463,Ben McLemore,Ben,McLemore,SAC,59,19.0,1.4,0.9,1.6,0.408,2.4,55,80,NA
203498,Shabazz Muhammad,Shabazz,Muhammad,MIN,76,19.4,1.4,1.2,1.5,0.365,2.9,88,110,NA
203994,Jusuf Nurkic,Jusuf,Nurkic,POR,20,29.2,1.4,1.1,1.8,0.533,1.8,22,28,NA
200782,PJ Tucker,PJ,Tucker,TOTAL,78,27.9,1.4,0.7,1.2,0.324,1.2,56,107,NA
202498,Lance Thomas,Lance,Thomas,NYK,46,21.1,1.4,1.2,1.5,0.447,2.8,57,66,NA
202708,Norris Cole,Norris,Cole,OKC,11,7.6,1.3,0.7,1.4,0.5,4.6,8,14,NA
203109,Jae Crowder,Jae,Crowder,BOS,71,32.5,1.3,1.3,1.7,0.61,1.9,93,89,NA
201162,Jared Dudley,Jared,Dudley,PHX,64,21.2,1.3,0.5,1.3,0.538,1.2,33,83,NA
1626209,Mario Hezonja,Mario,Hezonja,ORL,64,14.7,1.3,0.9,1.4,0.417,2.9,57,81,NA
NA,DeAndre Liggins,DeAndre,Liggins,CLE,61,12.3,1.3,0.6,1.1,0.343,2.4,37,82,NA
101139,CJ Miles,CJ,Miles,IND,74,23.4,1.3,1.0,1.5,0.394,2.1,74,93,NA
203148,Brian Roberts,Brian,Roberts,CHA,39,9.3,1.3,0.6,1.1,0.3,3.1,23,49,NA
1627782,Wayne Selden,Wayne,Selden,NOP,3,15.6,1.3,0.7,0.7,1.0,2.0,2,4,NA
1627734,Domantas Sabonis,Domantas,Sabonis,OKC,79,20.0,1.3,0.7,1.4,0.433,1.8,58,99,NA
200782,PJ Tucker,PJ,Tucker,PHX,55,28.6,1.3,0.8,1.2,0.364,1.3,42,72,NA
202066,Garrett Temple,Garrett,Temple,SAC,64,26.6,1.3,0.8,1.8,0.567,1.4,50,82,NA
NA,Hollis Thompson,Hollis,Thompson,NOP,9,21.2,1.3,0.7,1.4,0.333,1.5,6,12,NA
201228,C.J. Watson,C.J.,Watson,ORL,62,16.3,1.3,0.7,1.4,0.44,2.0,43,78,NA
202682,Derrick Williams,Derrick,Williams,MIA,25,15.1,1.3,1.2,1.5,0.471,3.9,31,32,NA
1627362,Briante Weber,Briante,Weber,GSW,7,6.6,1.3,0.3,0.9,0.25,2.1,2,9,NA
203469,Cody Zeller,Cody,Zeller,CHA,60,28.0,1.3,0.9,1.2,0.42,1.5,53,79,NA
201167,Arron Afflalo,Arron,Afflalo,SAC,60,25.7,1.2,0.8,1.2,0.378,1.5,47,74,NA
2440,Matt Barnes,Matt,Barnes,SAC,54,25.3,1.2,0.6,1.1,0.325,1.1,32,67,NA
201158,Marco Belinelli,Marco,Belinelli,CHA,74,24.1,1.2,0.6,1.3,0.462,1.2,46,90,NA
NA,Marcelo Huertas,Marcelo,Huertas,LAL,23,10.3,1.2,0.5,0.7,0.25,2.2,11,27,NA
1626199,Darrun Hilliard,Darrun,Hilliard,DET,38,9.7,1.2,0.7,1.3,0.389,3.4,26,46,NA
101141,Ersan Ilyasova,Ersan,Ilyasova,TOTAL,80,26.4,1.2,1.0,1.5,0.443,1.9,83,97,NA
202720,Jon Leuer,Jon,Leuer,DET,74,26.0,1.2,0.9,1.3,0.522,1.6,64,90,NA
202703,Nikola Mirotic,Nikola,Mirotic,CHI,69,24.0,1.2,0.9,1.4,0.489,1.9,65,81,NA
1626162,Kelly Oubre Jr.,Kelly,Oubre Jr.,WAS,78,20.1,1.2,0.8,1.2,0.373,2.0,64,94,NA
203486,Mason Plumlee,Mason,Plumlee,TOTAL,79,26.1,1.2,0.8,1.3,0.392,1.5,63,98,NA
203486,Mason Plumlee,Mason,Plumlee,DEN,25,22.2,1.2,1.1,1.4,0.611,2.3,27,31,NA
203486,Mason Plumlee,Mason,Plumlee,POR,54,28.0,1.2,0.7,1.2,0.273,1.1,36,67,NA
203141,Mirza Teletovic,Mirza,Teletovic,MIL,68,16.0,1.2,0.6,1.4,0.438,1.8,42,79,NA
NA,Reggie Williams,Reggie,Williams,NOP,6,13.3,1.2,0.7,1.8,0.5,2.4,4,7,NA
201152,Thaddeus Young,Thaddeus,Young,IND,72,30.1,1.2,0.8,1.3,0.491,1.4,61,86,NA
201583,Ryan Anderson,Ryan,Anderson,HOU,71,29.3,1.1,0.8,1.2,0.432,1.3,57,76,NA
2440,Matt Barnes,Matt,Barnes,TOTAL,74,24.0,1.1,0.5,1.1,0.349,1.0,38,82,NA
1627737,Marquese Chriss,Marquese,Chriss,PHX,79,21.1,1.1,0.6,0.9,0.353,1.5,51,86,NA
2738,Andre Iguodala,Andre,Iguodala,GSW,76,26.4,1.1,0.5,1.6,0.478,0.9,37,87,NA
201586,Serge Ibaka,Serge,Ibaka,TOR,23,30.9,1.1,0.6,1.3,0.2,0.9,14,25,NA
202335,Patrick Patterson,Patrick,Patterson,TOR,64,24.8,1.1,1.0,1.5,0.571,1.9,63,73,NA
203490,Otto Porter Jr.,Otto,Porter Jr.,WAS,79,32.6,1.1,0.8,1.3,0.533,1.2,64,84,NA
1626166,Cameron Payne,Cameron,Payne,CHI,11,12.9,1.1,0.9,1.3,0.5,3.4,10,12,NA
203080,Thomas Robinson,Thomas,Robinson,LAL,46,11.5,1.1,1.1,1.3,0.636,4.5,50,52,NA
203503,Tony Snell,Tony,Snell,MIL,79,29.2,1.1,0.7,1.2,0.469,1.2,59,85,NA
202682,Derrick Williams,Derrick,Williams,TOTAL,48,16.0,1.1,0.9,1.2,0.429,2.8,44,55,NA
201156,Nick Young,Nick,Young,LAL,60,25.9,1.1,0.8,1.4,0.429,1.5,49,67,NA
201956,Omri Casspi,Omri,Casspi,NOP,1,23.7,1.0,0.0,0.0,0.0,0.0,0,1,NA
2200,Pau Gasol,Pau,Gasol,SAS,62,25.4,1.0,1.0,1.1,0.5,1.8,59,61,NA
203200,Justin Holiday,Justin,Holiday,NYK,81,20.0,1.0,0.6,1.2,0.459,1.4,48,80,NA
101141,Ersan Ilyasova,Ersan,Ilyasova,ATL,24,25.0,1.0,1.0,1.4,0.471,2.0,25,24,NA
1627848,Shawn Long,Shawn,Long,PHI,17,12.8,1.0,0.8,1.1,0.556,2.9,13,17,NA
202407,Elijah Millsap,Elijah,Millsap,PHX,1,12.0,1.0,0.0,0.0,0.0,0.0,0,1,NA
203926,Doug McDermott,Doug,McDermott,TOTAL,66,22.8,1.0,0.9,1.2,0.481,2.0,62,66,NA
203926,Doug McDermott,Doug,McDermott,CHI,44,24.6,1.0,0.8,1.0,0.371,1.6,37,45,NA
203926,Doug McDermott,Doug,McDermott,OKC,22,19.3,1.0,1.1,1.4,0.706,2.8,25,21,NA
1626185,Jarell Martin,Jarell,Martin,MEM,41,13.5,1.0,0.5,0.8,0.31,1.9,22,39,NA
1626191,Chris McCullough,Chris,McCullough,WAS,1,1.7,1.0,1.0,1.0,0.0,28.8,1,1,NA
203460,Andre Roberson,Andre,Roberson,OKC,79,30.1,1.0,0.5,1.1,0.391,0.9,43,77,NA
1627781,Malachi Richardson,Malachi,Richardson,SAC,22,9.0,1.0,1.0,1.3,0.5,5.3,22,23,NA
202362,Lance Stephenson,Lance,Stephenson,MIN,6,11.2,1.0,1.2,1.5,1.0,5.0,7,6,NA
1891,Jason Terry,Jason,Terry,MIL,72,18.6,1.0,0.5,1.3,0.48,1.3,35,71,NA
1627756,Denzel Valentine,Denzel,Valentine,CHI,56,17.3,1.0,0.3,0.7,0.333,0.8,16,55,NA
202682,Derrick Williams,Derrick,Williams,CLE,23,17.0,1.0,0.6,1.0,0.364,1.6,13,23,NA
203112,Quincy Acy,Quincy,Acy,BKN,32,16.0,0.9,0.7,1.2,0.438,2.2,23,29,NA
NA,Anthony Brown,Anthony,Brown,NOP,9,15.9,0.9,0.2,0.6,0.333,0.7,2,8,NA
1627761,DeAndre' Bembry,DeAndre',Bembry,ATL,37,9.2,0.9,0.4,1.0,0.471,2.3,16,34,NA
101123,Gerald Green,Gerald,Green,BOS,46,11.2,0.9,0.6,1.0,0.435,2.7,29,42,NA
201973,Jonas Jerebko,Jonas,Jerebko,BOS,77,16.0,0.9,0.6,1.0,0.442,1.8,47,73,NA
201627,Anthony Morrow,Anthony,Morrow,CHI,8,10.4,0.9,1.0,1.2,0.4,4.6,8,7,NA
203909,KJ McDaniels,KJ,McDaniels,HOU,29,7.3,0.9,0.6,1.0,0.467,3.8,17,25,NA
1627775,Patrick McCaw,Patrick,McCaw,GSW,70,15.0,0.9,0.6,0.8,0.4,1.9,41,64,NA
1627817,Tim Quarterman,Tim,Quarterman,POR,15,3.9,0.9,0.3,0.7,0.667,3.3,4,13,NA
2216,Zach Randolph,Zach,Randolph,MEM,72,24.6,0.9,0.6,1.0,0.357,1.2,46,64,NA
2747,JR Smith,JR,Smith,CLE,39,28.8,0.9,0.2,0.8,0.2,0.3,8,36,NA
1627362,Briante Weber,Briante,Weber,TOTAL,18,8.9,0.9,0.3,0.9,0.375,1.8,6,17,NA
203112,Quincy Acy,Quincy,Acy,TOTAL,38,14.7,0.8,0.7,1.1,0.412,2.1,25,32,NA
2440,Matt Barnes,Matt,Barnes,GSW,20,20.5,0.8,0.3,1.0,0.667,0.7,6,15,NA
101181,Jose Calderon,Jose,Calderon,LAL,24,12.1,0.8,0.2,0.6,0.4,0.8,5,20,NA
1627868,Patricio Garino,Patricio,Garino,ORL,4,7.9,0.8,0.0,0.0,0.0,0.0,0,3,NA
201586,Serge Ibaka,Serge,Ibaka,TOTAL,79,30.6,0.8,0.6,0.9,0.39,0.9,44,65,NA
203530,Joffrey Lauvergne,Joffrey,Lauvergne,CHI,19,12.4,0.8,0.7,1.4,0.4,2.6,13,16,NA
201627,Anthony Morrow,Anthony,Morrow,TOTAL,48,14.8,0.8,0.9,1.1,0.548,2.8,42,40,NA
201627,Anthony Morrow,Anthony,Morrow,OKC,40,15.7,0.8,0.8,1.0,0.577,2.6,34,33,NA
203922,Glenn Robinson III,Glenn,Robinson III,IND,68,20.5,0.8,0.5,0.9,0.478,1.1,33,51,NA
202713,Kyle Singler,Kyle,Singler,OKC,30,11.1,0.8,0.6,0.9,0.462,2.5,17,23,NA
1626173,Rashad Vaughn,Rashad,Vaughn,MIL,39,10.7,0.8,0.4,0.7,0.296,2.0,17,33,NA
1626202,Joe Young,Joe,Young,IND,32,4.2,0.8,0.2,0.6,0.154,2.9,8,26,NA
203518,Alex Abrines,Alex,Abrines,OKC,66,15.4,0.7,0.5,0.8,0.414,1.6,35,47,NA
202337,Luke Babbitt,Luke,Babbitt,MIA,68,15.7,0.7,0.1,0.4,0.125,0.3,7,45,NA
NA,Anthony Brown,Anthony,Brown,TOTAL,11,14.5,0.7,0.2,0.5,0.333,0.6,2,8,NA
202722,Davis Bertans,Davis,Bertans,SAS,65,12.2,0.7,0.4,1.0,0.471,1.4,23,48,NA
1627736,Malik Beasley,Malik,Beasley,DEN,19,4.7,0.7,0.5,0.8,0.333,4.8,9,14,NA
101181,Jose Calderon,Jose,Calderon,TOTAL,39,12.6,0.7,0.3,0.6,0.5,1.1,11,29,NA
1626192,Pat Connaughton,Pat,Connaughton,POR,38,7.3,0.7,0.4,0.8,0.667,2.6,15,25,NA
1626161,Willie Cauley-Stein,Willie,Cauley-Stein,SAC,73,18.7,0.7,0.6,0.7,0.4,1.4,41,48,NA
2399,Mike Dunleavy,Mike,Dunleavy,CLE,23,15.9,0.7,0.4,0.7,0.364,1.3,10,15,NA
203083,Andre Drummond,Andre,Drummond,DET,80,29.8,0.7,0.4,0.5,0.333,0.6,28,53,NA
204038,Langston Galloway,Langston,Galloway,TOTAL,72,19.8,0.7,0.4,0.7,0.316,1.0,31,52,NA
204038,Langston Galloway,Langston,Galloway,NOP,55,20.4,0.7,0.5,0.8,0.364,1.3,30,41,NA
201586,Serge Ibaka,Serge,Ibaka,ORL,56,30.4,0.7,0.5,0.8,0.5,0.8,30,40,NA
1627744,Brice Johnson,Brice,Johnson,LAC,3,3.1,0.7,0.7,0.7,0.5,10.4,2,2,NA
2733,Shaun Livingston,Shaun,Livingston,GSW,75,17.7,0.7,0.5,0.8,0.56,1.3,35,53,NA
203457,Nerlens Noel,Nerlens,Noel,PHI,29,19.5,0.7,0.4,0.4,0.4,1.0,12,19,NA
1718,Paul Pierce,Paul,Pierce,LAC,24,11.5,0.7,0.3,0.6,0.667,1.4,8,16,NA
101179,Ronnie Price,Ronnie,Price,PHX,13,8.9,0.7,0.2,1.1,0.0,0.8,2,9,NA
203940,Adreian Payne,Adreian,Payne,MIN,17,7.7,0.7,0.6,0.8,0.5,3.7,10,12,NA
201229,Anthony Tolliver,Anthony,Tolliver,SAC,64,22.8,0.7,0.5,0.7,0.5,1.0,29,47,NA
1627362,Briante Weber,Briante,Weber,CHA,11,10.4,0.7,0.4,0.9,0.5,1.7,4,8,NA
201589,Darrell Arthur,Darrell,Arthur,DEN,39,14.9,0.6,0.2,0.6,0.2,0.7,8,25,NA
NA,Anthony Bennett,Anthony,Bennett,BKN,22,11.1,0.6,0.5,0.5,0.75,2.0,10,13,NA
101181,Jose Calderon,Jose,Calderon,ATL,15,13.4,0.6,0.4,0.5,0.6,1.4,6,9,NA
2399,Mike Dunleavy,Mike,Dunleavy,TOTAL,51,15.8,0.6,0.4,0.6,0.316,1.2,20,32,NA
2399,Mike Dunleavy,Mike,Dunleavy,ATL,28,15.7,0.6,0.4,0.5,0.25,1.1,10,17,NA
203584,Troy Daniels,Troy,Daniels,MEM,66,17.6,0.6,0.4,0.6,0.25,1.0,24,41,NA
1627740,Henry Ellenson,Henry,Ellenson,DET,18,7.1,0.6,0.5,0.5,0.667,3.4,9,11,NA
203210,JaMychal Green,JaMychal,Green,MEM,76,27.4,0.6,0.5,0.7,0.481,0.8,35,47,NA
204038,Langston Galloway,Langston,Galloway,SAC,17,18.0,0.6,0.1,0.5,0.0,0.2,1,11,NA
1626203,Treveon Graham,Treveon,Graham,CHA,25,5.9,0.6,0.4,0.5,0.333,2.9,9,15,NA
2403,Nene, ,Nene,HOU,66,17.9,0.6,0.4,0.8,0.545,1.0,25,40,NA
2743,Kris Humphries,Kris,Humphries,ATL,54,12.1,0.6,0.4,0.6,0.4,1.5,20,30,NA
101161,Amir Johnson,Amir,Johnson,BOS,79,20.1,0.6,0.4,0.6,0.457,1.1,35,44,NA
1627743,Demetrius Jackson,Demetrius,Jackson,BOS,5,3.4,0.6,0.4,1.0,0.0,5.6,2,3,NA
1627884,"Derrick Jones, Jr.",Derrick,"Jones, Jr.",PHX,31,16.3,0.6,0.3,0.5,0.333,0.9,9,18,NA
203530,Joffrey Lauvergne,Joffrey,Lauvergne,TOTAL,69,14.1,0.6,0.5,0.9,0.448,1.7,35,42,NA
1627815,Sheldon McClellan,Sheldon,McClellan,WAS,29,8.7,0.6,0.6,0.9,0.625,3.2,17,18,NA
201149,Joakim Noah,Joakim,Noah,NYK,46,22.1,0.6,0.3,0.5,0.421,0.8,16,27,NA
1627777,Georges Niang,Georges,Niang,IND,22,4.1,0.6,0.2,0.4,0.2,2.1,4,13,NA
203939,Dwight Powell,Dwight,Powell,DAL,74,17.1,0.6,0.4,0.6,0.467,1.2,32,46,NA
201575,Brandon Rush,Brandon,Rush,MIN,45,21.9,0.6,0.2,0.7,0.143,0.4,9,29,NA
1626184,Chasson Randle,Chasson,Randle,PHI,8,9.3,0.6,0.5,0.8,0.333,2.6,4,5,NA
1627784,Jarrod Uthoff,Jarrod,Uthoff,DAL,7,10.9,0.6,0.0,0.3,0.0,0.0,0,4,NA
2756,Sasha Vujacic,Sasha,Vujacic,NYK,41,9.5,0.6,0.1,0.6,0.25,0.5,4,23,NA
200746,LaMarcus Aldridge,LaMarcus,Aldridge,SAS,70,32.4,0.5,0.4,0.6,0.333,0.6,26,37,NA
203112,Quincy Acy,Quincy,Acy,DAL,6,8.0,0.5,0.3,0.3,0.0,2.0,2,3,NA
201956,Omri Casspi,Omri,Casspi,MIN,11,16.9,0.5,0.4,0.4,0.667,1.0,4,5,NA
203991,Clint Capela,Clint,Capela,HOU,64,23.7,0.5,0.2,0.4,0.3,0.5,15,33,NA
201961,Wayne Ellington,Wayne,Ellington,MIA,60,24.0,0.5,0.2,0.7,0.5,0.4,13,32,NA
NA,Alonzo Gee,Alonzo,Gee,DEN,13,6.9,0.5,0.4,0.5,0.25,2.7,5,6,NA
1627875,Marcus Georges-Hunt,Marcus,Georges-Hunt,ORL,4,9.5,0.5,0.0,0.0,0.0,0.0,0,2,NA
203497,Rudy Gobert,Rudy,Gobert,UTA,80,33.9,0.5,0.4,0.6,0.5,0.6,32,43,NA
203120,Justin Hamilton,Justin,Hamilton,BKN,62,18.1,0.5,0.2,0.4,0.357,0.5,12,30,NA
1626158,Richaun Holmes,Richaun,Holmes,PHI,56,20.7,0.5,0.4,0.6,0.429,1.0,23,28,NA
1626149,Montrezl Harrell,Montrezl,Harrell,HOU,58,18.4,0.5,0.6,0.6,0.652,1.6,35,31,NA
NA,Jarrett Jack,Jarrett,Jack,NOP,2,16.6,0.5,0.0,1.0,0.0,0.0,0,1,NA
202683,Enes Kanter,Enes,Kanter,OKC,70,21.3,0.5,0.4,0.5,0.526,0.8,25,33,NA
203530,Joffrey Lauvergne,Joffrey,Lauvergne,OKC,50,14.8,0.5,0.4,0.7,0.474,1.4,22,26,NA
1627746,Skal Labissiere,Skal,Labissiere,SAC,31,17.8,0.5,0.4,0.7,0.417,1.0,12,16,NA
202328,Greg Monroe,Greg,Monroe,MIL,79,22.6,0.5,0.3,0.4,0.32,0.6,22,37,NA
NA,Gary Neal,Gary,Neal,ATL,2,9.2,0.5,1.0,1.0,0.0,5.2,2,1,NA
203994,Jusuf Nurkic,Jusuf,Nurkic,TOTAL,64,21.6,0.5,0.4,0.7,0.556,0.9,27,34,NA
1626171,Bobby Portis,Bobby,Portis,CHI,63,15.5,0.5,0.5,0.6,0.5,1.5,30,31,NA
NA,Luis Scola,Luis,Scola,BKN,35,12.7,0.5,0.2,0.4,0.3,0.9,8,16,NA
201578,Marreese Speights,Marreese,Speights,LAC,81,15.7,0.5,0.5,0.6,0.478,1.4,38,43,NA
NA,Jared Sullinger,Jared,Sullinger,TOR,11,10.7,0.5,0.0,0.2,0.0,0.0,0,5,NA
1626167,Myles Turner,Myles,Turner,IND,79,31.4,0.5,0.5,0.8,0.733,0.8,43,36,NA
203943,Noah Vonleh,Noah,Vonleh,POR,73,16.8,0.5,0.3,0.7,0.5,0.9,24,33,NA
1897,Metta World Peace,Metta,World Peace,LAL,23,5.5,0.5,0.4,0.6,0.667,3.4,9,12,NA
1627855,Okaro White,Okaro,White,MIA,33,13.5,0.5,0.2,0.3,0.125,0.5,5,15,NA
101138,Brandon Bass,Brandon,Bass,LAC,51,11.2,0.4,0.3,0.5,0.667,1.4,16,18,NA
201628,Bobby Brown,Bobby,Brown,HOU,24,5.1,0.4,0.1,0.4,0.167,0.8,2,9,NA
1627733,Dragan Bender,Dragan,Bender,PHX,40,13.1,0.4,0.3,0.6,0.6,1.1,12,18,NA
201967,Dante Cunningham,Dante,Cunningham,NOP,64,25.2,0.4,0.3,0.5,0.444,0.6,19,23,NA
202334,Ed Davis,Ed,Davis,POR,46,17.2,0.4,0.2,0.4,0.5,0.6,10,17,NA
NA,Jarell Eddie,Jarell,Eddie,PHX,5,12.5,0.4,0.0,0.0,0.0,0.0,0,2,NA
101112,Channing Frye,Channing,Frye,CLE,72,18.9,0.4,0.4,0.6,0.524,0.9,26,32,NA
202702,Kenneth Faried,Kenneth,Faried,DEN,60,21.3,0.4,0.4,0.5,0.5,0.9,25,26,NA
201959,Taj Gibson,Taj,Gibson,TOTAL,77,25.5,0.4,0.3,0.4,0.476,0.6,23,33,NA
201959,Taj Gibson,Taj,Gibson,CHI,55,27.3,0.4,0.3,0.4,0.563,0.6,18,24,NA
201959,Taj Gibson,Taj,Gibson,OKC,22,20.9,0.4,0.2,0.3,0.2,0.5,5,9,NA
201150,Spencer Hawes,Spencer,Hawes,TOTAL,53,14.7,0.4,0.2,0.5,0.231,0.7,11,22,NA
201150,Spencer Hawes,Spencer,Hawes,MIL,18,8.5,0.4,0.3,0.7,0.333,1.9,6,7,NA
201150,Spencer Hawes,Spencer,Hawes,CHA,35,17.9,0.4,0.1,0.4,0.2,0.4,5,15,NA
1627823,Juan Hernangomez,Juan,Hernangomez,DEN,59,13.0,0.4,0.3,0.5,0.308,1.0,16,26,NA
2594,Kyle Korver,Kyle,Korver,ATL,32,27.9,0.4,0.1,0.5,0.2,0.2,4,12,NA
101135,David Lee,David,Lee,SAS,77,18.9,0.4,0.3,0.4,0.391,0.8,23,34,NA
201577,Robin Lopez,Robin,Lopez,CHI,80,28.1,0.4,0.3,0.4,0.55,0.5,25,29,NA
1627774,Jake Layman,Jake,Layman,POR,34,6.2,0.4,0.3,0.4,0.286,2.3,10,14,NA
202700,Donatas Motiejunas,Donatas,Motiejunas,NOP,32,13.7,0.4,0.3,0.6,0.444,1.0,9,13,NA
203457,Nerlens Noel,Nerlens,Noel,TOTAL,49,20.6,0.4,0.3,0.4,0.455,0.8,16,22,NA
1627778,Chinanu Onuaku,Chinanu,Onuaku,HOU,5,10.3,0.4,0.4,0.4,0.0,1.9,2,2,NA
201160,Jason Smith,Jason,Smith,WAS,73,14.6,0.4,0.4,0.4,0.5,1.3,29,26,NA
1627783,Pascal Siakam,Pascal,Siakam,TOR,53,15.1,0.4,0.4,0.4,0.615,1.2,20,20,NA
202684,Tristan Thompson,Tristan,Thompson,CLE,77,30.1,0.4,0.2,0.3,0.4,0.4,19,32,NA
202355,Hassan Whiteside,Hassan,Whiteside,MIA,75,32.5,0.4,0.3,0.4,0.5,0.5,25,27,NA
203998,Bruno Caboclo,Bruno,Caboclo,TOR,7,3.0,0.3,0.0,0.0,0.0,0.0,0,2,NA
203476,Gorgui Dieng,Gorgui,Dieng,MIN,80,32.4,0.3,0.3,0.5,0.6,0.4,21,24,NA
1627854,Bryn Forbes,Bryn,Forbes,SAS,35,8.0,0.3,0.1,0.2,0.286,0.7,4,12,NA
2730,Dwight Howard,Dwight,Howard,ATL,73,29.7,0.3,0.2,0.3,0.444,0.2,11,20,NA
1626195,Willy Hernangomez,Willy,Hernangomez,NYK,71,18.4,0.3,0.2,0.4,0.467,0.6,15,22,NA
NA,Terrence Jones,Terrence,Jones,MIL,3,2.3,0.3,0.0,0.0,0.0,0.0,0,1,NA
101133,Ian Mahinmi,Ian,Mahinmi,WAS,31,17.6,0.3,0.2,0.3,0.5,0.5,6,10,NA
203488,Mike Muscala,Mike,Muscala,ATL,68,17.6,0.3,0.2,0.3,0.444,0.4,11,22,NA
202389,Timofey Mozgov,Timofey,Mozgov,LAL,54,20.4,0.3,0.3,0.4,0.6,0.8,18,15,NA
1626191,Chris McCullough,Chris,McCullough,TOTAL,15,5.0,0.3,0.2,0.2,0.5,1.9,3,4,NA
203094,Andrew Nicholson,Andrew,Nicholson,BKN,9,9.8,0.3,0.2,0.8,1.0,1.1,2,3,NA
1626204,Larry Nance Jr.,Larry,Nance Jr.,LAL,61,22.6,0.3,0.1,0.2,0.286,0.3,8,17,NA
1626254,Maurice Ndour,Maurice,Ndour,NYK,31,9.9,0.3,0.3,0.5,0.75,1.3,8,9,NA
203124,Kyle O'Quinn,Kyle,O'Quinn,NYK,78,15.6,0.3,0.1,0.3,0.333,0.4,11,24,NA
2585,Zaza Pachulia,Zaza,Pachulia,GSW,69,18.2,0.3,0.3,0.4,0.583,0.7,18,20,NA
202685,Jonas Valanciunas,Jonas,Valanciunas,TOR,78,26.0,0.3,0.3,0.3,0.583,0.5,20,23,NA
NA,C.J. Wilcox,C.J.,Wilcox,ORL,22,4.9,0.3,0.1,0.3,0.0,0.9,2,7,NA
NA,Chris Andersen,Chris,Andersen,CLE,12,9.5,0.2,0.2,0.4,0.0,0.8,2,2,NA
202730,Lavoy Allen,Lavoy,Allen,IND,60,14.5,0.2,0.0,0.2,0.25,0.1,2,9,NA
201582,Alexis Ajinca,Alexis,Ajinca,NOP,37,14.4,0.2,0.2,0.3,0.333,0.8,9,9,NA
NA,Andrew Bogut,Andrew,Bogut,TOTAL,27,21.6,0.2,0.1,0.0,0.25,0.2,2,5,NA
NA,Andrew Bogut,Andrew,Bogut,DAL,26,22.4,0.2,0.1,0.1,0.25,0.2,2,5,NA
204028,Tarik Black,Tarik,Black,LAL,65,16.2,0.2,0.1,0.2,0.333,0.2,4,12,NA
1627852,Nicolas Brussino,Nicolas,Brussino,DAL,52,8.8,0.2,0.2,0.3,0.571,1.2,11,13,NA
202324,Derrick Favors,Derrick,Favors,UTA,49,23.8,0.2,0.1,0.1,0.4,0.2,5,8,NA
1626245,Cristiano Felicio,Cristiano,Felicio,CHI,65,15.7,0.2,0.1,0.2,0.3,0.4,8,15,NA
201599,DeAndre Jordan,DeAndre,Jordan,LAC,80,31.7,0.2,0.1,0.2,0.429,0.2,11,12,NA
NA,John Jenkins,John,Jenkins,PHX,4,3.3,0.2,0.5,0.5,0.0,7.4,2,1,NA
2594,Kyle Korver,Kyle,Korver,TOTAL,65,26.3,0.2,0.1,0.3,0.143,0.1,5,16,NA
NA,John Lucas III,John,Lucas III,MIN,5,2.2,0.2,0.4,0.4,1.0,8.9,2,1,NA
203458,Alex Len,Alex,Len,PHX,74,20.4,0.2,0.2,0.2,0.5,0.5,15,12,NA
1626172,Kevon Looney,Kevon,Looney,GSW,53,8.5,0.2,0.1,0.3,0.286,0.6,6,13,NA
2034,Mike Miller,Mike,Miller,DEN,17,5.4,0.2,0.0,0.1,0.0,0.0,0,3,NA
201580,JaVale McGee,JaVale,McGee,GSW,76,9.5,0.2,0.2,0.2,0.778,1.1,16,13,NA
203949,James Michael McAdoo,James Michael,McAdoo,GSW,51,8.4,0.2,0.1,0.3,0.143,0.6,5,12,NA
1626175,Jordan Mickey,Jordan,Mickey,BOS,25,5.6,0.2,0.1,0.2,0.333,1.0,3,5,NA
1626191,Chris McCullough,Chris,McCullough,BKN,14,5.2,0.2,0.1,0.1,0.5,1.3,2,3,NA
1627748,Thon Maker,Thon,Maker,MIL,55,9.5,0.2,0.1,0.2,0.429,0.6,6,10,NA
203094,Andrew Nicholson,Andrew,Nicholson,TOTAL,37,8.6,0.2,0.1,0.3,0.4,0.6,4,9,NA
203094,Andrew Nicholson,Andrew,Nicholson,WAS,28,8.3,0.2,0.1,0.2,0.25,0.4,2,6,NA
203512,Lucas Nogueira,Lucas,Nogueira,TOR,55,19.1,0.2,0.1,0.3,0.667,0.2,4,9,NA
203457,Nerlens Noel,Nerlens,Noel,DAL,20,22.1,0.2,0.2,0.4,1.0,0.4,4,3,NA
203948,Johnny O'Bryant III,Johnny,O'Bryant III,TOTAL,11,7.4,0.2,0.4,0.4,1.0,2.4,4,2,NA
203948,Johnny O'Bryant III,Johnny,O'Bryant III,CHA,4,8.6,0.2,0.5,0.5,1.0,2.8,2,1,NA
203186,Willie Reed,Willie,Reed,MIA,69,14.6,0.2,0.1,0.2,0.429,0.3,6,11,NA
NA,Mike Scott,Mike,Scott,ATL,18,10.9,0.2,0.0,0.3,0.0,0.0,0,4,NA
NA,Anderson Varejao,Anderson,Varejao,GSW,14,6.6,0.2,0.1,0.1,0.5,1.0,2,3,NA
2561,David West,David,West,GSW,67,12.5,0.2,0.1,0.3,0.5,0.5,8,15,NA
201148,Brandan Wright,Brandan,Wright,MEM,27,15.9,0.2,0.0,0.1,0.0,0.0,0,5,NA
1626210,Alan Williams,Alan,Williams,PHX,46,14.7,0.2,0.2,0.3,0.5,0.7,10,11,NA
1626174,Christian Wood,Christian,Wood,CHA,12,7.8,0.2,0.2,0.2,0.5,1.0,2,3,NA
203923,James Young,James,Young,BOS,28,7.8,0.2,0.3,0.4,0.6,1.8,8,7,NA
1627826,Ivica Zubac,Ivica,Zubac,LAL,38,16.0,0.2,0.2,0.2,0.6,0.5,6,6,NA
201202,Joel Anthony,Joel,Anthony,SAS,19,6.4,0.1,0.0,0.1,0.0,0.0,0,1,NA
203500,Steven Adams,Steven,Adams,OKC,78,30.1,0.1,0.1,0.1,1.0,0.1,4,4,NA
203493,Reggie Bullock,Reggie,Bullock,DET,30,14.6,0.1,0.0,0.1,0.0,0.0,0,4,NA
1627762,Joel Bolomboy,Joel,Bolomboy,UTA,12,4.4,0.1,0.0,0.0,0.0,0.0,0,1,NA
2199,Tyson Chandler,Tyson,Chandler,PHX,45,27.3,0.1,0.1,0.1,0.5,0.1,3,4,NA
1626176,Rakeem Christmas,Rakeem,Christmas,IND,29,7.6,0.1,0.1,0.1,0.0,0.4,2,2,NA
203473,Dewayne Dedmon,Dewayne,Dedmon,SAS,74,17.6,0.1,0.0,0.1,0.0,0.0,0,5,NA
1627767,Cheick Diallo,Cheick,Diallo,NOP,15,9.5,0.1,0.1,0.1,0.0,0.7,2,2,NA
101162,Marcin Gortat,Marcin,Gortat,WAS,81,31.0,0.1,0.1,0.1,1.0,0.1,6,6,NA
1627771,Michael Gbinije,Michael,Gbinije,DET,9,3.5,0.1,0.0,0.0,0.0,0.0,0,1,NA
2617,Udonis Haslem,Udonis,Haslem,MIA,16,8.1,0.1,0.2,0.2,1.0,1.1,3,1,NA
201579,Roy Hibbert,Roy,Hibbert,TOTAL,48,14.2,0.1,0.0,0.1,0.0,0.1,1,3,NA
201579,Roy Hibbert,Roy,Hibbert,CHA,42,16.0,0.1,0.0,0.1,0.0,0.1,1,3,NA
203089,John Henson,John,Henson,MIL,56,19.5,0.1,0.1,0.1,0.4,0.2,4,6,NA
2592,James Jones,James,Jones,CLE,47,7.3,0.1,0.1,0.1,0.5,0.6,4,5,NA
2744,Al Jefferson,Al,Jefferson,IND,65,14.1,0.1,0.0,0.0,0.25,0.1,2,4,NA
202325,Wesley Johnson,Wesley,Johnson,LAC,67,12.0,0.1,0.0,0.1,0.5,0.1,2,6,NA
2594,Kyle Korver,Kyle,Korver,CLE,33,24.8,0.1,0.0,0.1,0.0,0.1,1,4,NA
201585,Kosta Koufos,Kosta,Koufos,SAC,71,20.0,0.1,0.1,0.1,0.6,0.2,7,9,NA
203527,Ryan Kelly,Ryan,Kelly,ATL,15,5.9,0.1,0.1,0.1,1.0,1.1,2,1,NA
203086,Meyers Leonard,Meyers,Leonard,POR,73,16.3,0.1,0.1,0.2,0.4,0.2,4,10,NA
1626257,Salah Mejri,Salah,Mejri,DAL,70,12.4,0.1,0.1,0.1,0.667,0.2,4,7,NA
1717,Dirk Nowitzki,Dirk,Nowitzki,DAL,52,26.3,0.1,0.1,0.1,0.4,0.2,7,7,NA
203994,Jusuf Nurkic,Jusuf,Nurkic,DEN,44,18.1,0.1,0.1,0.2,0.667,0.3,5,6,NA
203948,Johnny O'Bryant III,Johnny,O'Bryant III,DEN,7,6.6,0.1,0.3,0.3,1.0,2.1,2,1,NA
1627849,Daniel Ochefu,Daniel,Ochefu,WAS,18,3.3,0.1,0.0,0.0,0.0,0.0,0,1,NA
203101,Miles Plumlee,Miles,Plumlee,TOTAL,43,10.2,0.1,0.0,0.1,0.0,0.0,0,3,NA
203101,Miles Plumlee,Miles,Plumlee,MIL,32,9.7,0.1,0.0,0.1,0.0,0.0,0,3,NA
1627751,Jakob Poeltl,Jakob,Poeltl,TOR,52,11.5,0.1,0.0,0.0,0.0,0.2,2,7,NA
204014,Damjan Rudez,Damjan,Rudez,ORL,45,7.0,0.1,0.0,0.1,0.0,0.0,0,5,NA
201168,Tiago Splitter,Tiago,Splitter,PHI,7,7.8,0.1,0.0,0.3,0.0,0.0,0,1,NA
1627754,Diamond Stone,Diamond,Stone,LAC,7,3.5,0.1,0.3,0.3,0.0,3.9,2,1,NA
203092,Tyler Zeller,Tyler,Zeller,BOS,50,10.3,0.1,0.1,0.1,0.25,0.3,3,6,NA
202332,Cole Aldrich,Cole,Aldrich,MIN,61,8.5,0.0,0.1,0.1,1.0,0.4,4,2,NA
201600,Omer Asik,Omer,Asik,NOP,31,15.6,0.0,0.0,0.0,0.0,0.1,1,1,NA
NA,Andrew Bogut,Andrew,Bogut,CLE,1,1.0,0.0,0.0,0.0,0.0,0.0,0,0,NA
203382,Aron Baynes,Aron,Baynes,DET,75,15.5,0.0,0.0,0.0,0.0,0.0,0,3,NA
NA,Anthony Brown,Anthony,Brown,ORL,2,8.2,0.0,0.0,0.0,0.0,0.0,0,0,NA
202687,Bismack Biyombo,Bismack,Biyombo,ORL,80,22.3,0.0,0.0,0.0,0.0,0.0,1,2,NA
NA,Ben Bentil,Ben,Bentil,DAL,3,3.3,0.0,0.0,0.0,0.0,0.0,0,0,NA
2555,Nick Collison,Nick,Collison,OKC,18,6.2,0.0,0.0,0.0,0.0,0.0,0,0,NA
1627738,Deyonta Davis,Deyonta,Davis,MEM,35,6.6,0.0,0.0,0.0,0.0,0.0,0,0,NA
201579,Roy Hibbert,Roy,Hibbert,DEN,6,1.8,0.0,0.0,0.0,0.0,0.0,0,0,NA
201941,Jordan Hill,Jordan,Hill,MIN,7,6.7,0.0,0.0,0.0,0.0,0.0,0,0,NA
NA,Justin Harper,Justin,Harper,PHI,3,10.5,0.0,0.0,0.0,0.0,0.0,0,0,NA
203962,Josh Huestis,Josh,Huestis,OKC,1,6.9,0.0,0.0,0.0,0.0,0.0,0,0,NA
1627773,AJ Hammons,AJ,Hammons,DAL,20,7.2,0.0,0.0,0.0,0.0,0.0,0,0,NA
NA,R.J. Hunter,R.J.,Hunter,CHI,3,3.1,0.0,0.0,0.0,0.0,0.0,0,0,NA
NA,Danuel House,Danuel,House,WAS,1,0.8,0.0,0.0,0.0,0.0,0.0,0,0,NA
NA,Aaron Harrison,Aaron,Harrison,CHA,5,3.3,0.0,0.0,0.0,0.0,0.0,0,0,NA
101141,Ersan Ilyasova,Ersan,Ilyasova,OKC,3,20.7,0.0,0.0,0.0,0.0,0.0,0,0,NA
1627745,Damian Jones,Damian,Jones,GSW,9,7.3,0.0,0.0,0.0,0.0,0.0,0,0,NA
1626246,Boban Marjanovic,Boban,Marjanovic,DET,34,8.0,0.0,0.0,0.0,0.0,0.0,0,0,NA
NA,Steve Novak,Steve,Novak,MIL,8,2.8,0.0,0.0,0.0,0.0,0.0,0,0,NA
NA,Arinze Onuaku,Arinze,Onuaku,ORL,8,3.6,0.0,0.0,0.0,0.0,0.0,0,0,NA
203101,Miles Plumlee,Miles,Plumlee,CHA,11,11.6,0.0,0.0,0.0,0.0,0.0,0,0,NA
1627850,Marshall Plumlee,Marshall,Plumlee,NYK,20,7.2,0.0,0.0,0.1,0.0,0.0,0,1,NA
1627834,Georgios Papagiannis,Georgios,Papagiannis,SAC,20,15.1,0.0,0.0,0.0,0.0,0.0,0,0,NA
202336,Larry Sanders,Larry,Sanders,CLE,4,2.6,0.0,0.0,0.0,0.0,0.0,0,0,NA
202338,Kevin Seraphin,Kevin,Seraphin,IND,47,11.2,0.0,0.1,0.1,1.0,0.3,3,2,NA
NA,Jarnell Stokes,Jarnell,Stokes,DEN,2,3.3,0.0,0.0,0.0,0.0,0.0,0,0,NA
NA,Mike Tobey,Mike,Tobey,CHA,2,12.6,0.0,0.0,0.0,0.0,0.0,0,0,NA
NA,Edy Tavares,Edy,Tavares,ATL,1,3.6,0.0,0.0,0.0,0.0,0.0,0,0,NA
1626253,Axel Toupane,Axel,Toupane,MIL,2,3.0,0.0,0.0,0.0,0.0,0.0,0,0,NA
203481,Jeff Withey,Jeff,Withey,UTA,50,8.6,0.0,0.0,0.0,0.0,0.0,0,2,NA
1627787,Kyle Wiltjer,Kyle,Wiltjer,HOU,13,3.3,0.0,0.0,0.0,0.0,0.0,0,0,NA
1627757,Stephen Zimmerman,Stephen,Zimmerman,ORL,18,5.5,0.0,0.0,0.0,0.0,0.0,0,0,NA
