PLAYER_ID,PLAYER,FIRST_NAME,LAST_NAME,TEAM_ABBREVIATION,GP,MIN,REB,REB_CHANCE,REB_COL_PCT,REB_CONTESTED,REB_UNCONTESTED,REB_UNCONTESTED_PCT,REB_TOT,OREB,OREB_CHANCE,OREB_COL_PCT,OREB_CONTESTED,OREB_UNCONTESTED,OREB_UNCONTESTED_PCT,DREB,DREB_CHANCE,DREB_COL_PCT,DREB_CONTESTED,DREB_UNCONTESTED,DREB_UNCONTESTED_PCT,X
202355,Hassan Whiteside,Hassan,Whiteside,MIA,75,32.5,14.0,23.7,0.592,5.8,8.2,.416,1052,3.8,8.4,.452,2.9,0.9,.771,10.2,15.3,0.669,2.9,7.3,.285,NA
203497,Rudy Gobert,Rudy,Gobert,UTA,79,33.9,12.8,21.8,0.586,5.0,7.8,.391,1008,3.9,7.6,.509,3.1,0.8,.785,8.9,14.2,0.627,1.9,6.9,.218,NA
203083,Andre Drummond,Andre,Drummond,DET,79,29.9,13.8,21.7,0.639,6.0,7.9,.431,1094,4.3,7.8,.551,3.4,0.8,.802,9.6,13.9,0.688,2.5,7.0,.265,NA
1626157,Karl-Anthony Towns,Karl-Anthony,Towns,MIN,80,36.9,12.2,20.7,0.587,5.0,7.1,.414,974,3.6,7.3,.500,2.8,0.9,.763,8.5,13.5,0.634,2.3,6.3,.265,NA
2730,Dwight Howard,Dwight,Howard,ATL,73,29.7,12.7,19.9,0.637,5.1,7.6,.403,928,4.0,7.3,.551,3.1,0.9,.771,8.7,12.7,0.687,2.0,6.7,.234,NA
201599,DeAndre Jordan,DeAndre,Jordan,LAC,79,31.8,13.8,19.8,0.695,5.4,8.4,.391,1087,3.6,6.1,.594,2.8,0.8,.780,10.1,13.7,0.741,2.5,7.6,.251,NA
101162,Marcin Gortat,Marcin,Gortat,WAS,80,31.2,10.4,19.6,0.533,3.9,6.6,.371,835,2.9,7.1,.408,2.2,0.7,.767,7.5,12.5,0.603,1.6,5.9,.218,NA
203994,Jusuf Nurkic,Jusuf,Nurkic,POR,20,29.2,10.4,19.3,0.536,4.8,5.5,.469,207,3.2,6.6,.492,2.8,0.4,.862,7.1,12.7,0.559,2.0,5.0,.289,NA
2199,Tyson Chandler,Tyson,Chandler,PHX,45,27.3,11.2,19.1,0.588,4.3,6.9,.386,505,3.1,6.6,.463,2.3,0.7,.761,8.2,12.5,0.654,2.0,6.2,.245,NA
202684,Tristan Thompson,Tristan,Thompson,CLE,77,30.1,9.2,19.1,0.484,3.9,5.3,.428,711,3.7,8.6,.425,2.7,1.0,.724,5.6,10.4,0.534,1.3,4.3,.231,NA
202326,DeMarcus Cousins,DeMarcus,Cousins,NOP,17,33.7,12.4,18.8,0.661,4.6,7.8,.370,211,2.2,4.5,.487,1.9,0.2,.892,10.2,14.3,0.716,2.6,7.6,.259,NA
203076,Anthony Davis,Anthony,Davis,NOP,75,36.1,11.8,18.2,0.648,4.1,7.6,.352,884,2.3,4.2,.543,1.8,0.5,.779,9.5,14.0,0.68,2.4,7.1,.249,NA
201567,Kevin Love,Kevin,Love,CLE,59,31.3,11.1,17.7,0.629,3.5,7.6,.316,656,2.5,4.5,.555,1.7,0.8,.667,8.6,13.2,0.654,1.8,6.8,.214,NA
203999,Nikola Jokic,Nikola,Jokic,DEN,70,27.9,9.8,17.4,0.563,3.8,6.0,.385,684,2.9,6.1,.484,2.2,0.8,.729,6.8,11.3,0.605,1.6,5.2,.235,NA
202326,DeMarcus Cousins,DeMarcus,Cousins,TOTAL,72,34.2,11.0,17.0,0.649,3.6,7.4,.325,794,2.1,4.1,.512,1.6,0.5,.743,8.9,12.9,0.693,2.0,6.9,.226,NA
202685,Jonas Valanciunas,Jonas,Valanciunas,TOR,78,26.0,9.5,17.0,0.556,4.3,5.2,.450,738,2.8,6.6,.426,2.3,0.5,.832,6.6,10.4,0.64,1.9,4.7,.288,NA
202326,DeMarcus Cousins,DeMarcus,Cousins,SAC,55,34.4,10.6,16.4,0.645,3.3,7.3,.309,583,2.1,4.0,.520,1.5,0.6,.696,8.5,12.4,0.685,1.8,6.7,.214,NA
202696,Nikola Vucevic,Nikola,Vucevic,ORL,73,28.8,10.4,16.1,0.646,3.7,6.7,.359,758,2.3,4.4,.533,1.8,0.5,.776,8.1,11.7,0.688,1.9,6.1,.238,NA
200794,Paul Millsap,Paul,Millsap,ATL,68,34.1,7.7,16.0,0.484,2.7,5.0,.348,526,1.6,4.6,.354,1.2,0.4,.739,6.1,11.4,0.537,1.5,4.6,.243,NA
203944,Julius Randle,Julius,Randle,LAL,72,29.1,8.7,15.7,0.552,3.0,5.6,.349,624,2.1,4.8,.439,1.5,0.6,.707,6.6,10.9,0.602,1.6,5.0,.236,NA
203476,Gorgui Dieng,Gorgui,Dieng,MIN,80,32.4,7.9,15.6,0.506,2.6,5.3,.331,631,2.3,5.5,.416,1.6,0.7,.703,5.6,10.1,0.554,1.0,4.6,.180,NA
203486,Mason Plumlee,Mason,Plumlee,POR,54,28.0,8.0,15.6,0.512,3.2,4.8,.405,432,2.2,5.7,.390,1.6,0.6,.717,5.8,9.9,0.582,1.6,4.1,.285,NA
201149,Joakim Noah,Joakim,Noah,NYK,46,22.1,8.8,15.5,0.565,4.2,4.5,.481,403,3.5,7.0,.503,2.9,0.6,.821,5.2,8.5,0.616,1.3,3.9,.253,NA
203500,Steven Adams,Steven,Adams,OKC,78,30.1,7.7,15.0,0.515,3.8,3.9,.496,601,3.5,7.7,.457,2.7,0.8,.774,4.2,7.3,0.577,1.1,3.1,.263,NA
203486,Mason Plumlee,Mason,Plumlee,TOTAL,79,26.1,7.5,15.0,0.499,2.8,4.6,.381,591,2.1,5.5,.381,1.5,0.6,.723,5.4,9.5,0.567,1.3,4.1,.247,NA
201566,Russell Westbrook,Russell,Westbrook,OKC,80,34.8,10.7,14.9,0.721,2.2,8.5,.205,859,1.7,3.6,.481,1.0,0.7,.591,9.0,11.3,0.797,1.2,7.8,.132,NA
1626167,Myles Turner,Myles,Turner,IND,78,31.4,7.2,14.8,0.486,3.0,4.2,.420,562,1.7,3.7,.450,1.2,0.5,.687,5.5,11.1,0.498,1.9,3.7,.339,NA
203991,Clint Capela,Clint,Capela,HOU,64,23.7,8.1,14.7,0.548,3.5,4.5,.438,516,2.7,5.7,.474,2.0,0.7,.746,5.4,9.0,0.594,1.5,3.8,.283,NA
202344,Trevor Booker,Trevor,Booker,BKN,70,24.8,8.1,14.6,0.552,2.5,5.5,.313,565,2.0,4.9,.407,1.4,0.6,.700,6.1,9.7,0.626,1.1,4.9,.186,NA
203954,Joel Embiid,Joel,Embiid,PHI,31,25.3,7.8,14.5,0.542,3.5,4.3,.453,243,2.0,4.0,.492,1.5,0.5,.770,5.9,10.5,0.562,2.0,3.8,.346,NA
203994,Jusuf Nurkic,Jusuf,Nurkic,TOTAL,64,21.6,7.3,14.3,0.507,3.3,4.0,.456,465,2.4,5.7,.421,2.0,0.4,.818,4.9,8.6,0.564,1.3,3.5,.277,NA
NA,Andrew Bogut,Andrew,Bogut,DAL,26,22.4,8.4,14.1,0.594,2.9,5.5,.349,218,2.2,4.2,.509,1.6,0.6,.732,6.2,9.9,0.63,1.3,4.9,.216,NA
201577,Robin Lopez,Robin,Lopez,CHI,79,28.1,6.4,14.0,0.457,3.7,2.7,.573,504,3.0,7.0,.435,2.5,0.5,.841,3.4,7.0,0.478,1.1,2.2,.332,NA
202683,Enes Kanter,Enes,Kanter,OKC,70,21.3,6.7,13.9,0.482,3.1,3.6,.461,469,2.7,6.6,.410,2.2,0.5,.819,4.0,7.3,0.547,0.9,3.1,.221,NA
203469,Cody Zeller,Cody,Zeller,CHA,60,28.0,6.6,13.9,0.47,2.7,3.8,.415,393,2.2,5.5,.405,1.6,0.7,.699,4.3,8.5,0.512,1.2,3.2,.269,NA
201933,Blake Griffin,Blake,Griffin,LAC,59,34.2,8.1,13.8,0.591,2.7,5.4,.333,480,1.8,4.1,.444,1.3,0.6,.694,6.3,9.6,0.654,1.4,4.9,.228,NA
2216,Zach Randolph,Zach,Randolph,MEM,72,24.6,8.2,13.8,0.595,3.2,5.0,.390,593,2.5,5.3,.471,1.8,0.7,.729,5.7,8.5,0.673,1.4,4.3,.240,NA
203507,Giannis Antetokounmpo,Giannis,Antetokounmpo,MIL,79,35.5,8.7,13.7,0.635,2.8,5.9,.318,689,1.8,3.4,.536,1.4,0.4,.775,6.9,10.4,0.667,1.4,5.5,.199,NA
202329,Al-Farouq Aminu,Al-Farouq,Aminu,POR,60,29.1,7.4,13.6,0.55,2.6,4.8,.353,447,1.3,3.0,.435,0.9,0.4,.701,6.2,10.6,0.582,1.7,4.4,.281,NA
NA,Andrew Bogut,Andrew,Bogut,TOTAL,27,21.6,8.1,13.6,0.594,2.8,5.3,.349,218,2.1,4.1,.509,1.5,0.6,.732,6.0,9.5,0.63,1.3,4.7,.216,NA
203486,Mason Plumlee,Mason,Plumlee,DEN,25,22.2,6.4,13.6,0.466,2.0,4.4,.314,159,1.8,5.1,.359,1.4,0.5,.739,4.5,8.5,0.531,0.6,3.9,.142,NA
201959,Taj Gibson,Taj,Gibson,CHI,55,27.3,6.9,13.4,0.518,3.1,3.9,.444,382,2.2,5.4,.403,1.8,0.4,.817,4.8,8.0,0.596,1.3,3.5,.272,NA
203496,Robert Covington,Robert,Covington,PHI,67,31.6,6.5,13.3,0.489,2.3,4.2,.351,436,1.4,3.2,.434,0.9,0.5,.630,5.1,10.1,0.506,1.4,3.7,.276,NA
2200,Pau Gasol,Pau,Gasol,SAS,61,25.5,7.7,13.3,0.579,2.7,5.1,.344,471,1.7,3.9,.439,1.2,0.5,.721,6.0,9.5,0.636,1.4,4.6,.237,NA
203077,Michael Kidd-Gilchrist,Michael,Kidd-Gilchrist,CHA,79,29.1,7.0,13.2,0.53,2.3,4.7,.332,554,1.9,4.4,.442,1.3,0.6,.678,5.1,8.9,0.573,1.0,4.1,.201,NA
202702,Kenneth Faried,Kenneth,Faried,DEN,60,21.3,7.6,13.1,0.576,3.4,4.1,.457,453,3.0,5.9,.509,2.4,0.6,.793,4.6,7.2,0.631,1.1,3.5,.237,NA
1626195,Willy Hernangomez,Willy,Hernangomez,NYK,71,18.4,6.9,13.1,0.529,3.0,4.0,.428,491,2.4,5.1,.463,1.8,0.6,.754,4.6,8.0,0.57,1.2,3.4,.259,NA
204001,Kristaps Porzingis,Kristaps,Porzingis,NYK,66,32.8,7.2,13.1,0.55,2.9,4.3,.406,475,1.7,3.4,.500,1.2,0.4,.739,5.5,9.7,0.567,1.7,3.8,.305,NA
203110,Draymond Green,Draymond,Green,GSW,75,32.7,7.9,13.0,0.608,2.7,5.2,.345,595,1.3,2.4,.536,1.0,0.3,.755,6.6,10.6,0.625,1.7,4.9,.264,NA
2544,LeBron James,LeBron,James,CLE,74,37.8,8.6,13.0,0.662,2.1,6.5,.247,639,1.3,2.3,.581,0.9,0.4,.691,7.3,10.8,0.679,1.2,6.1,.168,NA
203967,Dario Saric,Dario,Saric,PHI,80,26.3,6.3,12.9,0.49,2.3,4.0,.367,507,1.4,3.7,.365,0.9,0.4,.676,5.0,9.2,0.54,1.4,3.6,.283,NA
201935,James Harden,James,Harden,HOU,79,36.5,8.1,12.7,0.639,1.8,6.4,.218,642,1.2,2.2,.534,0.7,0.5,.591,6.9,10.5,0.661,1.1,5.9,.155,NA
200746,LaMarcus Aldridge,LaMarcus,Aldridge,SAS,69,32.6,7.4,12.6,0.588,2.9,4.5,.394,510,2.4,4.6,.533,1.8,0.6,.744,5.0,8.0,0.62,1.1,3.9,.222,NA
202687,Bismack Biyombo,Bismack,Biyombo,ORL,79,22.4,7.1,12.4,0.567,2.4,4.6,.341,557,1.9,4.1,.478,1.4,0.6,.695,5.1,8.4,0.61,1.1,4.1,.206,NA
203458,Alex Len,Alex,Len,PHX,74,20.4,6.7,12.4,0.54,2.7,4.0,.403,496,2.1,4.9,.418,1.5,0.5,.750,4.6,7.5,0.62,1.2,3.5,.250,NA
201586,Serge Ibaka,Serge,Ibaka,TOTAL,79,30.6,6.8,12.1,0.563,2.4,4.5,.346,538,1.6,3.4,.478,1.2,0.4,.736,5.2,8.7,0.596,1.2,4.0,.222,NA
201586,Serge Ibaka,Serge,Ibaka,ORL,56,30.4,6.8,12.1,0.563,2.6,4.3,.374,382,1.8,3.7,.483,1.4,0.4,.760,5.0,8.4,0.597,1.2,3.8,.238,NA
203457,Nerlens Noel,Nerlens,Noel,DAL,20,22.1,6.9,12.1,0.57,3.2,3.8,.457,138,2.2,4.0,.550,1.6,0.6,.750,4.7,8.1,0.58,1.5,3.2,.319,NA
203994,Jusuf Nurkic,Jusuf,Nurkic,DEN,44,18.1,5.9,12.1,0.486,2.6,3.2,.446,258,2.0,5.3,.380,1.6,0.4,.787,3.8,6.8,0.569,1.0,2.8,.266,NA
201586,Serge Ibaka,Serge,Ibaka,TOR,23,30.9,6.8,12.0,0.563,1.9,4.9,.276,156,1.3,2.7,.460,0.8,0.4,.655,5.5,9.3,0.593,1.0,4.5,.189,NA
1626210,Alan Williams,Alan,Williams,PHX,46,14.7,6.1,12.0,0.507,2.7,3.4,.436,280,2.0,5.0,.400,1.4,0.6,.717,4.1,7.0,0.584,1.2,2.9,.298,NA
201142,Kevin Durant,Kevin,Durant,GSW,60,33.6,8.2,11.9,0.695,2.0,6.3,.236,495,0.6,1.3,.513,0.4,0.3,.564,7.6,10.6,0.717,1.6,6.0,.208,NA
201959,Taj Gibson,Taj,Gibson,TOTAL,77,25.5,6.2,11.9,0.521,2.7,3.5,.430,478,2.0,4.9,.407,1.6,0.5,.774,4.2,6.9,0.602,1.1,3.1,.264,NA
201143,Al Horford,Al,Horford,BOS,66,32.4,6.8,11.8,0.577,2.2,4.7,.317,451,1.4,2.7,.537,0.8,0.7,.532,5.4,9.2,0.588,1.4,4.0,.261,NA
101141,Ersan Ilyasova,Ersan,Ilyasova,ATL,24,25.0,5.9,11.8,0.502,1.9,4.0,.317,142,1.7,3.8,.435,1.2,0.5,.725,4.2,8.0,0.534,0.7,3.6,.157,NA
201152,Thaddeus Young,Thaddeus,Young,IND,71,30.0,6.0,11.8,0.51,2.2,3.8,.371,428,1.7,4.3,.400,1.1,0.6,.656,4.3,7.5,0.572,1.1,3.2,.258,NA
1626143,Jahlil Okafor,Jahlil,Okafor,PHI,50,22.7,4.8,11.7,0.41,2.1,2.7,.438,240,1.6,4.9,.331,1.2,0.4,.728,3.2,6.8,0.468,0.9,2.3,.289,NA
203490,Otto Porter Jr.,Otto,Porter Jr.,WAS,79,32.6,6.4,11.7,0.549,1.9,4.5,.293,508,1.5,3.2,.466,0.9,0.6,.624,4.9,8.5,0.58,1.0,4.0,.194,NA
1626159,Justise Winslow,Justise,Winslow,MIA,18,34.7,5.2,11.7,0.445,1.6,3.7,.298,94,1.3,3.5,.365,0.7,0.6,.565,3.9,8.2,0.48,0.8,3.1,.211,NA
202693,Markieff Morris,Markieff,Morris,WAS,75,31.1,6.5,11.5,0.563,2.2,4.2,.347,485,1.4,2.9,.482,1.1,0.3,.755,5.1,8.5,0.591,1.2,3.9,.233,NA
201188,Marc Gasol,Marc,Gasol,MEM,73,34.4,6.2,11.4,0.546,2.2,4.0,.352,455,0.8,1.9,.435,0.5,0.3,.633,5.4,9.5,0.568,1.7,3.7,.309,NA
101141,Ersan Ilyasova,Ersan,Ilyasova,TOTAL,80,26.4,5.9,11.4,0.519,2.1,3.8,.356,472,1.4,3.6,.387,1.1,0.4,.752,4.5,7.7,0.581,1.0,3.4,.231,NA
202328,Greg Monroe,Greg,Monroe,MIL,79,22.6,6.6,11.4,0.575,3.0,3.5,.461,518,2.1,4.1,.511,1.7,0.4,.812,4.5,7.3,0.611,1.3,3.1,.297,NA
203457,Nerlens Noel,Nerlens,Noel,TOTAL,49,20.6,5.8,11.4,0.506,2.4,3.3,.426,282,1.8,4.1,.448,1.3,0.6,.689,3.9,7.3,0.539,1.2,2.7,.302,NA
2585,Zaza Pachulia,Zaza,Pachulia,GSW,68,18.1,5.9,11.4,0.514,2.4,3.5,.410,398,2.0,4.5,.434,1.3,0.6,.672,3.9,6.8,0.568,1.1,2.8,.277,NA
101107,Marvin Williams,Marvin,Williams,CHA,74,30.5,6.6,11.4,0.58,1.6,5.0,.247,489,1.1,2.6,.443,0.8,0.4,.659,5.5,8.8,0.621,0.9,4.6,.161,NA
202334,Ed Davis,Ed,Davis,POR,46,17.2,5.3,11.3,0.468,2.6,2.7,.488,244,2.1,5.1,.412,1.5,0.5,.740,3.2,6.3,0.514,1.0,2.2,.324,NA
202324,Derrick Favors,Derrick,Favors,UTA,49,23.8,6.1,11.3,0.542,2.6,3.5,.430,300,1.9,4.0,.467,1.5,0.4,.783,4.2,7.3,0.583,1.2,3.1,.274,NA
203210,JaMychal Green,JaMychal,Green,MEM,76,27.4,7.1,11.3,0.63,2.6,4.5,.364,539,2.2,4.1,.534,1.6,0.6,.719,4.9,7.1,0.685,1.0,3.9,.204,NA
202331,Paul George,Paul,George,IND,72,35.7,6.6,11.3,0.584,1.3,5.3,.196,475,0.8,2.1,.377,0.5,0.3,.614,5.8,9.2,0.63,0.8,5.0,.139,NA
101141,Ersan Ilyasova,Ersan,Ilyasova,PHI,53,27.3,5.9,11.3,0.522,2.3,3.7,.382,314,1.3,3.7,.364,1.0,0.3,.761,4.6,7.7,0.599,1.2,3.3,.272,NA
201976,Patrick Beverley,Patrick,Beverley,HOU,66,30.7,5.8,11.1,0.524,1.5,4.3,.253,383,1.4,3.5,.386,0.7,0.7,.522,4.4,7.5,0.588,0.8,3.7,.171,NA
1626158,Richaun Holmes,Richaun,Holmes,PHI,55,20.5,5.4,11.1,0.49,2.4,3.1,.436,298,1.6,4.0,.403,1.2,0.4,.730,3.8,7.0,0.54,1.2,2.6,.311,NA
NA,Terrence Jones,Terrence,Jones,NOP,51,24.8,5.9,11.1,0.537,2.2,3.8,.363,303,1.3,3.1,.417,0.9,0.4,.723,4.7,8.0,0.583,1.2,3.4,.265,NA
202710,Jimmy Butler,Jimmy,Butler,CHI,74,37.1,6.2,11.0,0.564,1.8,4.4,.283,459,1.7,3.4,.496,1.0,0.7,.579,4.5,7.6,0.595,0.8,3.7,.171,NA
203457,Nerlens Noel,Nerlens,Noel,PHI,29,19.5,5.0,10.9,0.457,2.0,3.0,.396,144,1.6,4.2,.380,1.0,0.6,.630,3.4,6.7,0.505,1.0,2.4,.286,NA
202720,Jon Leuer,Jon,Leuer,DET,73,26.3,5.4,10.8,0.502,1.7,3.7,.320,397,1.4,3.3,.424,0.9,0.5,.663,4.1,7.6,0.535,0.8,3.2,.203,NA
203953,Jabari Parker,Jabari,Parker,MIL,51,33.8,6.2,10.8,0.569,2.0,4.2,.322,314,1.5,3.4,.457,1.0,0.5,.646,4.6,7.4,0.62,1.0,3.6,.213,NA
200782,PJ Tucker,PJ,Tucker,PHX,55,28.6,6.0,10.8,0.553,1.8,4.1,.307,329,1.7,3.7,.458,1.0,0.6,.620,4.3,7.2,0.602,0.8,3.5,.186,NA
2754,Tony Allen,Tony,Allen,MEM,70,27.2,5.6,10.7,0.519,2.3,3.3,.411,389,2.3,5.6,.416,1.7,0.7,.720,3.2,5.1,0.634,0.6,2.6,.187,NA
202340,Avery Bradley,Avery,Bradley,BOS,53,33.5,6.2,10.7,0.575,1.4,4.8,.229,327,1.2,2.4,.496,0.6,0.6,.508,5.0,8.3,0.597,0.8,4.2,.163,NA
201163,Wilson Chandler,Wilson,Chandler,DEN,69,30.9,6.5,10.7,0.606,2.1,4.3,.330,448,1.5,2.7,.540,1.1,0.4,.716,5.0,8.0,0.629,1.1,3.9,.217,NA
1626178,Rondae Hollis-Jefferson,Rondae,Hollis-Jefferson,BKN,75,22.3,5.7,10.7,0.532,1.7,4.0,.297,427,1.2,3.2,.382,0.8,0.5,.630,4.5,7.5,0.596,0.9,3.5,.206,NA
101135,David Lee,David,Lee,SAS,76,18.7,5.6,10.7,0.525,2.3,3.3,.410,427,1.9,4.1,.461,1.4,0.5,.754,3.8,6.7,0.563,0.9,2.9,.239,NA
1626204,Larry Nance Jr.,Larry,Nance Jr.,LAL,61,22.6,5.7,10.7,0.535,2.0,3.8,.346,350,1.9,4.0,.466,1.1,0.7,.609,3.9,6.7,0.577,0.8,3.0,.217,NA
200782,PJ Tucker,PJ,Tucker,TOTAL,78,27.9,5.8,10.7,0.546,1.8,4.0,.308,455,1.5,3.5,.417,1.0,0.5,.652,4.4,7.2,0.609,0.8,3.5,.191,NA
202389,Timofey Mozgov,Timofey,Mozgov,LAL,54,20.4,4.9,10.6,0.462,2.3,2.6,.462,264,1.9,5.0,.387,1.5,0.4,.798,3.0,5.6,0.53,0.7,2.2,.244,NA
NA,Terrence Jones,Terrence,Jones,TOTAL,54,23.6,5.7,10.5,0.54,2.0,3.6,.359,306,1.2,2.9,.417,0.9,0.3,.723,4.5,7.6,0.586,1.2,3.3,.261,NA
203943,Noah Vonleh,Noah,Vonleh,POR,72,16.5,5.0,10.5,0.473,2.2,2.7,.448,357,1.6,4.4,.366,1.2,0.4,.757,3.4,6.1,0.55,1.0,2.3,.302,NA
203473,Dewayne Dedmon,Dewayne,Dedmon,SAS,73,17.5,6.5,10.4,0.628,2.5,4.1,.375,477,1.6,3.6,.454,1.2,0.5,.720,4.9,6.8,0.718,1.3,3.6,.262,NA
200782,PJ Tucker,PJ,Tucker,TOR,23,26.3,5.5,10.4,0.527,1.7,3.8,.310,126,1.0,3.3,.307,0.8,0.2,.783,4.5,7.1,0.628,0.9,3.6,.204,NA
201585,Kosta Koufos,Kosta,Koufos,SAC,71,20.0,5.7,10.3,0.554,2.1,3.5,.377,403,1.7,3.4,.494,1.3,0.4,.780,4.0,6.9,0.583,0.8,3.2,.211,NA
200768,Kyle Lowry,Kyle,Lowry,TOR,58,37.7,4.8,10.3,0.467,1.1,3.7,.225,280,0.8,2.7,.301,0.4,0.4,.532,4.0,7.7,0.525,0.7,3.4,.163,NA
203124,Kyle O'Quinn,Kyle,O'Quinn,NYK,78,15.6,5.6,10.3,0.539,2.4,3.2,.431,434,2.0,4.2,.477,1.5,0.5,.742,3.6,6.2,0.581,0.9,2.7,.258,NA
1626245,Cristiano Felicio,Cristiano,Felicio,CHI,64,15.7,4.7,10.2,0.462,2.2,2.5,.458,301,1.9,4.7,.407,1.5,0.5,.756,2.8,5.5,0.51,0.7,2.1,.253,NA
1717,Dirk Nowitzki,Dirk,Nowitzki,DAL,52,26.3,6.5,10.1,0.648,1.9,4.6,.292,339,0.4,0.7,.595,0.2,0.2,.455,6.1,9.3,0.652,1.7,4.4,.281,NA
200752,Rudy Gay,Rudy,Gay,SAC,30,33.7,6.3,10.0,0.631,2.0,4.4,.311,190,1.2,2.6,.449,0.8,0.3,.714,5.2,7.4,0.695,1.1,4.0,.219,NA
1627786,Troy Williams,Troy,Williams,HOU,4,27.9,4.8,10.0,0.475,1.0,3.8,.211,19,1.8,2.5,.700,0.5,1.2,.286,3.0,7.5,0.4,0.5,2.5,.167,NA
201600,Omer Asik,Omer,Asik,NOP,31,15.6,5.3,9.9,0.531,1.9,3.4,.356,163,1.5,3.2,.480,1.1,0.5,.688,3.7,6.7,0.556,0.8,2.9,.217,NA
2736,Luol Deng,Luol,Deng,LAL,56,26.5,5.3,9.9,0.53,1.7,3.6,.315,295,1.1,2.6,.434,0.8,0.4,.683,4.1,7.4,0.563,0.9,3.2,.216,NA
203089,John Henson,John,Henson,MIL,56,19.5,5.2,9.9,0.527,2.4,2.8,.460,291,1.6,3.7,.435,1.3,0.3,.791,3.6,6.1,0.583,1.1,2.5,.310,NA
203460,Andre Roberson,Andre,Roberson,OKC,79,30.1,5.1,9.9,0.513,1.7,3.4,.335,403,1.2,3.1,.398,0.9,0.4,.704,3.9,6.8,0.565,0.8,3.0,.216,NA
201587,Nicolas Batum,Nicolas,Batum,CHA,75,34.4,6.3,9.8,0.644,1.4,4.9,.219,475,0.6,1.4,.438,0.4,0.2,.652,5.7,8.4,0.678,1.0,4.7,.172,NA
203084,Harrison Barnes,Harrison,Barnes,DAL,78,35.5,5.0,9.8,0.51,1.4,3.6,.282,390,1.2,3.0,.397,0.6,0.6,.467,3.8,6.8,0.559,0.9,3.0,.225,NA
101161,Amir Johnson,Amir,Johnson,BOS,78,20.2,4.6,9.8,0.469,2.2,2.3,.490,357,1.5,3.8,.395,1.1,0.4,.716,3.1,6.0,0.515,1.2,1.9,.382,NA
203482,Kelly Olynyk,Kelly,Olynyk,BOS,73,20.6,4.8,9.8,0.492,1.2,3.6,.248,351,1.0,3.1,.319,0.7,0.3,.667,3.8,6.7,0.572,0.5,3.3,.140,NA
1627816,Alex Poythress,Alex,Poythress,PHI,4,25.5,5.2,9.8,0.538,2.0,3.2,.381,21,2.0,4.2,.471,1.5,0.5,.750,3.2,5.5,0.591,0.5,2.8,.154,NA
203382,Aron Baynes,Aron,Baynes,DET,75,15.5,4.4,9.7,0.46,1.9,2.6,.423,333,1.5,4.1,.358,1.1,0.3,.766,3.0,5.5,0.536,0.7,2.2,.252,NA
204028,Tarik Black,Tarik,Black,LAL,65,16.2,5.1,9.7,0.523,2.4,2.7,.476,330,2.2,4.5,.481,1.6,0.6,.738,2.9,5.2,0.559,0.8,2.1,.280,NA
201572,Brook Lopez,Brook,Lopez,BKN,74,29.6,5.3,9.7,0.552,2.4,3.0,.443,395,1.6,3.1,.502,1.2,0.4,.778,3.8,6.5,0.577,1.1,2.6,.302,NA
202695,Kawhi Leonard,Kawhi,Leonard,SAS,71,33.7,5.9,9.6,0.615,1.7,4.2,.292,421,1.1,2.1,.517,0.7,0.4,.615,4.8,7.5,0.644,1.1,3.8,.219,NA
1627746,Skal Labissiere,Skal,Labissiere,SAC,31,17.8,4.9,9.5,0.515,1.7,3.2,.349,152,1.5,3.5,.440,0.9,0.6,.583,3.4,6.0,0.559,0.8,2.5,.240,NA
203933,TJ Warren,TJ,Warren,PHX,63,31.1,5.2,9.5,0.548,2.2,3.0,.416,329,1.9,3.9,.498,1.3,0.6,.702,3.3,5.7,0.583,0.8,2.5,.250,NA
2546,Carmelo Anthony,Carmelo,Anthony,NYK,73,34.5,5.9,9.4,0.635,1.6,4.3,.272,434,0.8,1.7,.500,0.6,0.2,.738,5.1,7.7,0.665,1.0,4.1,.196,NA
203109,Jae Crowder,Jae,Crowder,BOS,70,32.5,5.7,9.4,0.611,1.3,4.5,.224,402,0.7,1.8,.364,0.4,0.3,.532,5.1,7.6,0.671,0.9,4.1,.183,NA
202699,Tobias Harris,Tobias,Harris,DET,80,31.3,5.1,9.3,0.545,1.2,3.8,.247,405,0.8,1.7,.444,0.4,0.3,.600,4.3,7.6,0.567,0.8,3.5,.186,NA
201949,James Johnson,James,Johnson,MIA,74,27.2,4.9,9.3,0.53,1.3,3.7,.260,366,0.9,1.9,.458,0.5,0.4,.538,4.1,7.4,0.548,0.8,3.3,.199,NA
2440,Matt Barnes,Matt,Barnes,SAC,54,25.3,5.4,9.2,0.587,1.5,3.9,.276,293,1.0,2.1,.474,0.7,0.4,.655,4.4,7.1,0.621,0.8,3.6,.189,NA
203081,Damian Lillard,Damian,Lillard,POR,75,35.9,4.9,9.2,0.535,0.9,4.0,.185,368,0.6,1.7,.354,0.3,0.3,.522,4.3,7.4,0.577,0.6,3.7,.137,NA
201583,Ryan Anderson,Ryan,Anderson,HOU,70,29.4,4.7,9.1,0.513,1.9,2.8,.408,326,1.6,3.2,.491,1.1,0.4,.721,3.1,5.9,0.524,0.8,2.3,.247,NA
101133,Ian Mahinmi,Ian,Mahinmi,WAS,30,17.5,4.6,9.1,0.504,1.6,3.0,.348,139,1.5,3.2,.474,0.8,0.7,.543,3.1,5.9,0.52,0.8,2.3,.250,NA
202703,Nikola Mirotic,Nikola,Mirotic,CHI,68,24.0,5.4,9.1,0.597,1.7,3.8,.308,370,0.8,1.6,.514,0.5,0.4,.571,4.6,7.5,0.614,1.2,3.4,.261,NA
203512,Lucas Nogueira,Lucas,Nogueira,TOR,55,19.1,4.3,9.1,0.47,1.9,2.4,.438,235,1.4,3.1,.451,1.1,0.3,.756,2.9,5.9,0.48,0.8,2.1,.280,NA
201942,DeMar DeRozan,DeMar,DeRozan,TOR,73,35.5,5.3,9.0,0.587,1.5,3.8,.276,385,1.0,2.3,.412,0.6,0.4,.614,4.3,6.6,0.649,0.9,3.4,.201,NA
203090,Maurice Harkless,Maurice,Harkless,POR,76,28.9,4.5,9.0,0.495,2.0,2.5,.440,339,1.6,3.8,.429,1.2,0.4,.734,2.8,5.2,0.543,0.8,2.1,.270,NA
2440,Matt Barnes,Matt,Barnes,TOTAL,74,24.0,5.2,8.9,0.581,1.4,3.7,.279,384,0.9,2.1,.449,0.6,0.3,.657,4.2,6.8,0.622,0.8,3.4,.194,NA
201960,DeMarre Carroll,DeMarre,Carroll,TOR,70,26.3,3.8,8.9,0.428,1.1,2.7,.289,266,0.9,2.9,.304,0.5,0.3,.613,2.9,6.0,0.488,0.6,2.4,.191,NA
2772,Trevor Ariza,Trevor,Ariza,HOU,78,34.6,5.8,8.8,0.655,1.2,4.6,.211,451,0.7,1.3,.520,0.3,0.3,.500,5.1,7.6,0.677,0.9,4.2,.173,NA
2403,Nene, ,Nene,HOU,66,17.9,4.2,8.8,0.482,1.8,2.4,.432,280,1.4,3.2,.443,1.1,0.4,.745,2.8,5.6,0.504,0.8,2.0,.274,NA
202330,Gordon Hayward,Gordon,Hayward,UTA,72,34.6,5.4,8.8,0.621,1.1,4.3,.202,392,0.7,1.4,.462,0.4,0.3,.542,4.8,7.3,0.653,0.7,4.0,.154,NA
201568,Danilo Gallinari,Danilo,Gallinari,DEN,62,34.0,5.2,8.7,0.601,1.2,4.0,.226,323,0.6,1.6,.398,0.4,0.3,.590,4.6,7.1,0.647,0.8,3.8,.176,NA
101141,Ersan Ilyasova,Ersan,Ilyasova,OKC,3,20.7,5.3,8.7,0.615,1.0,4.3,.188,16,0.7,1.7,.400,0.7,0.0,1.000,4.7,7.0,0.667,0.3,4.3,.071,NA
1627826,Ivica Zubac,Ivica,Zubac,LAL,38,16.0,4.2,8.7,0.479,1.8,2.4,.434,159,1.1,3.0,.363,0.9,0.2,.805,3.1,5.8,0.539,0.9,2.2,.305,NA
201582,Alexis Ajinca,Alexis,Ajinca,NOP,37,14.4,4.4,8.6,0.511,1.6,2.7,.377,162,1.2,2.8,.429,0.9,0.3,.756,3.2,5.7,0.552,0.7,2.4,.231,NA
1627848,Shawn Long,Shawn,Long,PHI,16,13.2,4.5,8.6,0.526,2.1,2.4,.472,72,2.0,3.8,.533,1.6,0.4,.813,2.5,4.8,0.519,0.5,2.0,.200,NA
200757,Thabo Sefolosha,Thabo,Sefolosha,ATL,60,25.9,4.4,8.6,0.509,1.2,3.2,.278,264,0.9,2.3,.382,0.5,0.4,.577,3.5,6.4,0.554,0.7,2.8,.204,NA
202339,Eric Bledsoe,Eric,Bledsoe,PHX,64,33.0,4.8,8.5,0.566,1.1,3.7,.231,308,0.8,1.8,.419,0.5,0.3,.633,4.0,6.7,0.607,0.6,3.4,.154,NA
202694,Marcus Morris,Marcus,Morris,DET,78,32.5,4.6,8.5,0.548,1.4,3.2,.301,362,1.0,1.9,.507,0.6,0.3,.649,3.7,6.5,0.561,0.8,2.9,.207,NA
101108,Chris Paul,Chris,Paul,LAC,59,31.5,5.0,8.5,0.585,0.8,4.1,.167,293,0.7,1.2,.565,0.3,0.4,.436,4.3,7.3,0.588,0.5,3.8,.126,NA
200765,Rajon Rondo,Rajon,Rondo,CHI,68,26.8,5.1,8.5,0.602,0.9,4.2,.175,349,1.0,2.3,.445,0.5,0.6,.449,4.1,6.2,0.659,0.4,3.7,.107,NA
203186,Willie Reed,Willie,Reed,MIA,69,14.6,4.7,8.5,0.548,2.2,2.5,.464,323,1.8,3.6,.498,1.4,0.4,.798,2.9,4.9,0.585,0.7,2.1,.256,NA
203901,Elfrid Payton,Elfrid,Payton,ORL,80,29.3,4.7,8.4,0.555,1.1,3.6,.227,375,1.1,2.7,.405,0.6,0.5,.563,3.6,5.8,0.625,0.4,3.2,.125,NA
203952,Andrew Wiggins,Andrew,Wiggins,MIN,80,37.3,4.0,8.4,0.484,1.7,2.4,.418,323,1.3,3.0,.421,1.0,0.3,.752,2.8,5.4,0.519,0.7,2.0,.266,NA
203115,Will Barton,Will,Barton,DEN,59,28.3,4.3,8.3,0.513,0.9,3.3,.223,252,0.9,2.1,.439,0.5,0.4,.556,3.3,6.2,0.538,0.4,2.9,.132,NA
1627737,Marquese Chriss,Marquese,Chriss,PHX,79,21.1,4.2,8.3,0.51,1.5,2.7,.366,333,1.2,3.1,.377,0.8,0.3,.710,3.0,5.1,0.591,0.7,2.3,.233,NA
204020,Tyler Johnson,Tyler,Johnson,MIA,71,29.9,4.0,8.3,0.481,0.9,3.1,.235,285,0.7,2.1,.333,0.3,0.4,.490,3.3,6.3,0.53,0.6,2.7,.182,NA
1626163,Frank Kaminsky,Frank,Kaminsky,CHA,73,26.2,4.6,8.3,0.549,1.2,3.3,.273,333,0.8,1.8,.442,0.4,0.4,.544,3.8,6.5,0.577,0.8,3.0,.217,NA
1626171,Bobby Portis,Bobby,Portis,CHI,62,15.5,4.5,8.3,0.544,1.7,2.9,.368,280,1.1,2.7,.419,0.8,0.3,.714,3.4,5.6,0.603,0.9,2.5,.252,NA
201959,Taj Gibson,Taj,Gibson,OKC,22,21.0,4.4,8.2,0.533,1.6,2.7,.375,96,1.6,3.8,.422,1.0,0.6,.629,2.8,4.4,0.629,0.6,2.1,.230,NA
201578,Marreese Speights,Marreese,Speights,LAC,80,15.7,4.5,8.2,0.553,1.9,2.6,.416,363,1.1,2.2,.478,0.9,0.2,.826,3.5,6.0,0.582,1.0,2.5,.289,NA
2440,Matt Barnes,Matt,Barnes,GSW,20,20.5,4.6,8.1,0.562,1.3,3.2,.286,91,0.8,2.0,.375,0.5,0.2,.667,3.8,6.1,0.623,0.8,3.0,.211,NA
203932,Aaron Gordon,Aaron,Gordon,ORL,78,28.7,5.0,8.1,0.614,1.5,3.4,.310,387,1.4,2.5,.579,1.0,0.5,.673,3.5,5.6,0.63,0.6,2.9,.161,NA
201579,Roy Hibbert,Roy,Hibbert,CHA,42,16.0,3.6,8.1,0.439,1.6,2.0,.453,150,1.3,3.0,.427,1.0,0.2,.811,2.3,5.2,0.445,0.6,1.7,.258,NA
201150,Spencer Hawes,Spencer,Hawes,CHA,35,17.9,4.2,8.1,0.516,1.3,2.8,.322,146,0.9,2.1,.444,0.5,0.4,.531,3.3,6.0,0.54,0.9,2.4,.263,NA
203506,Victor Oladipo,Victor,Oladipo,OKC,65,33.3,4.3,8.1,0.532,0.9,3.4,.208,279,0.6,1.4,.400,0.2,0.3,.389,3.7,6.7,0.56,0.7,3.1,.181,NA
201939,Stephen Curry,Stephen,Curry,GSW,77,33.6,4.5,8.0,0.557,1.1,3.3,.255,345,0.8,1.9,.421,0.5,0.3,.607,3.7,6.2,0.599,0.7,3.0,.180,NA
201956,Omri Casspi,Omri,Casspi,NOP,1,23.7,2.0,8.0,0.25,0.0,2.0,.000,2,1.0,2.0,.500,0.0,1.0,.000,1.0,6.0,0.167,0.0,1.0,.000,NA
201609,Goran Dragic,Goran,Dragic,MIA,71,33.4,3.8,8.0,0.473,0.7,3.1,.189,270,0.8,2.4,.355,0.3,0.6,.333,3.0,5.7,0.522,0.4,2.5,.148,NA
203120,Justin Hamilton,Justin,Hamilton,BKN,61,18.2,3.9,8.0,0.487,1.6,2.3,.399,238,1.1,2.5,.431,0.8,0.3,.758,2.8,5.5,0.512,0.7,2.1,.262,NA
201967,Dante Cunningham,Dante,Cunningham,NOP,64,25.2,4.2,7.9,0.531,1.0,3.2,.249,269,0.9,2.1,.404,0.5,0.3,.600,3.3,5.8,0.577,0.5,2.8,.159,NA
1626257,Salah Mejri,Salah,Mejri,DAL,70,12.4,4.3,7.9,0.538,1.8,2.5,.419,298,1.3,3.3,.406,1.0,0.3,.742,2.9,4.6,0.631,0.8,2.1,.273,NA
203939,Dwight Powell,Dwight,Powell,DAL,74,17.1,4.0,7.9,0.5,1.3,2.6,.331,293,1.2,3.1,.373,0.8,0.4,.644,2.8,4.8,0.584,0.6,2.2,.199,NA
203080,Thomas Robinson,Thomas,Robinson,LAL,46,11.5,4.7,7.9,0.591,2.1,2.5,.458,214,1.8,3.4,.519,1.3,0.5,.716,2.9,4.5,0.646,0.9,2.0,.301,NA
202689,Kemba Walker,Kemba,Walker,CHA,79,34.7,3.9,7.9,0.491,0.7,3.2,.188,308,0.6,1.3,.429,0.3,0.3,.444,3.3,6.6,0.504,0.5,2.8,.144,NA
201956,Omri Casspi,Omri,Casspi,SAC,22,18.0,4.1,7.8,0.523,1.0,3.1,.233,90,0.9,2.0,.444,0.7,0.2,.750,3.2,5.8,0.551,0.3,2.9,.086,NA
1626161,Willie Cauley-Stein,Willie,Cauley-Stein,SAC,73,18.7,4.4,7.7,0.569,1.7,2.7,.378,320,1.1,2.4,.480,0.7,0.4,.651,3.2,5.3,0.609,0.9,2.3,.283,NA
201162,Jared Dudley,Jared,Dudley,PHX,64,21.2,3.5,7.7,0.458,1.0,2.5,.276,225,0.5,1.5,.326,0.3,0.2,.548,3.0,6.2,0.49,0.7,2.3,.232,NA
203516,James Ennis III,James,Ennis III,MEM,64,23.4,4.0,7.7,0.525,1.3,2.8,.320,259,1.1,2.7,.399,0.8,0.3,.710,3.0,5.0,0.594,0.5,2.4,.179,NA
1626149,Montrezl Harrell,Montrezl,Harrell,HOU,57,18.1,3.6,7.7,0.47,1.7,1.9,.476,206,1.4,3.1,.438,1.0,0.4,.727,2.3,4.6,0.492,0.7,1.5,.326,NA
1628021,David Nwaba,David,Nwaba,LAL,18,19.1,3.2,7.7,0.42,1.0,2.2,.310,58,0.9,3.1,.291,0.6,0.3,.625,2.3,4.6,0.506,0.4,1.9,.190,NA
202335,Patrick Patterson,Patrick,Patterson,TOR,64,24.8,4.6,7.7,0.595,1.4,3.1,.315,292,1.0,1.9,.508,0.7,0.3,.726,3.6,5.8,0.623,0.7,2.9,.204,NA
2744,Al Jefferson,Al,Jefferson,IND,65,14.1,4.2,7.6,0.556,1.8,2.5,.413,276,1.1,2.2,.514,0.9,0.3,.770,3.1,5.4,0.574,0.9,2.2,.282,NA
203488,Mike Muscala,Mike,Muscala,ATL,68,17.6,3.5,7.6,0.458,1.5,2.0,.419,236,1.1,2.6,.427,0.9,0.3,.763,2.4,5.0,0.475,0.6,1.8,.256,NA
203935,Marcus Smart,Marcus,Smart,BOS,77,30.4,3.9,7.6,0.506,1.4,2.4,.369,298,1.0,2.5,.392,0.7,0.3,.684,2.9,5.1,0.562,0.8,2.1,.261,NA
2548,Dwyane Wade,Dwyane,Wade,CHI,58,30.1,4.5,7.6,0.597,1.2,3.3,.263,262,1.1,2.0,.525,0.7,0.4,.629,3.4,5.5,0.623,0.5,2.9,.150,NA
1626147,Justin Anderson,Justin,Anderson,PHI,22,21.0,4.3,7.5,0.576,1.2,3.1,.284,95,1.4,2.3,.600,0.8,0.5,.600,3.0,5.2,0.565,0.4,2.5,.138,NA
203924,Jerami Grant,Jerami,Grant,PHI,2,20.6,3.0,7.5,0.4,1.5,1.5,.500,6,0.0,1.5,.000,0.0,0.0,-,3.0,6.0,0.5,1.5,1.5,.500,NA
1627742,Brandon Ingram,Brandon,Ingram,LAL,77,28.9,4.0,7.4,0.54,1.0,3.0,.248,306,0.7,1.7,.427,0.4,0.3,.554,3.2,5.7,0.573,0.6,2.7,.180,NA
203585,Rodney McGruder,Rodney,McGruder,MIA,76,25.2,3.3,7.4,0.445,1.0,2.3,.304,250,1.2,3.0,.396,0.6,0.6,.516,2.1,4.4,0.479,0.4,1.7,.182,NA
202730,Lavoy Allen,Lavoy,Allen,IND,59,14.6,3.6,7.3,0.498,1.7,1.9,.465,215,1.7,4.0,.428,1.3,0.4,.782,1.9,3.3,0.582,0.4,1.6,.184,NA
201573,Jerryd Bayless,Jerryd,Bayless,PHI,3,23.9,4.0,7.3,0.545,1.0,3.0,.250,12,1.0,2.0,.500,0.7,0.3,.667,3.0,5.3,0.563,0.3,2.7,.111,NA
202357,Nemanja Bjelica,Nemanja,Bjelica,MIN,65,18.3,3.8,7.3,0.516,1.5,2.3,.389,244,0.9,2.0,.435,0.6,0.2,.719,2.9,5.3,0.547,0.8,2.0,.289,NA
101112,Channing Frye,Channing,Frye,CLE,72,18.9,3.9,7.3,0.537,1.2,2.7,.305,282,0.5,1.1,.444,0.3,0.2,.639,3.4,6.2,0.554,0.9,2.5,.256,NA
2743,Kris Humphries,Kris,Humphries,ATL,54,12.1,3.6,7.3,0.492,1.2,2.4,.340,194,1.0,2.6,.391,0.6,0.4,.630,2.6,4.7,0.547,0.6,2.0,.229,NA
203922,Glenn Robinson III,Glenn,Robinson III,IND,68,20.5,3.5,7.3,0.483,0.8,2.7,.233,241,0.8,1.9,.405,0.4,0.4,.453,2.8,5.4,0.511,0.5,2.3,.171,NA
201579,Roy Hibbert,Roy,Hibbert,TOTAL,48,14.2,3.2,7.2,0.437,1.4,1.7,.454,152,1.1,2.6,.432,0.9,0.2,.815,2.0,4.6,0.439,0.5,1.5,.255,NA
201950,Jrue Holiday,Jrue,Holiday,NOP,65,33.0,4.0,7.2,0.553,0.9,3.0,.230,257,0.7,1.6,.431,0.4,0.3,.614,3.3,5.6,0.587,0.5,2.8,.150,NA
203524,Solomon Hill,Solomon,Hill,NOP,78,29.7,3.8,7.2,0.53,0.9,2.9,.244,299,0.7,1.6,.408,0.3,0.3,.529,3.2,5.6,0.565,0.6,2.6,.185,NA
201973,Jonas Jerebko,Jonas,Jerebko,BOS,76,16.0,3.4,7.2,0.48,1.1,2.4,.305,262,0.7,2.2,.335,0.5,0.3,.625,2.7,5.0,0.544,0.6,2.1,.218,NA
1626185,Jarell Martin,Jarell,Martin,MEM,41,13.5,3.8,7.2,0.527,1.4,2.4,.359,156,0.9,2.5,.366,0.7,0.2,.757,2.9,4.8,0.61,0.7,2.2,.235,NA
201937,Ricky Rubio,Ricky,Rubio,MIN,74,32.9,4.1,7.2,0.563,0.8,3.2,.203,301,0.9,1.6,.564,0.4,0.5,.424,3.2,5.6,0.562,0.4,2.7,.140,NA
NA,Luis Scola,Luis,Scola,BKN,35,12.7,3.8,7.2,0.532,1.3,2.5,.351,134,1.3,2.6,.511,0.8,0.5,.596,2.5,4.6,0.544,0.5,1.9,.218,NA
1627734,Domantas Sabonis,Domantas,Sabonis,OKC,79,20.0,3.5,7.2,0.483,1.3,2.2,.362,276,0.5,2.0,.277,0.4,0.2,.674,2.9,5.3,0.559,0.9,2.1,.305,NA
202691,Klay Thompson,Klay,Thompson,GSW,77,34.1,3.7,7.2,0.507,0.8,2.8,.230,283,0.6,1.3,.485,0.3,0.4,.417,3.1,6.0,0.512,0.6,2.5,.191,NA
202391,Jeremy Lin,Jeremy,Lin,BKN,34,24.3,3.6,7.1,0.504,0.4,3.2,.099,121,0.2,0.9,.250,0.0,0.2,.000,3.3,6.1,0.543,0.4,3.0,.106,NA
203530,Joffrey Lauvergne,Joffrey,Lauvergne,CHI,18,12.7,3.3,7.1,0.472,1.3,2.1,.383,60,1.1,2.8,.392,0.8,0.3,.700,2.2,4.2,0.526,0.5,1.7,.225,NA
201229,Anthony Tolliver,Anthony,Tolliver,SAC,64,22.8,3.6,7.0,0.513,1.0,2.6,.287,230,0.8,1.9,.413,0.5,0.3,.580,2.8,5.1,0.55,0.6,2.2,.206,NA
1627741,Buddy Hield,Buddy,Hield,SAC,23,28.6,4.0,6.9,0.579,0.9,3.1,.217,92,0.6,1.2,.481,0.3,0.2,.615,3.4,5.7,0.598,0.5,2.9,.152,NA
201952,Jeff Teague,Jeff,Teague,IND,79,32.4,4.1,6.9,0.595,0.6,3.6,.138,326,0.4,1.3,.327,0.1,0.3,.333,3.7,5.7,0.655,0.4,3.3,.116,NA
202322,John Wall,John,Wall,WAS,78,36.1,4.2,6.9,0.603,0.8,3.4,.193,327,0.8,1.7,.450,0.3,0.4,.441,3.4,5.3,0.652,0.5,3.0,.138,NA
1626155,Sam Dekker,Sam,Dekker,HOU,77,18.5,3.7,6.8,0.544,1.3,2.4,.352,284,1.2,2.5,.497,0.9,0.4,.702,2.5,4.3,0.571,0.4,2.0,.179,NA
203930,Sean Kilpatrick,Sean,Kilpatrick,BKN,69,25.1,4.0,6.8,0.596,0.6,3.4,.154,279,0.3,0.8,.386,0.1,0.2,.455,3.7,6.0,0.625,0.5,3.2,.128,NA
203114,Khris Middleton,Khris,Middleton,MIL,28,30.5,4.1,6.8,0.614,0.9,3.2,.224,116,0.4,0.7,.500,0.2,0.2,.500,3.8,6.0,0.627,0.8,3.0,.198,NA
203468,CJ McCollum,CJ,McCollum,POR,80,34.9,3.6,6.8,0.53,0.8,2.8,.225,289,0.8,1.7,.451,0.3,0.4,.417,2.9,5.2,0.556,0.5,2.4,.175,NA
1627751,Jakob Poeltl,Jakob,Poeltl,TOR,52,11.5,3.0,6.8,0.445,1.5,1.5,.506,158,1.4,3.2,.444,1.1,0.3,.760,1.6,3.6,0.446,0.4,1.2,.277,NA
1627834,Georgios Papagiannis,Georgios,Papagiannis,SAC,20,15.1,4.0,6.8,0.581,1.2,2.8,.304,79,1.1,1.8,.629,0.7,0.4,.636,2.8,5.0,0.564,0.5,2.4,.175,NA
201565,Derrick Rose,Derrick,Rose,NYK,64,32.6,3.8,6.8,0.562,0.9,2.9,.236,246,1.0,2.5,.418,0.6,0.4,.591,2.8,4.4,0.643,0.3,2.5,.106,NA
201160,Jason Smith,Jason,Smith,WAS,72,14.4,3.5,6.8,0.506,1.3,2.2,.365,249,0.9,2.2,.389,0.5,0.3,.619,2.6,4.6,0.564,0.7,1.9,.280,NA
203112,Quincy Acy,Quincy,Acy,BKN,32,16.0,3.3,6.7,0.5,1.1,2.2,.327,107,0.6,2.0,.277,0.4,0.1,.778,2.8,4.7,0.597,0.7,2.1,.236,NA
201936,Tyreke Evans,Tyreke,Evans,SAC,14,22.5,3.6,6.7,0.532,0.6,2.9,.180,50,0.4,1.8,.240,0.2,0.2,.500,3.1,4.9,0.638,0.4,2.7,.136,NA
201980,Danny Green,Danny,Green,SAS,65,26.8,3.3,6.7,0.491,0.8,2.5,.243,214,0.4,1.2,.367,0.3,0.2,.586,2.8,5.5,0.518,0.5,2.3,.189,NA
202323,Evan Turner,Evan,Turner,POR,63,25.5,3.8,6.7,0.565,0.9,2.9,.238,239,0.6,1.0,.547,0.3,0.2,.600,3.2,5.7,0.568,0.6,2.7,.176,NA
201956,Omri Casspi,Omri,Casspi,TOTAL,34,17.9,3.1,6.6,0.471,0.8,2.4,.245,106,0.7,1.8,.393,0.5,0.2,.708,2.4,4.8,0.5,0.3,2.1,.110,NA
202681,Kyrie Irving,Kyrie,Irving,CLE,72,35.1,3.2,6.6,0.481,0.9,2.3,.283,230,0.7,1.9,.371,0.4,0.3,.519,2.5,4.7,0.527,0.5,1.9,.213,NA
203087,Jeremy Lamb,Jeremy,Lamb,CHA,60,18.2,4.2,6.6,0.651,1.0,3.3,.223,255,0.4,1.0,.458,0.3,0.2,.593,3.8,5.6,0.686,0.7,3.1,.179,NA
1626168,Trey Lyles,Trey,Lyles,UTA,70,16.4,3.3,6.6,0.504,0.9,2.4,.272,232,0.7,1.6,.425,0.4,0.2,.646,2.6,5.0,0.53,0.5,2.2,.174,NA
201588,George Hill,George,Hill,UTA,47,32.0,3.5,6.5,0.536,0.7,2.8,.207,164,0.5,1.0,.468,0.2,0.2,.500,3.0,5.5,0.548,0.5,2.5,.162,NA
201150,Spencer Hawes,Spencer,Hawes,TOTAL,53,14.7,3.5,6.5,0.544,1.1,2.4,.323,186,0.7,1.5,.475,0.4,0.3,.553,2.8,4.9,0.565,0.7,2.1,.264,NA
202083,Wesley Matthews,Wesley,Matthews,DAL,72,34.1,3.6,6.5,0.551,0.6,3.0,.158,259,0.2,0.6,.391,0.1,0.2,.389,3.3,5.9,0.568,0.5,2.9,.141,NA
NA,Mike Tobey,Mike,Tobey,CHA,2,12.6,1.5,6.5,0.231,1.0,0.5,.667,3,1.0,3.5,.286,1.0,0.0,1.000,0.5,3.0,0.167,0.0,0.5,.000,NA
203145,Kent Bazemore,Kent,Bazemore,ATL,72,27.0,3.2,6.4,0.491,0.8,2.3,.268,228,0.6,1.2,.529,0.4,0.2,.622,2.5,5.3,0.483,0.5,2.1,.180,NA
203095,Evan Fournier,Evan,Fournier,ORL,66,32.9,3.1,6.4,0.487,0.8,2.3,.262,206,0.7,1.5,.436,0.4,0.3,.568,2.5,4.9,0.503,0.4,2.0,.179,NA
203530,Joffrey Lauvergne,Joffrey,Lauvergne,TOTAL,68,14.2,3.6,6.4,0.556,1.4,2.2,.383,243,1.0,2.2,.473,0.7,0.3,.676,2.5,4.2,0.599,0.7,1.9,.262,NA
1626156,D'Angelo Russell,D'Angelo,Russell,LAL,63,28.8,3.5,6.4,0.548,0.6,2.9,.172,221,0.5,1.3,.365,0.2,0.3,.484,3.0,5.0,0.597,0.4,2.7,.121,NA
202397,Ish Smith,Ish,Smith,DET,79,23.9,2.9,6.4,0.451,0.5,2.4,.188,229,0.2,0.6,.413,0.1,0.2,.316,2.7,5.8,0.455,0.5,2.2,.176,NA
NA,Hollis Thompson,Hollis,Thompson,NOP,9,21.2,3.1,6.4,0.483,0.4,2.7,.143,28,0.4,1.1,.400,0.1,0.3,.250,2.7,5.3,0.5,0.3,2.3,.125,NA
203079,Dion Waiters,Dion,Waiters,MIA,46,30.1,3.3,6.4,0.519,0.7,2.7,.196,153,0.4,1.0,.375,0.1,0.3,.222,2.9,5.4,0.547,0.6,2.4,.193,NA
NA,Chris Andersen,Chris,Andersen,CLE,12,9.5,2.6,6.3,0.408,0.9,1.7,.355,31,0.8,2.2,.346,0.7,0.1,.889,1.8,4.2,0.44,0.2,1.6,.136,NA
202711,Bojan Bogdanovic,Bojan,Bogdanovic,WAS,24,23.1,3.1,6.3,0.493,0.8,2.3,.267,75,0.5,1.4,.394,0.2,0.3,.462,2.6,5.0,0.521,0.6,2.0,.226,NA
204025,Tim Frazier,Tim,Frazier,NOP,63,23.5,2.7,6.3,0.428,0.6,2.1,.218,170,0.5,1.7,.317,0.2,0.3,.455,2.2,4.7,0.468,0.3,1.8,.161,NA
202709,Cory Joseph,Cory,Joseph,TOR,78,25.3,2.9,6.3,0.459,0.9,2.1,.295,227,0.6,1.6,.407,0.3,0.3,.520,2.3,4.8,0.476,0.5,1.7,.232,NA
202498,Lance Thomas,Lance,Thomas,NYK,46,21.1,3.1,6.3,0.49,0.7,2.3,.239,142,0.7,2.0,.356,0.4,0.3,.594,2.4,4.3,0.55,0.3,2.1,.136,NA
203078,Bradley Beal,Bradley,Beal,WAS,76,34.7,3.1,6.2,0.506,0.8,2.3,.261,238,0.7,1.8,.384,0.3,0.4,.434,2.4,4.4,0.557,0.5,1.9,.211,NA
1626164,Devin Booker,Devin,Booker,PHX,76,35.0,3.2,6.2,0.519,0.6,2.7,.179,246,0.6,1.6,.373,0.2,0.3,.409,2.7,4.7,0.567,0.3,2.3,.129,NA
201936,Tyreke Evans,Tyreke,Evans,TOTAL,40,19.7,3.4,6.2,0.548,0.8,2.6,.221,136,0.3,1.2,.240,0.2,0.1,.583,3.1,5.0,0.626,0.6,2.5,.185,NA
2738,Andre Iguodala,Andre,Iguodala,GSW,75,26.4,4.0,6.2,0.649,1.0,3.0,.260,300,0.7,1.2,.543,0.3,0.3,.480,3.3,4.9,0.676,0.7,2.6,.216,NA
2594,Kyle Korver,Kyle,Korver,ATL,32,27.9,2.8,6.2,0.449,0.7,2.1,.247,89,0.0,0.2,.000,0.0,0.0,-,2.8,6.0,0.464,0.7,2.1,.247,NA
203530,Joffrey Lauvergne,Joffrey,Lauvergne,OKC,50,14.8,3.7,6.2,0.59,1.4,2.3,.383,183,1.0,2.0,.515,0.7,0.3,.667,2.6,4.2,0.626,0.7,1.9,.273,NA
1626162,Kelly Oubre Jr.,Kelly,Oubre Jr.,WAS,77,19.9,3.3,6.2,0.522,0.9,2.3,.291,252,0.8,1.9,.393,0.5,0.3,.627,2.5,4.3,0.58,0.5,2.0,.188,NA
202362,Lance Stephenson,Lance,Stephenson,NOP,6,27.1,3.0,6.2,0.486,0.7,2.3,.222,18,0.5,1.5,.333,0.2,0.3,.333,2.5,4.7,0.536,0.5,2.0,.200,NA
203112,Quincy Acy,Quincy,Acy,TOTAL,38,14.7,3.0,6.1,0.5,1.0,2.1,.322,115,0.5,1.8,.286,0.4,0.1,.800,2.5,4.2,0.594,0.6,1.9,.221,NA
203086,Meyers Leonard,Meyers,Leonard,POR,72,16.0,3.1,6.1,0.502,0.9,2.2,.302,222,0.4,1.2,.314,0.2,0.2,.519,2.7,4.9,0.548,0.7,2.0,.272,NA
201177,Josh McRoberts,Josh,McRoberts,MIA,22,17.0,3.4,6.1,0.548,1.2,2.1,.365,74,1.0,2.2,.479,0.7,0.4,.652,2.3,4.0,0.586,0.5,1.8,.235,NA
201580,JaVale McGee,JaVale,McGee,GSW,75,9.4,3.1,6.1,0.511,1.5,1.6,.494,233,1.3,2.6,.497,1.0,0.3,.750,1.8,3.5,0.521,0.6,1.3,.314,NA
1626196,Josh Richardson,Josh,Richardson,MIA,51,30.0,3.2,6.1,0.514,0.9,2.3,.280,161,0.6,1.5,.440,0.3,0.4,.455,2.5,4.7,0.538,0.6,1.9,.234,NA
203471,Dennis Schroder,Dennis,Schroder,ATL,78,31.5,3.1,6.1,0.513,0.7,2.5,.216,245,0.5,1.5,.353,0.3,0.3,.500,2.6,4.6,0.565,0.4,2.2,.158,NA
201144,Mike Conley,Mike,Conley,MEM,68,33.4,3.5,6.0,0.587,0.7,2.9,.192,240,0.5,0.9,.484,0.2,0.3,.355,3.1,5.1,0.606,0.5,2.6,.167,NA
203925,Joe Harris,Joe,Harris,BKN,51,21.9,2.8,6.0,0.462,0.5,2.3,.177,141,0.3,1.3,.235,0.2,0.1,.563,2.5,4.6,0.527,0.3,2.1,.128,NA
1627783,Pascal Siakam,Pascal,Siakam,TOR,53,15.1,3.2,6.0,0.543,1.2,2.0,.378,172,1.2,2.5,.459,0.7,0.4,.629,2.1,3.4,0.604,0.5,1.6,.236,NA
202711,Bojan Bogdanovic,Bojan,Bogdanovic,TOTAL,78,25.9,3.5,5.9,0.586,0.7,2.8,.202,272,0.5,1.2,.396,0.3,0.2,.583,3.0,4.8,0.633,0.4,2.6,.144,NA
201936,Tyreke Evans,Tyreke,Evans,NOP,26,18.2,3.3,5.9,0.558,0.8,2.5,.244,86,0.2,1.0,.240,0.2,0.1,.667,3.1,5.0,0.62,0.7,2.4,.213,NA
203918,Rodney Hood,Rodney,Hood,UTA,58,27.0,3.4,5.9,0.579,0.6,2.8,.182,198,0.3,0.7,.395,0.2,0.1,.600,3.2,5.2,0.602,0.5,2.7,.148,NA
203914,Gary Harris,Gary,Harris,DEN,55,30.8,3.0,5.9,0.512,0.9,2.1,.297,165,0.8,2.1,.397,0.6,0.3,.696,2.2,3.7,0.578,0.3,1.9,.143,NA
2594,Kyle Korver,Kyle,Korver,TOTAL,65,26.3,2.7,5.9,0.462,0.7,2.0,.250,176,0.1,0.3,.318,0.0,0.1,.286,2.6,5.5,0.471,0.6,2.0,.249,NA
203897,Zach LaVine,Zach,LaVine,MIN,47,37.2,3.4,5.9,0.576,0.5,2.9,.138,160,0.4,0.9,.463,0.1,0.3,.368,3.0,5.0,0.595,0.3,2.7,.106,NA
1626144,Emmanuel Mudiay,Emmanuel,Mudiay,DEN,54,25.5,3.3,5.9,0.55,0.6,2.6,.193,176,0.5,1.4,.387,0.2,0.3,.414,2.7,4.5,0.6,0.4,2.3,.150,NA
202711,Bojan Bogdanovic,Bojan,Bogdanovic,BKN,54,27.1,3.6,5.8,0.631,0.6,3.0,.178,197,0.4,1.1,.397,0.3,0.1,.652,3.2,4.7,0.685,0.4,2.9,.115,NA
1713,Vince Carter,Vince,Carter,MEM,72,24.7,3.1,5.8,0.542,0.9,2.3,.276,225,0.5,1.1,.474,0.3,0.2,.667,2.6,4.7,0.558,0.5,2.1,.201,NA
203487,Michael Carter-Williams,Michael,Carter-Williams,CHI,43,19.2,3.5,5.8,0.608,1.0,2.5,.296,152,0.6,1.4,.393,0.3,0.3,.542,3.0,4.4,0.677,0.7,2.2,.250,NA
1627741,Buddy Hield,Buddy,Hield,TOTAL,80,22.8,3.2,5.8,0.56,0.6,2.6,.186,258,0.4,1.0,.386,0.2,0.2,.531,2.8,4.7,0.598,0.4,2.4,.137,NA
1626179,Terry Rozier,Terry,Rozier,BOS,72,17.4,3.1,5.8,0.53,0.8,2.2,.267,221,0.5,1.4,.398,0.3,0.3,.487,2.5,4.4,0.571,0.6,2.0,.220,NA
202338,Kevin Seraphin,Kevin,Seraphin,IND,46,11.0,2.8,5.8,0.485,0.9,1.9,.333,129,0.8,2.5,.333,0.6,0.2,.711,2.0,3.3,0.599,0.3,1.6,.176,NA
201589,Darrell Arthur,Darrell,Arthur,DEN,39,14.9,2.7,5.7,0.477,0.9,1.8,.330,107,0.6,1.5,.400,0.4,0.2,.708,2.1,4.2,0.506,0.5,1.6,.220,NA
1627767,Cheick Diallo,Cheick,Diallo,NOP,15,9.5,3.1,5.7,0.541,0.7,2.3,.239,46,1.1,2.5,.421,0.6,0.5,.563,2.0,3.1,0.638,0.1,1.9,.067,NA
201145,Jeff Green,Jeff,Green,ORL,69,22.1,3.1,5.7,0.549,0.8,2.3,.266,214,0.6,1.2,.464,0.3,0.3,.513,2.5,4.4,0.572,0.5,2.0,.211,NA
1627823,Juan Hernangomez,Juan,Hernangomez,DEN,59,13.0,2.9,5.7,0.515,1.1,1.8,.366,174,0.7,1.9,.384,0.5,0.2,.744,2.2,3.8,0.581,0.5,1.7,.240,NA
201584,Courtney Lee,Courtney,Lee,NYK,76,32.1,3.4,5.7,0.596,0.7,2.7,.198,258,0.7,1.3,.535,0.3,0.4,.434,2.7,4.4,0.614,0.4,2.3,.137,NA
1627827,Dorian Finney-Smith,Dorian,Finney-Smith,DAL,78,20.2,2.7,5.6,0.477,0.9,1.8,.329,210,0.7,1.8,.369,0.4,0.3,.596,2.0,3.8,0.528,0.5,1.5,.241,NA
204456,T.J. McConnell,T.J.,McConnell,PHI,79,26.3,3.1,5.6,0.55,0.6,2.5,.198,243,0.5,1.2,.424,0.2,0.3,.333,2.6,4.4,0.583,0.4,2.1,.172,NA
1626147,Justin Anderson,Justin,Anderson,TOTAL,72,16.3,3.4,5.5,0.609,0.9,2.4,.280,243,1.0,1.7,.580,0.6,0.4,.609,2.4,3.9,0.621,0.4,2.1,.149,NA
201563,Michael Beasley,Michael,Beasley,MIL,54,16.4,3.4,5.5,0.627,1.3,2.1,.378,185,0.7,1.3,.559,0.6,0.1,.895,2.7,4.2,0.648,0.7,2.1,.245,NA
203903,Jordan Clarkson,Jordan,Clarkson,LAL,80,29.3,3.0,5.5,0.544,0.6,2.4,.213,240,0.6,1.7,.358,0.3,0.3,.551,2.4,3.8,0.628,0.3,2.1,.126,NA
2594,Kyle Korver,Kyle,Korver,CLE,33,24.8,2.6,5.5,0.475,0.7,2.0,.253,87,0.2,0.5,.438,0.1,0.2,.286,2.4,5.1,0.479,0.6,1.8,.250,NA
203926,Doug McDermott,Doug,McDermott,CHI,44,24.6,3.0,5.5,0.533,0.9,2.1,.300,130,0.3,1.0,.333,0.2,0.1,.643,2.6,4.6,0.574,0.7,2.0,.259,NA
203498,Shabazz Muhammad,Shabazz,Muhammad,MIN,76,19.4,2.9,5.5,0.517,1.2,1.6,.424,217,1.1,2.8,.393,0.9,0.2,.795,1.8,2.8,0.641,0.3,1.4,.194,NA
203094,Andrew Nicholson,Andrew,Nicholson,BKN,8,10.1,2.6,5.5,0.477,1.0,1.6,.381,21,0.4,1.5,.250,0.2,0.1,.667,2.2,4.0,0.563,0.8,1.5,.333,NA
203101,Miles Plumlee,Miles,Plumlee,CHA,11,11.6,2.5,5.5,0.443,0.5,1.9,.222,28,0.7,2.0,.318,0.4,0.3,.571,1.8,3.5,0.513,0.2,1.6,.100,NA
202738,Isaiah Thomas,Isaiah,Thomas,BOS,74,34.1,2.7,5.5,0.483,0.5,2.1,.198,197,0.5,1.7,.317,0.2,0.3,.450,2.1,3.8,0.557,0.3,1.8,.134,NA
201148,Brandan Wright,Brandan,Wright,MEM,27,15.9,2.7,5.5,0.5,1.1,1.6,.405,74,1.0,2.5,.418,0.7,0.4,.643,1.7,3.0,0.568,0.4,1.3,.261,NA
203092,Tyler Zeller,Tyler,Zeller,BOS,49,10.3,2.5,5.5,0.454,1.1,1.3,.459,122,0.9,2.2,.382,0.6,0.3,.690,1.6,3.2,0.503,0.6,1.1,.338,NA
NA,Anthony Bennett,Anthony,Bennett,BKN,22,11.1,3.1,5.4,0.571,1.5,1.6,.471,68,1.0,1.6,.600,0.9,0.1,.905,2.1,3.8,0.56,0.6,1.5,.277,NA
1627747,Caris LeVert,Caris,LeVert,BKN,54,21.6,3.3,5.4,0.617,0.5,2.8,.145,179,0.4,1.0,.418,0.2,0.2,.478,2.9,4.4,0.664,0.3,2.6,.096,NA
202700,Donatas Motiejunas,Donatas,Motiejunas,NOP,32,13.7,3.0,5.4,0.546,1.2,1.7,.421,95,0.8,1.6,.462,0.5,0.2,.667,2.2,3.8,0.582,0.8,1.5,.338,NA
203503,Tony Snell,Tony,Snell,MIL,79,29.2,3.1,5.4,0.577,0.6,2.6,.177,248,0.3,0.6,.449,0.1,0.1,.500,2.9,4.8,0.593,0.4,2.4,.146,NA
202066,Garrett Temple,Garrett,Temple,SAC,64,26.6,2.8,5.4,0.523,0.9,1.9,.326,181,0.5,1.2,.397,0.3,0.2,.613,2.3,4.2,0.56,0.6,1.7,.267,NA
NA,Hollis Thompson,Hollis,Thompson,TOTAL,40,18.8,2.8,5.4,0.523,0.8,2.0,.304,112,0.5,1.0,.452,0.3,0.2,.632,2.3,4.3,0.541,0.6,1.8,.237,NA
1627855,Okaro White,Okaro,White,MIA,33,13.5,2.5,5.4,0.458,0.8,1.7,.321,81,0.8,1.9,.397,0.4,0.4,.520,1.7,3.5,0.491,0.4,1.3,.232,NA
203484,Kentavious Caldwell-Pope,Kentavious,Caldwell-Pope,DET,74,33.4,3.3,5.3,0.617,0.8,2.5,.231,242,0.7,1.5,.509,0.4,0.3,.582,2.5,3.8,0.658,0.3,2.2,.128,NA
NA,Justin Harper,Justin,Harper,PHI,3,10.5,1.7,5.3,0.313,0.7,1.0,.400,5,0.7,2.0,.333,0.3,0.3,.500,1.0,3.3,0.3,0.3,0.7,.333,NA
203501,Tim Hardaway Jr.,Tim,Hardaway Jr.,ATL,78,27.3,2.8,5.3,0.532,0.8,2.0,.288,219,0.4,0.9,.479,0.3,0.2,.571,2.4,4.3,0.543,0.6,1.8,.234,NA
1627741,Buddy Hield,Buddy,Hield,NOP,57,20.4,2.9,5.3,0.55,0.5,2.4,.169,166,0.3,1.0,.339,0.2,0.2,.474,2.6,4.3,0.598,0.3,2.2,.129,NA
2210,Richard Jefferson,Richard,Jefferson,CLE,77,20.3,2.5,5.3,0.47,0.6,1.9,.238,193,0.4,1.0,.342,0.2,0.2,.519,2.2,4.3,0.5,0.4,1.7,.193,NA
202697,Iman Shumpert,Iman,Shumpert,CLE,74,25.3,2.9,5.3,0.541,0.6,2.3,.208,212,0.5,1.2,.407,0.2,0.3,.486,2.4,4.1,0.581,0.4,2.0,.149,NA
NA,Jared Sullinger,Jared,Sullinger,TOR,11,10.7,2.5,5.3,0.466,0.8,1.6,.333,27,0.9,2.7,.333,0.5,0.4,.600,1.5,2.5,0.607,0.3,1.3,.176,NA
2561,David West,David,West,GSW,66,12.5,3.0,5.3,0.557,1.2,1.7,.418,196,0.7,1.3,.494,0.5,0.2,.721,2.3,4.0,0.577,0.8,1.5,.333,NA
101150,Lou Williams,Lou,Williams,HOU,22,25.7,3.0,5.3,0.56,0.6,2.3,.215,65,0.5,1.3,.429,0.3,0.3,.500,2.4,4.0,0.602,0.4,2.0,.151,NA
203459,Allen Crabbe,Allen,Crabbe,POR,79,28.5,2.9,5.2,0.554,0.7,2.2,.243,226,0.2,0.6,.396,0.1,0.1,.526,2.6,4.6,0.575,0.6,2.1,.217,NA
203924,Jerami Grant,Jerami,Grant,TOTAL,78,19.1,2.5,5.2,0.475,0.8,1.7,.311,193,0.5,1.3,.366,0.2,0.3,.351,2.0,3.9,0.511,0.6,1.4,.301,NA
202704,Reggie Jackson,Reggie,Jackson,DET,52,27.4,2.2,5.2,0.424,0.4,1.8,.193,114,0.4,1.3,.309,0.2,0.2,.571,1.8,3.9,0.463,0.2,1.6,.108,NA
1627756,Denzel Valentine,Denzel,Valentine,CHI,55,17.5,2.7,5.2,0.51,0.6,2.1,.211,147,0.2,0.5,.393,0.1,0.1,.364,2.5,4.7,0.523,0.5,2.0,.199,NA
1627812,Yogi Ferrell,Yogi,Ferrell,DAL,34,28.9,2.7,5.1,0.532,0.4,2.3,.163,92,0.5,1.1,.444,0.1,0.3,.313,2.2,4.0,0.555,0.3,1.9,.132,NA
203924,Jerami Grant,Jerami,Grant,OKC,76,19.1,2.5,5.1,0.478,0.8,1.7,.305,187,0.5,1.3,.378,0.2,0.3,.351,2.0,3.9,0.512,0.6,1.4,.293,NA
201943,Brandon Jennings,Brandon,Jennings,NYK,58,24.7,2.6,5.1,0.51,0.4,2.2,.164,152,0.4,1.1,.318,0.1,0.2,.333,2.3,4.0,0.565,0.3,1.9,.137,NA
203926,Doug McDermott,Doug,McDermott,TOTAL,66,22.8,2.7,5.1,0.536,0.7,2.0,.274,179,0.3,0.8,.377,0.2,0.1,.600,2.4,4.3,0.566,0.6,1.8,.233,NA
1627752,Taurean Prince,Taurean,Prince,ATL,57,16.4,2.7,5.1,0.533,0.8,1.9,.279,154,0.4,0.9,.463,0.3,0.2,.600,2.3,4.1,0.549,0.5,1.8,.217,NA
203082,Terrence Ross,Terrence,Ross,ORL,22,32.3,2.9,5.1,0.566,0.5,2.4,.172,64,0.2,0.5,.400,0.0,0.1,.250,2.7,4.7,0.583,0.5,2.3,.167,NA
203917,Nik Stauskas,Nik,Stauskas,PHI,78,27.3,2.8,5.1,0.555,0.5,2.4,.162,222,0.3,0.6,.429,0.0,0.2,.143,2.6,4.5,0.573,0.4,2.2,.164,NA
202332,Cole Aldrich,Cole,Aldrich,MIN,61,8.5,2.5,5.0,0.507,1.0,1.5,.409,154,0.8,2.0,.407,0.5,0.3,.660,1.7,3.0,0.575,0.5,1.2,.288,NA
1627759,Jaylen Brown,Jaylen,Brown,BOS,76,17.2,2.8,5.0,0.564,0.9,1.9,.312,215,0.6,1.4,.413,0.4,0.2,.651,2.3,3.6,0.621,0.5,1.8,.227,NA
101109,Raymond Felton,Raymond,Felton,LAC,78,21.3,2.7,5.0,0.545,0.7,2.1,.239,213,0.4,1.1,.379,0.2,0.2,.424,2.3,3.9,0.592,0.5,1.8,.206,NA
101139,CJ Miles,CJ,Miles,IND,73,23.4,3.0,5.0,0.603,0.7,2.3,.247,219,0.4,0.8,.483,0.2,0.2,.429,2.6,4.2,0.626,0.6,2.0,.220,NA
1626246,Boban Marjanovic,Boban,Marjanovic,DET,33,7.7,3.4,5.0,0.677,1.4,1.9,.423,111,1.1,2.1,.544,0.9,0.2,.784,2.2,2.9,0.771,0.5,1.7,.243,NA
NA,Hollis Thompson,Hollis,Thompson,PHI,31,18.1,2.7,5.0,0.538,1.0,1.7,.357,84,0.5,1.0,.469,0.4,0.1,.733,2.2,4.0,0.556,0.6,1.6,.275,NA
1627784,Jarrod Uthoff,Jarrod,Uthoff,DAL,7,10.9,2.6,5.0,0.514,1.0,1.6,.389,18,1.1,2.4,.471,0.7,0.4,.625,1.4,2.6,0.556,0.3,1.1,.200,NA
1627835,Paul Zipser,Paul,Zipser,CHI,42,18.8,2.6,5.0,0.524,0.6,2.0,.225,111,0.4,1.0,.349,0.1,0.2,.400,2.3,4.0,0.568,0.5,1.8,.198,NA
1627763,Malcolm Brogdon,Malcolm,Brogdon,MIL,73,26.4,2.8,4.9,0.575,0.7,2.1,.265,204,0.6,0.9,.638,0.3,0.3,.477,2.2,3.9,0.559,0.5,1.7,.206,NA
2207,Joe Johnson,Joe,Johnson,UTA,76,23.7,3.1,4.9,0.642,0.8,2.4,.239,238,0.4,0.8,.532,0.2,0.2,.576,2.7,4.1,0.663,0.5,2.2,.185,NA
1626172,Kevon Looney,Kevon,Looney,GSW,53,8.5,2.3,4.9,0.475,1.0,1.3,.427,124,0.8,2.2,.379,0.6,0.2,.705,1.5,2.7,0.552,0.4,1.1,.275,NA
203101,Miles Plumlee,Miles,Plumlee,TOTAL,43,10.2,1.9,4.9,0.379,0.8,1.0,.438,81,0.7,1.9,.366,0.4,0.3,.633,1.2,3.0,0.388,0.4,0.8,.320,NA
203085,Austin Rivers,Austin,Rivers,LAC,74,27.8,2.2,4.9,0.442,0.3,1.9,.124,161,0.3,1.0,.278,0.1,0.1,.500,1.9,3.9,0.483,0.1,1.8,.071,NA
203481,Jeff Withey,Jeff,Withey,UTA,50,8.6,2.4,4.9,0.486,1.0,1.4,.412,119,1.0,2.0,.515,0.7,0.3,.667,1.4,2.9,0.466,0.3,1.1,.221,NA
202682,Derrick Williams,Derrick,Williams,MIA,25,15.1,2.9,4.9,0.593,1.0,1.9,.342,73,0.6,1.0,.640,0.5,0.1,.813,2.3,3.9,0.582,0.5,1.8,.211,NA
1627785,Isaiah Whitehead,Isaiah,Whitehead,BKN,71,22.4,2.5,4.9,0.514,0.7,1.9,.261,180,0.5,1.0,.432,0.3,0.1,.688,2.1,3.9,0.536,0.4,1.7,.169,NA
202692,Alec Burks,Alec,Burks,UTA,40,15.7,2.8,4.8,0.595,0.8,2.0,.292,113,0.4,1.0,.390,0.3,0.1,.750,2.4,3.7,0.651,0.5,1.9,.216,NA
2399,Mike Dunleavy,Mike,Dunleavy,ATL,28,15.7,2.2,4.8,0.466,0.6,1.6,.290,62,0.4,1.2,.314,0.3,0.1,.818,1.8,3.5,0.52,0.3,1.5,.176,NA
2617,Udonis Haslem,Udonis,Haslem,MIA,16,8.1,2.2,4.8,0.455,0.9,1.2,.429,35,0.5,1.3,.381,0.3,0.2,.625,1.7,3.5,0.482,0.6,1.1,.370,NA
204060,Joe Ingles,Joe,Ingles,UTA,80,23.9,3.2,4.8,0.671,0.5,2.7,.153,255,0.3,0.5,.524,0.1,0.2,.364,2.9,4.2,0.689,0.4,2.5,.133,NA
202688,Brandon Knight,Brandon,Knight,PHX,53,21.2,2.2,4.8,0.464,0.5,1.7,.239,117,0.5,1.2,.397,0.2,0.3,.440,1.7,3.6,0.487,0.3,1.4,.185,NA
203948,Johnny O'Bryant III,Johnny,O'Bryant III,CHA,4,8.6,2.0,4.8,0.421,1.5,0.5,.750,8,1.0,2.8,.364,0.8,0.2,.750,1.0,2.0,0.5,0.8,0.2,.750,NA
1626147,Justin Anderson,Justin,Anderson,DAL,50,14.2,3.0,4.7,0.632,0.8,2.1,.277,148,0.8,1.4,.565,0.5,0.3,.615,2.2,3.3,0.661,0.3,1.8,.156,NA
1627789,Timothe Luwawu-Cabarrot,Timothe,Luwawu-Cabarrot,PHI,67,16.9,2.1,4.7,0.455,0.6,1.5,.303,142,0.4,1.1,.312,0.1,0.2,.417,1.8,3.5,0.502,0.5,1.3,.280,NA
1627750,Jamal Murray,Jamal,Murray,DEN,79,21.2,2.6,4.7,0.565,0.7,2.0,.254,209,0.5,1.2,.421,0.2,0.3,.375,2.1,3.5,0.615,0.5,1.7,.225,NA
2749,Jameer Nelson,Jameer,Nelson,DEN,74,27.1,2.6,4.7,0.55,0.5,2.1,.203,192,0.4,0.9,.412,0.2,0.2,.571,2.2,3.8,0.584,0.3,1.9,.140,NA
203101,Miles Plumlee,Miles,Plumlee,MIL,32,9.7,1.7,4.7,0.353,0.9,0.8,.547,53,0.7,1.9,.383,0.5,0.2,.652,0.9,2.8,0.333,0.4,0.5,.467,NA
2399,Mike Dunleavy,Mike,Dunleavy,TOTAL,51,15.8,2.1,4.6,0.468,0.5,1.6,.248,109,0.3,1.0,.308,0.2,0.1,.750,1.8,3.5,0.514,0.3,1.5,.161,NA
2564,Boris Diaw,Boris,Diaw,UTA,71,17.5,2.2,4.6,0.47,0.8,1.4,.368,155,0.6,1.5,.422,0.5,0.2,.696,1.5,3.1,0.493,0.4,1.2,.229,NA
203915,Spencer Dinwiddie,Spencer,Dinwiddie,BKN,56,22.6,2.7,4.6,0.598,0.5,2.2,.196,153,0.4,1.0,.455,0.2,0.2,.520,2.3,3.6,0.637,0.3,2.0,.133,NA
200751,Randy Foye,Randy,Foye,BKN,66,18.8,2.3,4.6,0.505,0.3,2.0,.137,153,0.2,0.3,.435,0.1,0.1,.500,2.2,4.2,0.511,0.2,1.9,.112,NA
203200,Justin Holiday,Justin,Holiday,NYK,81,20.0,2.7,4.6,0.589,0.8,2.0,.276,221,0.3,0.8,.419,0.1,0.2,.462,2.4,3.9,0.623,0.6,1.8,.251,NA
203082,Terrence Ross,Terrence,Ross,TOTAL,75,25.2,2.6,4.6,0.574,0.6,2.0,.232,198,0.2,0.5,.500,0.1,0.2,.294,2.4,4.1,0.582,0.5,1.9,.227,NA
2747,JR Smith,JR,Smith,CLE,39,28.8,2.7,4.6,0.594,0.4,2.3,.159,107,0.4,0.7,.571,0.2,0.3,.375,2.3,3.9,0.599,0.3,2.1,.121,NA
201156,Nick Young,Nick,Young,LAL,60,25.9,2.3,4.6,0.505,0.5,1.8,.225,138,0.4,0.9,.455,0.2,0.2,.480,1.9,3.6,0.518,0.3,1.6,.168,NA
202337,Luke Babbitt,Luke,Babbitt,MIA,68,15.7,2.1,4.5,0.464,0.4,1.7,.170,141,0.2,0.5,.387,0.0,0.1,.167,1.9,4.0,0.473,0.3,1.6,.171,NA
203552,Seth Curry,Seth,Curry,DAL,69,29.1,2.5,4.5,0.566,0.4,2.1,.171,175,0.4,0.8,.455,0.1,0.2,.360,2.2,3.7,0.591,0.3,1.9,.140,NA
1627812,Yogi Ferrell,Yogi,Ferrell,TOTAL,44,25.8,2.4,4.5,0.528,0.4,2.0,.163,104,0.5,0.9,.488,0.1,0.3,.250,1.9,3.5,0.538,0.3,1.6,.143,NA
201569,Eric Gordon,Eric,Gordon,HOU,73,31.2,2.6,4.5,0.581,0.6,2.1,.218,193,0.4,0.8,.467,0.2,0.2,.571,2.3,3.7,0.607,0.4,1.9,.158,NA
202325,Wesley Johnson,Wesley,Johnson,LAC,66,12.0,2.7,4.5,0.603,0.7,2.0,.247,178,0.4,0.8,.490,0.2,0.2,.400,2.3,3.7,0.627,0.5,1.8,.222,NA
201943,Brandon Jennings,Brandon,Jennings,TOTAL,79,22.0,2.4,4.5,0.532,0.4,2.0,.157,191,0.4,1.0,.350,0.1,0.2,.357,2.1,3.5,0.584,0.3,1.8,.123,NA
1626169,Stanley Johnson,Stanley,Johnson,DET,75,17.7,2.5,4.5,0.551,0.7,1.8,.266,188,0.5,0.9,.554,0.3,0.2,.556,2.0,3.7,0.551,0.4,1.6,.197,NA
1627884,"Derrick Jones, Jr.",Derrick,"Jones, Jr.",PHX,31,16.3,2.4,4.5,0.536,1.4,1.0,.587,75,1.2,2.3,.500,0.9,0.2,.806,1.3,2.2,0.574,0.5,0.8,.385,NA
201601,Luc Mbah a Moute,Luc,Mbah a Moute,LAC,78,22.2,2.1,4.5,0.471,0.7,1.4,.315,165,0.6,1.3,.422,0.3,0.2,.605,1.6,3.2,0.492,0.3,1.2,.213,NA
1626254,Maurice Ndour,Maurice,Ndour,NYK,31,9.9,2.0,4.5,0.453,0.5,1.5,.238,63,0.7,1.8,.375,0.3,0.4,.381,1.4,2.7,0.506,0.2,1.1,.167,NA
201575,Brandon Rush,Brandon,Rush,MIN,45,21.9,2.1,4.5,0.466,0.4,1.8,.168,95,0.3,0.8,.395,0.1,0.2,.400,1.8,3.7,0.482,0.2,1.6,.125,NA
101114,Deron Williams,Deron,Williams,DAL,39,29.2,2.6,4.5,0.571,0.4,2.2,.150,100,0.3,0.6,.545,0.1,0.2,.333,2.3,3.9,0.575,0.3,2.0,.125,NA
203937,Kyle Anderson,Kyle,Anderson,SAS,69,14.1,2.9,4.4,0.662,0.7,2.2,.252,202,0.5,0.8,.571,0.3,0.1,.688,2.5,3.6,0.683,0.4,2.0,.171,NA
101138,Brandon Bass,Brandon,Bass,LAC,50,11.1,2.5,4.4,0.554,0.9,1.6,.350,123,0.8,1.6,.488,0.5,0.3,.650,1.7,2.8,0.593,0.3,1.3,.205,NA
203521,Matthew Dellavedova,Matthew,Dellavedova,MIL,75,26.1,1.9,4.4,0.438,0.4,1.6,.193,145,0.3,1.0,.315,0.2,0.1,.522,1.6,3.4,0.473,0.2,1.4,.131,NA
101145,Monta Ellis,Monta,Ellis,IND,71,27.1,2.8,4.4,0.638,0.4,2.4,.151,199,0.3,0.5,.474,0.1,0.2,.222,2.5,3.9,0.661,0.4,2.2,.144,NA
201941,Jordan Hill,Jordan,Hill,MIN,7,6.7,2.0,4.4,0.452,1.1,0.9,.571,14,1.1,1.7,.667,1.0,0.1,.875,0.9,2.7,0.316,0.1,0.7,.167,NA
201945,Gerald Henderson,Gerald,Henderson,PHI,70,23.1,2.6,4.4,0.592,0.7,1.9,.257,183,0.5,0.9,.516,0.3,0.2,.576,2.1,3.5,0.612,0.4,1.7,.187,NA
202734,E'Twaun Moore,E'Twaun,Moore,NOP,72,25.1,2.1,4.4,0.479,0.6,1.5,.272,151,0.4,1.1,.400,0.2,0.2,.500,1.7,3.3,0.506,0.3,1.3,.210,NA
202718,Chandler Parsons,Chandler,Parsons,MEM,34,19.8,2.5,4.4,0.568,0.5,1.9,.214,84,0.2,0.6,.316,0.1,0.0,.833,2.3,3.8,0.605,0.4,1.9,.167,NA
200755,JJ Redick,JJ,Redick,LAC,76,28.2,2.2,4.4,0.494,0.3,1.8,.152,165,0.1,0.4,.367,0.0,0.1,.273,2.0,4.0,0.507,0.3,1.7,.143,NA
203082,Terrence Ross,Terrence,Ross,TOR,53,22.3,2.5,4.4,0.578,0.7,1.9,.261,134,0.2,0.5,.542,0.1,0.2,.308,2.3,3.9,0.582,0.6,1.7,.256,NA
101150,Lou Williams,Lou,Williams,TOTAL,80,24.7,2.5,4.4,0.553,0.5,2.0,.198,197,0.3,1.0,.338,0.2,0.2,.462,2.1,3.5,0.613,0.3,1.8,.158,NA
NA,Anthony Brown,Anthony,Brown,TOTAL,11,14.5,3.0,4.3,0.702,0.6,2.4,.212,33,0.7,0.9,.800,0.3,0.5,.375,2.3,3.4,0.676,0.4,1.9,.160,NA
NA,Anthony Brown,Anthony,Brown,NOP,9,15.9,2.9,4.3,0.667,0.7,2.2,.231,26,0.7,0.9,.750,0.3,0.3,.500,2.2,3.4,0.645,0.3,1.9,.150,NA
2399,Mike Dunleavy,Mike,Dunleavy,CLE,23,15.9,2.0,4.3,0.47,0.4,1.7,.191,47,0.2,0.7,.294,0.1,0.1,.600,1.8,3.6,0.506,0.3,1.6,.143,NA
1627739,Kris Dunn,Kris,Dunn,MIN,76,16.9,2.2,4.3,0.503,0.6,1.5,.293,164,0.3,0.7,.436,0.2,0.1,.542,1.8,3.6,0.517,0.5,1.4,.250,NA
202714,Shelvin Mack,Shelvin,Mack,UTA,53,21.6,2.3,4.3,0.531,0.3,2.0,.117,120,0.3,0.9,.367,0.1,0.3,.167,1.9,3.3,0.576,0.2,1.7,.108,NA
1627748,Thon Maker,Thon,Maker,MIL,55,9.5,1.9,4.3,0.435,0.7,1.1,.394,104,0.6,1.6,.407,0.4,0.2,.629,1.3,2.8,0.451,0.3,0.9,.275,NA
203141,Mirza Teletovic,Mirza,Teletovic,MIL,68,16.0,2.3,4.3,0.539,0.5,1.9,.203,158,0.2,0.4,.367,0.1,0.1,.636,2.2,3.9,0.559,0.4,1.8,.170,NA
202682,Derrick Williams,Derrick,Williams,TOTAL,48,16.0,2.6,4.3,0.604,0.7,1.9,.264,125,0.4,0.7,.559,0.3,0.1,.789,2.2,3.6,0.613,0.4,1.8,.170,NA
203463,Ben McLemore,Ben,McLemore,SAC,59,19.0,1.9,4.2,0.455,0.4,1.5,.188,112,0.3,1.0,.316,0.1,0.2,.389,1.6,3.2,0.497,0.2,1.4,.149,NA
1627778,Chinanu Onuaku,Chinanu,Onuaku,HOU,4,7.6,1.0,4.2,0.235,0.8,0.2,.750,4,0.2,1.8,.143,0.2,0.0,1.000,0.8,2.5,0.3,0.5,0.2,.667,NA
200826,J.J. Barea,J.J.,Barea,DAL,33,22.0,2.4,4.1,0.578,0.2,2.1,.103,78,0.3,0.6,.450,0.0,0.2,.111,2.1,3.5,0.6,0.2,1.9,.101,NA
201956,Omri Casspi,Omri,Casspi,MIN,11,16.9,1.3,4.1,0.311,0.5,0.8,.357,14,0.3,1.3,.214,0.2,0.1,.667,1.0,2.8,0.355,0.3,0.7,.273,NA
1626176,Rakeem Christmas,Rakeem,Christmas,IND,28,7.9,2.0,4.1,0.487,0.8,1.2,.411,56,0.9,1.8,.510,0.6,0.3,.692,1.1,2.3,0.469,0.2,0.9,.167,NA
1938,Manu Ginobili,Manu,Ginobili,SAS,66,18.7,2.3,4.1,0.565,0.5,1.9,.196,153,0.4,1.1,.384,0.2,0.3,.393,1.9,3.0,0.631,0.3,1.6,.152,NA
204038,Langston Galloway,Langston,Galloway,NOP,55,20.4,2.2,4.1,0.54,0.4,1.8,.198,121,0.4,0.7,.526,0.1,0.2,.350,1.8,3.4,0.543,0.3,1.5,.168,NA
203462,Archie Goodwin,Archie,Goodwin,BKN,10,14.1,1.9,4.1,0.463,0.2,1.7,.105,19,0.3,0.8,.375,0.0,0.3,.000,1.6,3.3,0.485,0.2,1.4,.125,NA
203926,Doug McDermott,Doug,McDermott,OKC,22,19.3,2.2,4.1,0.544,0.5,1.8,.204,49,0.3,0.5,.545,0.1,0.1,.500,2.0,3.6,0.544,0.3,1.6,.163,NA
203909,KJ McDaniels,KJ,McDaniels,BKN,18,14.3,2.3,4.1,0.575,0.7,1.7,.286,42,0.4,0.7,.667,0.3,0.1,.750,1.9,3.4,0.557,0.3,1.6,.176,NA
203094,Andrew Nicholson,Andrew,Nicholson,TOTAL,36,8.7,1.5,4.1,0.374,0.5,1.0,.345,55,0.4,1.4,.275,0.3,0.1,.714,1.1,2.7,0.427,0.2,0.9,.220,NA
1627850,Marshall Plumlee,Marshall,Plumlee,NYK,20,7.2,2.0,4.1,0.488,0.8,1.2,.375,40,1.0,2.3,.413,0.6,0.3,.684,1.0,1.8,0.583,0.1,1.0,.095,NA
1626181,Norman Powell,Norman,Powell,TOR,74,17.6,2.2,4.1,0.547,0.5,1.7,.220,164,0.3,0.8,.446,0.2,0.2,.480,1.9,3.3,0.57,0.3,1.6,.173,NA
NA,Mike Scott,Mike,Scott,ATL,18,10.9,2.1,4.1,0.507,0.5,1.6,.243,37,0.6,1.6,.357,0.3,0.3,.500,1.5,2.5,0.6,0.2,1.3,.148,NA
NA,Marcus Thornton,Marcus,Thornton,WAS,33,17.4,2.3,4.1,0.563,0.7,1.6,.289,76,0.7,1.5,.440,0.4,0.2,.636,1.6,2.6,0.635,0.2,1.4,.148,NA
NA,Anderson Varejao,Anderson,Varejao,GSW,14,6.6,1.9,4.1,0.466,1.0,0.9,.519,27,0.9,1.9,.444,0.6,0.2,.750,1.1,2.2,0.484,0.4,0.7,.333,NA
101150,Lou Williams,Lou,Williams,LAL,58,24.2,2.3,4.1,0.55,0.4,1.8,.189,132,0.2,0.8,.286,0.1,0.1,.429,2.0,3.3,0.618,0.3,1.7,.161,NA
1627786,Troy Williams,Troy,Williams,TOTAL,28,18.9,2.3,4.1,0.552,0.5,1.8,.219,64,0.5,1.0,.481,0.2,0.3,.385,1.8,3.2,0.573,0.3,1.5,.176,NA
201202,Joel Anthony,Joel,Anthony,SAS,19,6.4,1.6,4.0,0.408,0.8,0.8,.516,31,0.4,1.9,.222,0.4,0.0,1.000,1.2,2.1,0.575,0.4,0.8,.348,NA
NA,Anthony Brown,Anthony,Brown,ORL,2,8.2,3.5,4.0,0.875,0.5,3.0,.143,7,1.0,1.0,1.000,0.0,1.0,.000,2.5,3.0,0.833,0.5,2.0,.200,NA
201954,Darren Collison,Darren,Collison,SAC,68,30.4,2.2,4.0,0.565,0.4,1.8,.184,152,0.3,1.0,.324,0.2,0.2,.478,1.9,2.9,0.652,0.2,1.6,.132,NA
NA,Toney Douglas,Toney,Douglas,MEM,24,16.4,2.5,4.0,0.642,0.8,1.8,.295,61,0.5,1.0,.520,0.4,0.1,.769,2.0,2.9,0.686,0.3,1.7,.167,NA
1627875,Marcus Georges-Hunt,Marcus,Georges-Hunt,ORL,3,8.7,2.7,4.0,0.667,0.3,2.3,.125,8,0.3,1.0,.333,0.3,0.0,1.000,2.3,3.0,0.778,0.0,2.3,.000,NA
203962,Josh Huestis,Josh,Huestis,OKC,1,6.9,4.0,4.0,1.0,1.0,3.0,.250,4,2.0,2.0,1.000,0.0,2.0,.000,2.0,2.0,1.0,1.0,1.0,.500,NA
201951,Ty Lawson,Ty,Lawson,SAC,68,25.0,2.5,4.0,0.617,0.5,2.0,.207,169,0.6,1.2,.544,0.3,0.3,.535,1.9,2.9,0.646,0.2,1.7,.095,NA
202362,Lance Stephenson,Lance,Stephenson,TOTAL,16,19.9,2.5,4.0,0.625,0.4,2.1,.150,40,0.2,0.6,.333,0.1,0.1,.333,2.3,3.4,0.673,0.3,2.0,.135,NA
203613,Jonathon Simmons,Jonathon,Simmons,SAS,75,18.0,2.1,4.0,0.518,0.6,1.5,.284,155,0.3,0.7,.339,0.2,0.1,.684,1.8,3.2,0.56,0.4,1.4,.228,NA
101114,Deron Williams,Deron,Williams,TOTAL,61,25.5,2.2,4.0,0.553,0.3,1.9,.148,135,0.2,0.4,.500,0.1,0.1,.308,2.0,3.6,0.56,0.3,1.7,.131,NA
201147,Corey Brewer,Corey,Brewer,LAL,22,14.4,2.0,3.9,0.529,0.4,1.6,.200,45,0.4,1.0,.429,0.1,0.3,.333,1.6,2.9,0.563,0.3,1.4,.167,NA
201158,Marco Belinelli,Marco,Belinelli,CHA,74,24.1,2.4,3.9,0.622,0.4,2.0,.152,178,0.2,0.4,.424,0.1,0.1,.500,2.2,3.4,0.648,0.3,1.9,.122,NA
204038,Langston Galloway,Langston,Galloway,TOTAL,72,19.8,2.1,3.9,0.536,0.4,1.7,.200,150,0.4,0.7,.542,0.1,0.2,.308,1.7,3.2,0.534,0.3,1.4,.177,NA
1626209,Mario Hezonja,Mario,Hezonja,ORL,63,14.4,2.1,3.9,0.553,0.5,1.6,.252,135,0.3,0.8,.358,0.2,0.1,.526,1.8,3.0,0.607,0.4,1.5,.207,NA
1627851,Mindaugas Kuzminskas,Mindaugas,Kuzminskas,NYK,67,14.9,1.8,3.9,0.462,0.7,1.1,.410,122,0.7,1.7,.376,0.5,0.2,.705,1.2,2.2,0.531,0.3,0.9,.244,NA
203949,James Michael McAdoo,James Michael,McAdoo,GSW,50,8.5,1.7,3.9,0.426,0.7,0.9,.440,84,0.6,1.7,.386,0.4,0.3,.563,1.0,2.3,0.456,0.4,0.7,.365,NA
1718,Paul Pierce,Paul,Pierce,LAC,23,11.7,2.0,3.9,0.528,0.7,1.3,.340,47,0.0,0.2,.250,0.0,0.0,1.000,2.0,3.7,0.541,0.7,1.3,.326,NA
1627733,Dragan Bender,Dragan,Bender,PHX,40,13.1,2.3,3.8,0.605,0.7,1.6,.304,92,0.5,0.8,.618,0.4,0.2,.667,1.8,3.0,0.602,0.4,1.4,.197,NA
1627773,AJ Hammons,AJ,Hammons,DAL,20,7.2,1.8,3.8,0.455,0.7,1.0,.400,35,0.4,1.4,.276,0.2,0.2,.500,1.4,2.4,0.563,0.5,0.8,.370,NA
1627780,Gary Payton II,Gary,Payton II,MIL,4,16.5,1.2,3.8,0.333,0.2,1.0,.200,5,0.0,1.0,.000,0.0,0.0,-,1.2,2.8,0.455,0.2,1.0,.200,NA
201168,Tiago Splitter,Tiago,Splitter,PHI,6,7.7,2.2,3.8,0.565,1.0,1.2,.462,13,0.8,1.5,.556,0.8,0.0,1.000,1.3,2.3,0.571,0.2,1.2,.125,NA
1626153,Delon Wright,Delon,Wright,TOR,26,16.1,1.8,3.8,0.469,0.6,1.2,.348,46,0.5,1.5,.368,0.2,0.3,.357,1.2,2.3,0.533,0.4,0.8,.344,NA
1626174,Christian Wood,Christian,Wood,CHA,12,7.8,2.2,3.8,0.565,1.0,1.2,.462,26,1.1,1.8,.619,0.7,0.4,.615,1.1,2.1,0.52,0.3,0.8,.308,NA
201167,Arron Afflalo,Arron,Afflalo,SAC,60,25.7,2.0,3.7,0.559,0.2,1.8,.122,123,0.2,0.5,.300,0.1,0.1,.444,1.9,3.2,0.6,0.2,1.7,.096,NA
201147,Corey Brewer,Corey,Brewer,TOTAL,80,15.5,2.0,3.7,0.535,0.3,1.6,.170,159,0.4,1.0,.395,0.1,0.3,.300,1.6,2.8,0.584,0.2,1.4,.140,NA
201147,Corey Brewer,Corey,Brewer,HOU,58,15.9,2.0,3.7,0.538,0.3,1.7,.158,114,0.4,0.9,.382,0.1,0.3,.286,1.6,2.7,0.592,0.2,1.4,.129,NA
201961,Wayne Ellington,Wayne,Ellington,MIA,60,24.0,2.0,3.7,0.552,0.3,1.7,.156,122,0.3,0.6,.486,0.2,0.2,.500,1.7,3.1,0.565,0.2,1.6,.096,NA
2734,Devin Harris,Devin,Harris,DAL,62,16.6,2.0,3.7,0.535,0.3,1.7,.138,123,0.2,0.5,.355,0.1,0.1,.545,1.8,3.2,0.563,0.2,1.6,.098,NA
1626150,Andrew Harrison,Andrew,Harrison,MEM,71,20.4,1.9,3.7,0.5,0.4,1.5,.212,132,0.3,0.8,.400,0.2,0.2,.500,1.5,2.9,0.526,0.2,1.3,.155,NA
201975,Jodie Meeks,Jodie,Meeks,ORL,34,20.8,2.3,3.7,0.611,0.5,1.8,.208,77,0.1,0.2,.625,0.1,0.1,.600,2.1,3.5,0.61,0.4,1.7,.181,NA
203094,Andrew Nicholson,Andrew,Nicholson,WAS,28,8.3,1.2,3.7,0.33,0.4,0.8,.324,34,0.4,1.4,.282,0.3,0.1,.727,0.8,2.3,0.359,0.1,0.7,.130,NA
2225,Tony Parker,Tony,Parker,SAS,60,25.1,1.8,3.7,0.489,0.2,1.6,.101,109,0.1,0.6,.205,0.0,0.1,.250,1.7,3.1,0.549,0.2,1.5,.089,NA
202682,Derrick Williams,Derrick,Williams,CLE,23,17.0,2.3,3.7,0.619,0.3,1.9,.154,52,0.1,0.4,.333,0.1,0.0,.667,2.1,3.3,0.653,0.3,1.9,.122,NA
1627740,Henry Ellenson,Henry,Ellenson,DET,17,6.5,1.9,3.5,0.542,0.6,1.3,.313,32,0.4,0.8,.429,0.3,0.1,.833,1.5,2.6,0.578,0.3,1.2,.192,NA
202362,Lance Stephenson,Lance,Stephenson,IND,4,22.0,3.0,3.5,0.857,0.2,2.8,.083,12,0.0,0.0,-,0.0,0.0,-,3.0,3.5,0.857,0.2,2.8,.083,NA
NA,Jarnell Stokes,Jarnell,Stokes,DEN,2,3.3,1.0,3.5,0.286,0.5,0.5,.500,2,0.5,2.0,.250,0.5,0.0,1.000,0.5,1.5,0.333,0.0,0.5,.000,NA
203584,Troy Daniels,Troy,Daniels,MEM,66,17.6,1.5,3.4,0.432,0.4,1.0,.296,98,0.3,0.7,.429,0.2,0.1,.571,1.2,2.7,0.433,0.3,0.9,.221,NA
203957,Dante Exum,Dante,Exum,UTA,64,18.4,2.0,3.4,0.571,0.4,1.5,.208,125,0.4,0.7,.587,0.2,0.2,.407,1.5,2.7,0.566,0.2,1.3,.153,NA
203940,Adreian Payne,Adreian,Payne,MIN,17,7.7,1.9,3.4,0.552,0.8,1.1,.438,32,0.5,1.4,.375,0.4,0.2,.667,1.4,2.0,0.676,0.5,0.9,.348,NA
203493,Reggie Bullock,Reggie,Bullock,DET,29,14.4,2.0,3.3,0.611,0.6,1.4,.293,58,0.4,0.9,.520,0.2,0.2,.462,1.6,2.4,0.643,0.4,1.2,.244,NA
1627738,Deyonta Davis,Deyonta,Davis,MEM,35,6.6,1.6,3.3,0.487,0.7,0.9,.456,57,0.5,1.3,.409,0.4,0.1,.778,1.1,2.1,0.534,0.3,0.8,.308,NA
204038,Langston Galloway,Langston,Galloway,SAC,17,18.0,1.7,3.3,0.518,0.4,1.4,.207,29,0.4,0.6,.600,0.1,0.3,.167,1.4,2.7,0.5,0.3,1.1,.217,NA
1626170,Jerian Grant,Jerian,Grant,CHI,61,16.1,1.7,3.3,0.523,0.3,1.4,.154,104,0.3,0.6,.436,0.1,0.2,.412,1.4,2.6,0.544,0.1,1.3,.103,NA
203462,Archie Goodwin,Archie,Goodwin,TOTAL,13,13.2,1.5,3.3,0.442,0.2,1.3,.105,19,0.2,0.6,.375,0.0,0.2,.000,1.2,2.7,0.457,0.2,1.1,.125,NA
201150,Spencer Hawes,Spencer,Hawes,MIL,18,8.5,2.2,3.3,0.678,0.7,1.5,.325,40,0.3,0.4,.750,0.2,0.1,.667,1.9,2.8,0.667,0.5,1.4,.265,NA
1627745,Damian Jones,Damian,Jones,GSW,9,7.3,1.8,3.3,0.533,0.7,1.1,.375,16,1.0,2.0,.500,0.6,0.4,.556,0.8,1.3,0.583,0.1,0.7,.143,NA
2733,Shaun Livingston,Shaun,Livingston,GSW,74,17.7,1.9,3.3,0.593,0.5,1.4,.264,144,0.4,0.8,.474,0.2,0.1,.630,1.6,2.5,0.629,0.3,1.3,.179,NA
NA,Rodney Stuckey,Rodney,Stuckey,IND,39,17.8,2.2,3.3,0.661,0.4,1.8,.179,84,0.2,0.4,.400,0.0,0.1,.167,2.0,2.9,0.696,0.4,1.6,.179,NA
203107,Tomas Satoransky,Tomas,Satoransky,WAS,55,12.1,1.4,3.3,0.429,0.4,1.1,.266,79,0.4,1.1,.381,0.3,0.2,.583,1.0,2.2,0.455,0.1,0.9,.127,NA
1627758,Ron Baker,Ron,Baker,NYK,51,16.3,1.9,3.2,0.605,0.5,1.5,.245,98,0.2,0.4,.632,0.2,0.1,.667,1.7,2.8,0.601,0.3,1.4,.186,NA
101181,Jose Calderon,Jose,Calderon,ATL,15,13.4,1.9,3.2,0.604,0.3,1.7,.138,29,0.5,0.8,.583,0.2,0.3,.429,1.5,2.4,0.611,0.1,1.4,.045,NA
1627098,Malcolm Delaney,Malcolm,Delaney,ATL,71,17.1,1.7,3.2,0.527,0.3,1.4,.151,119,0.1,0.4,.385,0.1,0.1,.600,1.5,2.8,0.545,0.2,1.4,.110,NA
NA,Manny Harris,Manny,Harris,DAL,4,6.2,2.2,3.2,0.692,0.8,1.5,.333,9,0.8,1.2,.600,0.8,0.0,1.000,1.5,2.0,0.75,0.0,1.5,.000,NA
1627755,Tyler Ulis,Tyler,Ulis,PHX,58,18.3,1.6,3.2,0.492,0.2,1.4,.099,91,0.3,0.8,.362,0.0,0.3,.118,1.3,2.4,0.536,0.1,1.2,.095,NA
1627786,Troy Williams,Troy,Williams,MEM,24,17.4,1.9,3.2,0.592,0.4,1.5,.222,45,0.2,0.7,.353,0.1,0.1,.500,1.6,2.5,0.661,0.3,1.3,.179,NA
1627757,Stephen Zimmerman,Stephen,Zimmerman,ORL,18,5.5,1.9,3.2,0.596,0.8,1.1,.412,34,0.6,1.4,.440,0.4,0.2,.636,1.3,1.8,0.719,0.4,0.9,.304,NA
1627761,DeAndre' Bembry,DeAndre',Bembry,ATL,37,9.2,1.4,3.1,0.448,0.4,1.0,.308,52,0.3,0.7,.480,0.2,0.1,.667,1.1,2.5,0.44,0.2,0.9,.200,NA
203948,Johnny O'Bryant III,Johnny,O'Bryant III,TOTAL,11,7.4,1.7,3.1,0.559,1.0,0.7,.579,19,0.8,1.5,.563,0.6,0.2,.778,0.9,1.6,0.556,0.4,0.5,.400,NA
200771,Sergio Rodriguez,Sergio,Rodriguez,PHI,68,22.3,2.3,3.1,0.741,0.3,2.0,.121,157,0.3,0.5,.583,0.1,0.2,.286,2.0,2.6,0.773,0.2,1.8,.096,NA
101114,Deron Williams,Deron,Williams,CLE,22,18.9,1.6,3.1,0.507,0.2,1.4,.143,35,0.0,0.2,.250,0.0,0.0,.000,1.5,3.0,0.523,0.2,1.3,.147,NA
202722,Davis Bertans,Davis,Bertans,SAS,64,12.2,1.5,3.0,0.487,0.5,1.0,.347,95,0.3,0.6,.538,0.2,0.1,.571,1.2,2.4,0.474,0.3,0.8,.284,NA
203546,Ian Clark,Ian,Clark,GSW,75,14.6,1.6,3.0,0.525,0.2,1.3,.145,117,0.3,0.7,.431,0.1,0.2,.409,1.3,2.3,0.552,0.1,1.2,.084,NA
101123,Gerald Green,Gerald,Green,BOS,46,11.2,1.7,3.0,0.561,0.4,1.3,.218,78,0.3,0.7,.484,0.2,0.2,.467,1.4,2.3,0.583,0.2,1.2,.159,NA
NA,Elijah Millsap,Elijah,Millsap,PHX,1,12.0,2.0,3.0,0.667,0.0,2.0,.000,2,0.0,0.0,-,0.0,0.0,-,2.0,3.0,0.667,0.0,2.0,.000,NA
203909,KJ McDaniels,KJ,McDaniels,TOTAL,47,10.0,1.5,3.0,0.514,0.5,1.1,.306,72,0.3,0.8,.389,0.2,0.1,.714,1.2,2.2,0.558,0.3,1.0,.207,NA
1626175,Jordan Mickey,Jordan,Mickey,BOS,25,5.6,1.4,3.0,0.459,0.6,0.8,.441,34,0.5,1.3,.406,0.4,0.2,.692,0.8,1.7,0.5,0.2,0.6,.286,NA
1627775,Patrick McCaw,Patrick,McCaw,GSW,69,14.8,1.4,3.0,0.462,0.4,1.0,.292,96,0.3,0.8,.328,0.1,0.1,.474,1.1,2.2,0.513,0.3,0.8,.247,NA
NA,Edy Tavares,Edy,Tavares,ATL,1,3.6,1.0,3.0,0.333,1.0,0.0,1.000,1,0.0,1.0,.000,0.0,0.0,-,1.0,2.0,0.5,1.0,0.0,1.000,NA
201228,C.J. Watson,C.J.,Watson,ORL,62,16.3,1.4,3.0,0.478,0.3,1.1,.213,89,0.3,0.6,.432,0.1,0.1,.500,1.2,2.4,0.49,0.2,1.0,.151,NA
2037,Jamal Crawford,Jamal,Crawford,LAC,80,26.3,1.6,2.9,0.547,0.2,1.4,.141,128,0.2,0.5,.405,0.1,0.1,.471,1.4,2.4,0.578,0.1,1.3,.090,NA
101181,Jose Calderon,Jose,Calderon,TOTAL,39,12.6,1.8,2.9,0.634,0.4,1.4,.225,71,0.4,0.6,.625,0.2,0.2,.467,1.4,2.3,0.636,0.2,1.2,.161,NA
203898,Tyler Ennis,Tyler,Ennis,LAL,20,16.3,1.2,2.9,0.431,0.3,1.0,.240,25,0.2,0.8,.294,0.2,0.1,.600,1.0,2.0,0.488,0.2,0.8,.150,NA
201943,Brandon Jennings,Brandon,Jennings,WAS,21,14.6,1.9,2.9,0.639,0.2,1.6,.128,39,0.3,0.7,.500,0.1,0.2,.429,1.5,2.2,0.681,0.1,1.4,.063,NA
201988,Patty Mills,Patty,Mills,SAS,78,22.1,1.8,2.9,0.613,0.3,1.5,.145,138,0.3,0.6,.500,0.1,0.2,.333,1.5,2.3,0.644,0.2,1.3,.105,NA
1627735,Wade Baldwin IV,Wade,Baldwin IV,MEM,32,12.1,1.3,2.8,0.477,0.3,1.0,.262,42,0.3,0.9,.357,0.2,0.1,.600,1.0,1.9,0.533,0.2,0.8,.156,NA
2555,Nick Collison,Nick,Collison,OKC,18,6.2,1.4,2.8,0.51,0.4,1.0,.308,26,0.4,1.2,.318,0.3,0.1,.714,1.1,1.6,0.655,0.2,0.9,.158,NA
202348,Jordan Crawford,Jordan,Crawford,NOP,17,23.5,1.8,2.8,0.625,0.3,1.5,.167,30,0.2,0.5,.500,0.1,0.1,.500,1.5,2.4,0.65,0.2,1.4,.115,NA
202732,DeAndre Liggins,DeAndre,Liggins,CLE,61,12.3,1.7,2.8,0.584,0.4,1.3,.218,101,0.3,0.6,.436,0.1,0.1,.471,1.4,2.2,0.627,0.2,1.1,.167,NA
1626184,Chasson Randle,Chasson,Randle,NYK,17,11.8,1.6,2.8,0.563,0.4,1.2,.259,27,0.4,0.6,.545,0.2,0.1,.667,1.2,2.2,0.568,0.2,1.1,.143,NA
203112,Quincy Acy,Quincy,Acy,DAL,6,8.0,1.3,2.7,0.5,0.3,1.0,.250,8,0.3,0.8,.400,0.3,0.0,1.000,1.0,1.8,0.545,0.0,1.0,.000,NA
1627852,Nicolas Brussino,Nicolas,Brussino,DAL,52,8.8,1.6,2.7,0.616,0.5,1.2,.294,85,0.5,0.8,.571,0.3,0.2,.583,1.2,1.8,0.635,0.2,1.0,.180,NA
101181,Jose Calderon,Jose,Calderon,LAL,24,12.1,1.8,2.7,0.656,0.5,1.2,.286,42,0.3,0.5,.667,0.2,0.2,.500,1.4,2.2,0.654,0.3,1.1,.235,NA
1627749,Dejounte Murray,Dejounte,Murray,SAS,37,8.6,1.1,2.7,0.416,0.3,0.9,.238,42,0.2,0.5,.353,0.1,0.1,.333,1.0,2.3,0.429,0.2,0.8,.222,NA
1627782,Wayne Selden,Wayne,Selden,NOP,3,15.6,1.7,2.7,0.625,0.3,1.3,.200,5,0.0,0.3,.000,0.0,0.0,-,1.7,2.3,0.714,0.3,1.3,.200,NA
NA,Lamar Patterson,Lamar,Patterson,ATL,5,8.1,1.4,2.6,0.538,1.0,0.4,.714,7,0.2,0.4,.500,0.2,0.0,1.000,1.2,2.2,0.545,0.8,0.4,.667,NA
1626166,Cameron Payne,Cameron,Payne,CHI,11,12.9,1.5,2.6,0.586,0.2,1.4,.118,17,0.1,0.3,.333,0.1,0.0,1.000,1.5,2.4,0.615,0.1,1.4,.063,NA
1627782,Wayne Selden,Wayne,Selden,TOTAL,13,15.8,1.2,2.6,0.441,0.4,0.8,.333,15,0.1,0.4,.200,0.0,0.1,.000,1.1,2.2,0.483,0.4,0.7,.357,NA
1627782,Wayne Selden,Wayne,Selden,MEM,10,15.8,1.0,2.6,0.385,0.4,0.6,.400,10,0.1,0.4,.250,0.0,0.1,.000,0.9,2.2,0.409,0.4,0.5,.444,NA
1627362,Briante Weber,Briante,Weber,CHA,11,10.4,1.6,2.6,0.621,0.4,1.3,.222,18,0.6,1.3,.500,0.3,0.4,.429,1.0,1.4,0.733,0.1,0.9,.091,NA
203518,Alex Abrines,Alex,Abrines,OKC,66,15.4,1.2,2.5,0.491,0.3,0.9,.225,80,0.2,0.5,.429,0.1,0.1,.400,1.0,1.9,0.508,0.2,0.8,.185,NA
203477,Isaiah Canaan,Isaiah,Canaan,CHI,38,15.4,1.3,2.5,0.511,0.3,1.0,.208,48,0.2,0.3,.500,0.1,0.1,.667,1.1,2.2,0.512,0.2,0.9,.143,NA
203902,Semaj Christon,Semaj,Christon,OKC,62,14.9,1.4,2.5,0.541,0.3,1.1,.188,85,0.3,0.7,.429,0.1,0.2,.333,1.1,1.9,0.583,0.2,0.9,.149,NA
NA,Jordan Farmar,Jordan,Farmar,SAC,2,17.7,1.5,2.5,0.6,0.0,1.5,.000,3,0.5,0.5,1.000,0.0,0.5,.000,1.0,2.0,0.5,0.0,1.0,.000,NA
NA,Alonzo Gee,Alonzo,Gee,DEN,13,6.9,1.2,2.5,0.469,0.4,0.8,.333,15,0.3,0.7,.444,0.2,0.2,.500,0.8,1.8,0.478,0.2,0.6,.273,NA
1627744,Brice Johnson,Brice,Johnson,LAC,2,3.3,1.5,2.5,0.6,1.0,0.5,.667,3,0.5,1.0,.500,0.5,0.0,1.000,1.0,1.5,0.667,0.5,0.5,.500,NA
1626166,Cameron Payne,Cameron,Payne,TOTAL,31,14.9,1.5,2.5,0.615,0.1,1.4,.083,48,0.1,0.4,.273,0.0,0.1,.333,1.5,2.2,0.672,0.1,1.4,.067,NA
202713,Kyle Singler,Kyle,Singler,OKC,30,11.1,1.3,2.5,0.514,0.3,1.0,.237,38,0.3,0.6,.444,0.1,0.2,.375,1.0,1.9,0.536,0.2,0.8,.200,NA
1627819,Isaiah Taylor,Isaiah,Taylor,HOU,2,13.7,1.0,2.5,0.4,1.0,0.0,1.000,2,0.0,1.0,.000,0.0,0.0,-,1.0,1.5,0.667,1.0,0.0,1.000,NA
2757,Beno Udrih,Beno,Udrih,DET,39,14.4,1.5,2.5,0.588,0.2,1.2,.158,57,0.2,0.4,.400,0.0,0.1,.167,1.3,2.1,0.622,0.2,1.1,.157,NA
201571,D.J. Augustin,D.J.,Augustin,ORL,76,19.7,1.5,2.4,0.626,0.2,1.3,.132,114,0.2,0.5,.375,0.1,0.1,.400,1.3,1.9,0.697,0.1,1.2,.091,NA
2571,Leandro Barbosa,Leandro,Barbosa,PHX,65,14.3,1.6,2.4,0.635,0.3,1.3,.168,101,0.2,0.5,.455,0.2,0.1,.667,1.3,1.9,0.683,0.1,1.2,.081,NA
NA,Jarell Eddie,Jarell,Eddie,PHX,5,12.5,1.4,2.4,0.583,0.2,1.2,.143,7,0.2,0.4,.500,0.0,0.2,.000,1.2,2.0,0.6,0.2,1.0,.167,NA
1627812,Yogi Ferrell,Yogi,Ferrell,BKN,10,15.2,1.2,2.4,0.5,0.2,1.0,.167,12,0.4,0.5,.800,0.0,0.4,.000,0.8,1.9,0.421,0.2,0.6,.250,NA
1626191,Chris McCullough,Chris,McCullough,BKN,14,5.2,1.2,2.4,0.5,0.4,0.9,.294,17,0.6,1.1,.563,0.4,0.3,.556,0.6,1.3,0.444,0.0,0.6,.000,NA
1626166,Cameron Payne,Cameron,Payne,OKC,20,16.0,1.6,2.4,0.633,0.1,1.4,.065,31,0.1,0.4,.250,0.0,0.1,.000,1.4,2.0,0.707,0.1,1.4,.069,NA
1626184,Chasson Randle,Chasson,Randle,TOTAL,25,11.0,1.3,2.4,0.525,0.4,0.9,.281,32,0.2,0.4,.545,0.2,0.1,.667,1.0,2.0,0.52,0.2,0.8,.192,NA
201196,Ramon Sessions,Ramon,Sessions,CHA,50,16.2,1.5,2.4,0.619,0.2,1.2,.151,73,0.2,0.5,.458,0.1,0.1,.636,1.2,1.9,0.66,0.1,1.2,.065,NA
2756,Sasha Vujacic,Sasha,Vujacic,NYK,41,9.5,1.4,2.4,0.56,0.3,1.0,.232,56,0.2,0.4,.625,0.1,0.1,.600,1.1,2.0,0.548,0.2,1.0,.152,NA
1627762,Joel Bolomboy,Joel,Bolomboy,UTA,11,3.5,1.0,2.3,0.44,0.1,0.9,.091,11,0.1,0.5,.167,0.0,0.1,.000,0.9,1.7,0.526,0.1,0.8,.100,NA
NA,Pierre Jackson,Pierre,Jackson,DAL,9,9.2,1.0,2.3,0.429,0.2,0.8,.222,9,0.1,0.4,.250,0.0,0.1,.000,0.9,1.9,0.471,0.2,0.7,.250,NA
NA,Jordan McRae,Jordan,McRae,CLE,37,10.4,1.1,2.3,0.488,0.2,0.9,.195,41,0.2,0.4,.462,0.1,0.1,.333,0.9,1.9,0.493,0.2,0.8,.171,NA
203909,KJ McDaniels,KJ,McDaniels,HOU,29,7.3,1.0,2.3,0.448,0.3,0.7,.333,30,0.2,0.8,.250,0.1,0.1,.667,0.8,1.5,0.558,0.2,0.6,.250,NA
1626191,Chris McCullough,Chris,McCullough,TOTAL,15,5.0,1.1,2.3,0.5,0.3,0.8,.294,17,0.6,1.1,.563,0.3,0.3,.556,0.5,1.2,0.444,0.0,0.5,.000,NA
1627849,Daniel Ochefu,Daniel,Ochefu,WAS,18,3.3,1.1,2.3,0.463,0.3,0.8,.263,19,0.2,0.7,.250,0.1,0.1,.667,0.9,1.6,0.552,0.2,0.7,.188,NA
1627754,Diamond Stone,Diamond,Stone,LAC,7,3.5,0.9,2.3,0.375,0.1,0.7,.167,6,0.1,1.1,.125,0.1,0.0,1.000,0.7,1.1,0.625,0.0,0.7,.000,NA
1891,Jason Terry,Jason,Terry,MIL,72,18.6,1.4,2.3,0.616,0.3,1.1,.188,101,0.2,0.3,.682,0.0,0.2,.200,1.2,2.0,0.606,0.2,1.0,.186,NA
NA,Greivis Vasquez,Greivis,Vasquez,BKN,3,12.9,0.7,2.3,0.286,0.0,0.7,.000,2,0.0,0.7,.000,0.0,0.0,-,0.7,1.7,0.4,0.0,0.7,.000,NA
NA,Jonathan Gibson,Jonathan,Gibson,DAL,17,13.6,1.3,2.2,0.579,0.3,1.0,.227,22,0.1,0.2,.250,0.1,0.0,1.000,1.2,2.0,0.618,0.2,1.0,.190,NA
202362,Lance Stephenson,Lance,Stephenson,MIN,6,11.2,1.7,2.2,0.769,0.2,1.5,.100,10,0.0,0.0,-,0.0,0.0,-,1.7,2.2,0.769,0.2,1.5,.100,NA
NA,Reggie Williams,Reggie,Williams,NOP,6,13.3,1.0,2.2,0.462,0.2,0.8,.167,6,0.3,0.5,.667,0.2,0.2,.500,0.7,1.7,0.4,0.0,0.7,.000,NA
101187,Alan Anderson,Alan,Anderson,LAC,30,10.3,0.8,2.1,0.381,0.2,0.6,.208,24,0.1,0.5,.200,0.1,0.0,1.000,0.7,1.6,0.438,0.1,0.6,.095,NA
203898,Tyler Ennis,Tyler,Ennis,TOTAL,51,10.2,0.9,2.1,0.419,0.2,0.7,.205,44,0.2,0.6,.300,0.1,0.1,.333,0.7,1.5,0.467,0.1,0.6,.171,NA
203527,Ryan Kelly,Ryan,Kelly,ATL,15,5.9,1.0,2.1,0.484,0.3,0.7,.333,15,0.0,0.4,.000,0.0,0.0,-,1.0,1.7,0.6,0.3,0.7,.333,NA
203894,Shabazz Napier,Shabazz,Napier,POR,51,8.8,1.0,2.1,0.472,0.1,0.9,.120,50,0.1,0.4,.300,0.1,0.1,.500,0.9,1.7,0.512,0.1,0.8,.068,NA
203948,Johnny O'Bryant III,Johnny,O'Bryant III,DEN,7,6.6,1.6,2.1,0.733,0.7,0.9,.455,11,0.7,0.7,1.000,0.6,0.1,.800,0.9,1.4,0.6,0.1,0.7,.167,NA
201166,Aaron Brooks,Aaron,Brooks,IND,62,13.5,1.1,2.0,0.556,0.2,0.9,.174,69,0.3,0.6,.500,0.1,0.2,.444,0.8,1.4,0.58,0.1,0.8,.078,NA
203504,Trey Burke,Trey,Burke,WAS,55,12.1,0.8,2.0,0.418,0.1,0.7,.174,46,0.1,0.5,.280,0.0,0.1,.143,0.7,1.5,0.459,0.1,0.6,.179,NA
2034,Mike Miller,Mike,Miller,DEN,17,5.4,1.3,2.0,0.647,0.2,1.1,.136,22,0.1,0.3,.200,0.0,0.1,.000,1.2,1.7,0.724,0.2,1.1,.143,NA
1627815,Sheldon McClellan,Sheldon,McClellan,WAS,29,8.7,1.0,2.0,0.517,0.1,0.9,.133,30,0.1,0.5,.286,0.0,0.1,.250,0.9,1.5,0.591,0.1,0.8,.115,NA
1626173,Rashad Vaughn,Rashad,Vaughn,MIL,39,10.7,1.2,2.0,0.582,0.2,1.0,.174,46,0.1,0.2,.286,0.0,0.0,.500,1.1,1.8,0.611,0.2,0.9,.159,NA
1627362,Briante Weber,Briante,Weber,TOTAL,18,8.9,1.2,2.0,0.611,0.2,1.0,.182,22,0.4,0.9,.438,0.2,0.2,.429,0.8,1.1,0.75,0.1,0.8,.067,NA
1626192,Pat Connaughton,Pat,Connaughton,POR,37,6.6,1.1,1.9,0.569,0.3,0.8,.244,41,0.3,0.5,.588,0.1,0.1,.500,0.8,1.5,0.564,0.1,0.7,.161,NA
1627777,Georges Niang,Georges,Niang,IND,22,4.1,0.8,1.9,0.405,0.1,0.6,.176,17,0.1,0.6,.143,0.1,0.0,1.000,0.7,1.3,0.536,0.0,0.6,.067,NA
1626203,Treveon Graham,Treveon,Graham,CHA,25,5.9,0.7,1.8,0.409,0.2,0.6,.222,18,0.2,0.6,.333,0.1,0.1,.600,0.5,1.2,0.448,0.0,0.5,.077,NA
201627,Anthony Morrow,Anthony,Morrow,OKC,40,15.7,0.7,1.8,0.403,0.2,0.5,.345,29,0.3,0.6,.500,0.2,0.1,.545,0.4,1.2,0.36,0.1,0.4,.222,NA
1627832,Fred VanVleet,Fred,VanVleet,TOR,35,7.8,1.1,1.8,0.613,0.3,0.8,.237,38,0.1,0.3,.333,0.0,0.1,.250,1.0,1.4,0.68,0.2,0.7,.235,NA
NA,Marcelo Huertas,Marcelo,Huertas,LAL,23,10.3,1.0,1.7,0.632,0.1,1.0,.083,24,0.1,0.3,.333,0.0,0.1,.000,1.0,1.4,0.688,0.1,0.9,.091,NA
2592,James Jones,James,Jones,CLE,47,7.3,0.7,1.7,0.41,0.1,0.6,.156,32,0.0,0.3,.154,0.0,0.0,.500,0.6,1.4,0.462,0.1,0.6,.133,NA
1626145,Tyus Jones,Tyus,Jones,MIN,58,12.6,1.1,1.7,0.635,0.1,1.0,.066,61,0.2,0.3,.500,0.0,0.1,.111,0.9,1.3,0.667,0.1,0.8,.058,NA
201627,Anthony Morrow,Anthony,Morrow,TOTAL,47,15.0,0.7,1.7,0.397,0.2,0.4,.323,31,0.3,0.5,.500,0.1,0.1,.500,0.4,1.1,0.352,0.1,0.3,.211,NA
1627770,Kay Felder,Kay,Felder,CLE,41,9.3,1.0,1.6,0.606,0.2,0.8,.175,40,0.1,0.3,.250,0.1,0.0,1.000,0.9,1.3,0.685,0.1,0.8,.108,NA
1626199,Darrun Hilliard,Darrun,Hilliard,DET,37,9.5,0.9,1.6,0.525,0.1,0.7,.156,32,0.1,0.2,.222,0.0,0.0,.500,0.8,1.4,0.577,0.1,0.7,.133,NA
NA,Nicolas Laprovittola,Nicolas,Laprovittola,SAS,18,9.7,0.6,1.6,0.345,0.1,0.5,.100,10,0.1,0.5,.111,0.0,0.1,.000,0.5,1.1,0.45,0.1,0.4,.111,NA
101179,Ronnie Price,Ronnie,Price,PHX,13,8.9,0.8,1.6,0.524,0.1,0.8,.091,11,0.2,0.5,.500,0.0,0.2,.000,0.6,1.2,0.533,0.1,0.5,.125,NA
1626184,Chasson Randle,Chasson,Randle,PHI,8,9.3,0.6,1.6,0.385,0.2,0.4,.400,5,0.0,0.0,-,0.0,0.0,-,0.6,1.6,0.385,0.2,0.4,.400,NA
203898,Tyler Ennis,Tyler,Ennis,HOU,31,6.3,0.6,1.5,0.404,0.1,0.5,.158,19,0.1,0.4,.308,0.0,0.1,.000,0.5,1.1,0.441,0.1,0.4,.200,NA
1627781,Malachi Richardson,Malachi,Richardson,SAC,22,9.0,1.0,1.5,0.697,0.1,0.9,.130,23,0.1,0.2,.600,0.0,0.1,.000,0.9,1.3,0.714,0.1,0.8,.150,NA
203923,James Young,James,Young,BOS,28,7.8,0.9,1.5,0.605,0.3,0.6,.308,26,0.2,0.4,.545,0.1,0.1,.500,0.7,1.1,0.625,0.2,0.5,.250,NA
203998,Bruno Caboclo,Bruno,Caboclo,TOR,7,3.0,0.7,1.4,0.5,0.3,0.4,.400,5,0.3,0.6,.500,0.1,0.1,.500,0.4,0.9,0.5,0.1,0.3,.333,NA
203526,Raul Neto,Raul,Neto,UTA,40,8.7,0.8,1.4,0.517,0.0,0.7,.067,30,0.1,0.2,.667,0.0,0.1,.000,0.6,1.3,0.5,0.0,0.6,.077,NA
203148,Brian Roberts,Brian,Roberts,CHA,39,9.3,0.9,1.4,0.643,0.1,0.8,.139,36,0.1,0.2,.556,0.1,0.1,.600,0.8,1.2,0.66,0.1,0.7,.065,NA
1627787,Kyle Wiltjer,Kyle,Wiltjer,HOU,13,3.3,0.8,1.4,0.556,0.2,0.5,.300,10,0.3,0.4,.800,0.2,0.1,.750,0.5,1.0,0.462,0.0,0.5,.000,NA
NA,Ben Bentil,Ben,Bentil,DAL,3,3.3,0.7,1.3,0.5,0.3,0.3,.500,2,0.0,0.0,-,0.0,0.0,-,0.7,1.3,0.5,0.3,0.3,.500,NA
1627868,Patricio Garino,Patricio,Garino,ORL,3,6.5,1.0,1.3,0.75,0.3,0.7,.333,3,0.3,0.3,1.000,0.3,0.0,1.000,0.7,1.0,0.667,0.0,0.7,.000,NA
1627774,Jake Layman,Jake,Layman,POR,33,5.5,0.5,1.3,0.381,0.2,0.3,.313,16,0.1,0.2,.286,0.0,0.0,.500,0.4,1.1,0.4,0.1,0.3,.286,NA
NA,C.J. Wilcox,C.J.,Wilcox,ORL,22,4.9,0.5,1.3,0.429,0.0,0.5,.000,12,0.2,0.5,.400,0.0,0.2,.000,0.4,0.8,0.444,0.0,0.4,.000,NA
1627854,Bryn Forbes,Bryn,Forbes,SAS,34,7.9,0.6,1.2,0.525,0.1,0.5,.190,21,0.1,0.1,.400,0.0,0.1,.000,0.6,1.0,0.543,0.1,0.4,.211,NA
1627743,Demetrius Jackson,Demetrius,Jackson,BOS,5,3.4,0.8,1.2,0.667,0.0,0.8,.000,4,0.4,0.4,1.000,0.0,0.4,.000,0.4,0.8,0.5,0.0,0.4,.000,NA
204014,Damjan Rudez,Damjan,Rudez,ORL,44,7.0,0.6,1.2,0.472,0.1,0.5,.160,25,0.1,0.2,.455,0.0,0.1,.400,0.5,1.0,0.476,0.0,0.4,.100,NA
1897,Metta World Peace,Metta,World Peace,LAL,23,5.5,0.7,1.2,0.536,0.1,0.5,.200,15,0.2,0.4,.400,0.1,0.1,.500,0.5,0.8,0.611,0.0,0.4,.091,NA
NA,Quinn Cook,Quinn,Cook,DAL,5,15.4,0.6,1.0,0.6,0.2,0.4,.333,3,0.0,0.0,-,0.0,0.0,-,0.6,1.0,0.6,0.2,0.4,.333,NA
201579,Roy Hibbert,Roy,Hibbert,DEN,6,1.8,0.3,1.0,0.333,0.2,0.2,.500,2,0.2,0.2,1.000,0.2,0.0,1.000,0.2,0.8,0.2,0.0,0.2,.000,NA
NA,Danuel House,Danuel,House,WAS,1,0.8,1.0,1.0,1.0,0.0,1.0,.000,1,0.0,0.0,-,0.0,0.0,-,1.0,1.0,1.0,0.0,1.0,.000,NA
NA,Terrence Jones,Terrence,Jones,MIL,3,2.3,1.0,1.0,1.0,0.0,1.0,.000,3,0.0,0.0,-,0.0,0.0,-,1.0,1.0,1.0,0.0,1.0,.000,NA
NA,Gary Neal,Gary,Neal,ATL,2,9.2,0.5,1.0,0.5,0.0,0.5,.000,1,0.0,0.0,-,0.0,0.0,-,0.5,1.0,0.5,0.0,0.5,.000,NA
NA,Arinze Onuaku,Arinze,Onuaku,ORL,8,3.6,0.8,1.0,0.75,0.4,0.4,.500,6,0.2,0.2,1.000,0.2,0.0,1.000,0.5,0.8,0.667,0.1,0.4,.250,NA
202336,Larry Sanders,Larry,Sanders,CLE,4,2.6,0.5,1.0,0.5,0.2,0.2,.500,2,0.2,0.5,.500,0.2,0.0,1.000,0.2,0.5,0.5,0.0,0.2,.000,NA
1627362,Briante Weber,Briante,Weber,GSW,7,6.6,0.6,1.0,0.571,0.0,0.6,.000,4,0.0,0.3,.000,0.0,0.0,-,0.6,0.7,0.8,0.0,0.6,.000,NA
1627736,Malik Beasley,Malik,Beasley,DEN,19,4.7,0.4,0.9,0.471,0.1,0.3,.250,8,0.1,0.2,.250,0.1,0.0,1.000,0.4,0.7,0.538,0.1,0.3,.143,NA
201627,Anthony Morrow,Anthony,Morrow,CHI,7,11.1,0.3,0.9,0.333,0.0,0.3,.000,2,0.1,0.3,.500,0.0,0.1,.000,0.1,0.6,0.25,0.0,0.1,.000,NA
1626202,Joe Young,Joe,Young,IND,32,4.2,0.5,0.9,0.567,0.0,0.5,.059,17,0.0,0.2,.200,0.0,0.0,.000,0.5,0.8,0.64,0.0,0.5,.063,NA
202708,Norris Cole,Norris,Cole,OKC,11,7.6,0.6,0.8,0.778,0.2,0.5,.286,7,0.0,0.0,-,0.0,0.0,-,0.6,0.8,0.778,0.2,0.5,.286,NA
NA,Quinn Cook,Quinn,Cook,TOTAL,12,11.8,0.5,0.8,0.6,0.1,0.4,.167,6,0.0,0.0,-,0.0,0.0,-,0.5,0.8,0.6,0.1,0.4,.167,NA
NA,Aaron Harrison,Aaron,Harrison,CHA,5,3.3,0.6,0.8,0.75,0.0,0.6,.000,3,0.0,0.0,-,0.0,0.0,-,0.6,0.8,0.75,0.0,0.6,.000,NA
NA,Steve Novak,Steve,Novak,MIL,8,2.8,0.4,0.8,0.5,0.0,0.4,.000,3,0.0,0.0,-,0.0,0.0,-,0.4,0.8,0.5,0.0,0.4,.000,NA
NA,Quinn Cook,Quinn,Cook,NOP,7,9.2,0.4,0.7,0.6,0.0,0.4,.000,3,0.0,0.0,-,0.0,0.0,-,0.4,0.7,0.6,0.0,0.4,.000,NA
1627771,Michael Gbinije,Michael,Gbinije,DET,9,3.5,0.3,0.7,0.5,0.1,0.2,.333,3,0.2,0.3,.667,0.1,0.1,.500,0.1,0.3,0.333,0.0,0.1,.000,NA
203462,Archie Goodwin,Archie,Goodwin,NOP,3,9.9,0.0,0.7,0.0,0.0,0.0,-,0,0.0,0.0,-,0.0,0.0,-,0.0,0.7,0.0,0.0,0.0,-,NA
1627817,Tim Quarterman,Tim,Quarterman,POR,14,3.2,0.4,0.6,0.667,0.2,0.2,.500,6,0.1,0.2,.667,0.1,0.1,.500,0.3,0.4,0.667,0.1,0.1,.500,NA
NA,Jarrett Jack,Jarrett,Jack,NOP,2,16.6,0.0,0.5,0.0,0.0,0.0,-,0,0.0,0.0,-,0.0,0.0,-,0.0,0.5,0.0,0.0,0.0,-,NA
NA,John Jenkins,John,Jenkins,PHX,4,3.3,0.2,0.5,0.5,0.0,0.2,.000,1,0.0,0.0,-,0.0,0.0,-,0.2,0.5,0.5,0.0,0.2,.000,NA
201628,Bobby Brown,Bobby,Brown,HOU,23,3.9,0.3,0.4,0.667,0.0,0.2,.167,6,0.0,0.0,-,0.0,0.0,-,0.3,0.4,0.667,0.0,0.2,.167,NA
NA,R.J. Hunter,R.J.,Hunter,CHI,3,3.1,0.3,0.3,1.0,0.0,0.3,.000,1,0.0,0.0,-,0.0,0.0,-,0.3,0.3,1.0,0.0,0.3,.000,NA
NA,Andrew Bogut,Andrew,Bogut,CLE,1,1.0,0.0,0.0,NA,0.0,0.0,-,0,0.0,0.0,,0.0,0.0,-,0.0,0.0,NA,0.0,0.0,-,NA
NA,John Lucas III,John,Lucas III,MIN,5,2.2,0.0,0.0,NA,0.0,0.0,-,0,0.0,0.0,,0.0,0.0,-,0.0,0.0,NA,0.0,0.0,-,NA
1626191,Chris McCullough,Chris,McCullough,WAS,1,1.7,0.0,0.0,NA,0.0,0.0,-,0,0.0,0.0,,0.0,0.0,-,0.0,0.0,NA,0.0,0.0,-,NA
NA,Axel Toupane,Axel,Toupane,MIL,2,3.0,0.0,0.0,NA,0.0,0.0,-,0,0.0,0.0,,0.0,0.0,-,0.0,0.0,NA,0.0,0.0,-,NA
