PLAYER_ID,PLAYER,FIRST_NAME,LAST_NAME,TEAM_ABBREVIATION,GP,MIN,DIST,AV_SPD,DIST_PG,DIST_48,DIST_OFF,DIST_DEF,AV_SPD_OFF,AV_SPD_DEF,X
203468,CJ McCollum,CJ,McCollum,POR,80,34.9,206.9,4.4,2.6,3.6,119.3,87.6,0.0,0.0,NA
1626157,Karl-Anthony Towns,Karl-Anthony,Towns,MIN,80,36.9,199.9,4.1,2.5,3.2,106.9,92.9,0.0,0.0,NA
203952,Andrew Wiggins,Andrew,Wiggins,MIN,80,37.3,195.6,3.9,2.4,3.1,106.6,89.0,0.0,0.0,NA
203084,Harrison Barnes,Harrison,Barnes,DAL,78,35.5,194.9,4.2,2.5,3.4,109.4,85.5,0.0,0.0,NA
202710,Jimmy Butler,Jimmy,Butler,CHI,75,37.0,193.0,4.2,2.6,3.3,105.4,87.6,0.0,0.0,NA
201939,Stephen Curry,Stephen,Curry,GSW,78,33.5,192.2,4.4,2.5,3.5,104.5,87.7,0.0,0.0,NA
203497,Rudy Gobert,Rudy,Gobert,UTA,80,33.9,189.9,4.2,2.4,3.4,106.3,83.7,0.0,0.0,NA
201566,Russell Westbrook,Russell,Westbrook,OKC,80,34.8,189.2,4.1,2.4,3.3,103.5,85.6,0.0,0.0,NA
202691,Klay Thompson,Klay,Thompson,GSW,77,34.1,188.6,4.3,2.4,3.4,101.3,87.3,0.0,0.0,NA
203507,Giannis Antetokounmpo,Giannis,Antetokounmpo,MIL,79,35.5,188.1,4.0,2.4,3.2,101.9,86.2,0.0,0.0,NA
203490,Otto Porter Jr.,Otto,Porter Jr.,WAS,79,32.6,187.4,4.4,2.4,3.5,98.6,88.9,0.0,0.0,NA
202689,Kemba Walker,Kemba,Walker,CHA,79,34.7,187.0,4.1,2.4,3.3,105.0,82.0,0.0,0.0,NA
201587,Nicolas Batum,Nicolas,Batum,CHA,75,34.4,185.6,4.3,2.5,3.5,99.9,85.8,0.0,0.0,NA
203081,Damian Lillard,Damian,Lillard,POR,75,35.9,185.2,4.1,2.5,3.3,106.9,78.3,0.0,0.0,NA
203078,Bradley Beal,Bradley,Beal,WAS,77,34.7,184.2,4.1,2.4,3.3,98.1,86.2,0.0,0.0,NA
2772,Trevor Ariza,Trevor,Ariza,HOU,79,34.6,181.4,4.0,2.3,3.2,91.1,90.3,0.0,0.0,NA
1626164,Devin Booker,Devin,Booker,PHX,76,35.0,180.8,4.1,2.4,3.3,97.2,83.6,0.0,0.0,NA
202331,Paul George,Paul,George,IND,73,35.7,179.4,4.1,2.5,3.3,95.4,83.9,0.0,0.0,NA
202699,Tobias Harris,Tobias,Harris,DET,81,31.3,178.8,4.2,2.2,3.4,98.8,80.0,0.0,0.0,NA
201935,James Harden,James,Harden,HOU,80,36.4,178.1,3.7,2.2,2.9,95.2,82.9,0.0,0.0,NA
202694,Marcus Morris,Marcus,Morris,DET,79,32.5,178.0,4.2,2.3,3.3,96.6,81.5,0.0,0.0,NA
203076,Anthony Davis,Anthony,Davis,NOP,75,36.1,176.5,3.9,2.4,3.1,93.0,83.5,0.0,0.0,NA
202695,Kawhi Leonard,Kawhi,Leonard,SAS,72,33.5,176.1,4.4,2.4,3.5,100.2,75.9,0.0,0.0,NA
203484,Kentavious Caldwell-Pope,Kentavious,Caldwell-Pope,DET,75,33.4,175.8,4.2,2.3,3.4,94.3,81.5,0.0,0.0,NA
202322,John Wall,John,Wall,WAS,78,36.1,175.8,3.7,2.3,3.0,93.1,82.6,0.0,0.0,NA
203471,Dennis Schroder,Dennis,Schroder,ATL,78,31.5,175.4,4.3,2.2,3.4,95.8,79.6,0.0,0.0,NA
203476,Gorgui Dieng,Gorgui,Dieng,MIN,80,32.4,174.9,4.1,2.2,3.2,94.3,80.6,0.0,0.0,NA
2544,LeBron James,LeBron,James,CLE,74,37.8,174.6,3.7,2.4,3.0,94.3,80.3,0.0,0.0,NA
203460,Andre Roberson,Andre,Roberson,OKC,79,30.1,174.4,4.4,2.2,3.5,87.9,86.6,0.0,0.0,NA
202738,Isaiah Thomas,Isaiah,Thomas,BOS,75,34.0,173.6,4.1,2.3,3.3,96.8,76.8,0.0,0.0,NA
201942,DeMar DeRozan,DeMar,DeRozan,TOR,73,35.5,173.1,4.0,2.4,3.2,98.0,75.1,0.0,0.0,NA
202330,Gordon Hayward,Gordon,Hayward,UTA,72,34.6,173.0,4.2,2.4,3.3,98.8,74.2,0.0,0.0,NA
203901,Elfrid Payton,Elfrid,Payton,ORL,81,29.3,172.8,4.4,2.1,3.5,89.1,83.7,0.0,0.0,NA
201609,Goran Dragic,Goran,Dragic,MIA,71,33.4,172.3,4.4,2.4,3.5,98.4,73.9,0.0,0.0,NA
201937,Ricky Rubio,Ricky,Rubio,MIN,74,32.9,172.2,4.2,2.3,3.4,94.0,78.1,0.0,0.0,NA
203077,Michael Kidd-Gilchrist,Michael,Kidd-Gilchrist,CHA,79,29.1,171.7,4.5,2.2,3.6,89.6,82.1,0.0,0.0,NA
101162,Marcin Gortat,Marcin,Gortat,WAS,81,31.0,171.6,4.1,2.1,3.3,90.5,81.1,0.0,0.0,NA
201584,Courtney Lee,Courtney,Lee,NYK,76,32.1,170.8,4.2,2.2,3.4,90.9,79.9,0.0,0.0,NA
1626167,Myles Turner,Myles,Turner,IND,79,31.4,169.6,4.1,2.1,3.3,91.3,78.4,0.0,0.0,NA
203903,Jordan Clarkson,Jordan,Clarkson,LAL,80,29.3,167.9,4.3,2.1,3.4,90.2,77.7,0.0,0.0,NA
202681,Kyrie Irving,Kyrie,Irving,CLE,72,35.1,167.8,4.0,2.3,3.2,91.8,76.0,0.0,0.0,NA
201952,Jeff Teague,Jeff,Teague,IND,80,32.4,166.5,3.9,2.1,3.1,89.2,77.3,0.0,0.0,NA
204456,T.J. McConnell,T.J.,McConnell,PHI,80,26.5,166.0,4.7,2.1,3.8,94.7,71.3,0.0,0.0,NA
202083,Wesley Matthews,Wesley,Matthews,DAL,72,34.1,165.9,4.0,2.3,3.2,92.5,73.4,0.0,0.0,NA
203932,Aaron Gordon,Aaron,Gordon,ORL,79,28.7,165.8,4.4,2.1,3.5,89.2,76.6,0.0,0.0,NA
202684,Tristan Thompson,Tristan,Thompson,CLE,77,30.1,164.1,4.2,2.1,3.4,88.2,75.9,0.0,0.0,NA
203459,Allen Crabbe,Allen,Crabbe,POR,79,28.5,161.6,4.3,2.0,3.4,90.2,71.4,0.0,0.0,NA
201586,Serge Ibaka,Serge,Ibaka,TOTAL,79,30.6,161.4,4.0,2.0,3.2,86.5,74.9,0.0,0.0,NA
203917,Nik Stauskas,Nik,Stauskas,PHI,79,27.3,161.4,4.5,2.0,3.6,91.3,70.2,0.0,0.0,NA
101107,Marvin Williams,Marvin,Williams,CHA,74,30.5,161.3,4.3,2.2,3.4,90.7,70.6,0.0,0.0,NA
200755,JJ Redick,JJ,Redick,LAC,77,28.2,160.9,4.4,2.1,3.6,88.9,72.0,0.0,0.0,NA
203110,Draymond Green,Draymond,Green,GSW,76,32.6,160.2,3.9,2.1,3.1,83.3,77.0,0.0,0.0,NA
2546,Carmelo Anthony,Carmelo,Anthony,NYK,73,34.5,159.9,3.8,2.2,3.0,87.4,72.5,0.0,0.0,NA
201599,DeAndre Jordan,DeAndre,Jordan,LAC,80,31.7,159.7,3.8,2.0,3.0,84.4,75.4,0.0,0.0,NA
1627742,Brandon Ingram,Brandon,Ingram,LAL,77,28.9,159.5,4.3,2.1,3.4,87.1,72.4,0.0,0.0,NA
203083,Andre Drummond,Andre,Drummond,DET,80,29.8,159.4,4.0,2.0,3.2,81.0,78.4,0.0,0.0,NA
203524,Solomon Hill,Solomon,Hill,NOP,78,29.7,159.2,4.1,2.0,3.3,82.2,77.0,0.0,0.0,NA
203090,Maurice Harkless,Maurice,Harkless,POR,76,28.9,158.7,4.3,2.1,3.5,85.1,73.6,0.0,0.0,NA
201144,Mike Conley,Mike,Conley,MEM,68,33.4,158.0,4.2,2.3,3.3,90.1,68.0,0.0,0.0,NA
203500,Steven Adams,Steven,Adams,OKC,78,30.1,157.6,4.0,2.0,3.2,80.7,76.9,0.0,0.0,NA
203109,Jae Crowder,Jae,Crowder,BOS,71,32.5,157.4,4.1,2.2,3.3,83.5,73.9,0.0,0.0,NA
200794,Paul Millsap,Paul,Millsap,ATL,68,34.1,157.2,4.1,2.3,3.3,83.6,73.7,0.0,0.0,NA
203967,Dario Saric,Dario,Saric,PHI,81,26.3,156.4,4.4,1.9,3.5,87.1,69.3,0.0,0.0,NA
203935,Marcus Smart,Marcus,Smart,BOS,78,30.4,156.3,4.0,2.0,3.2,83.8,72.5,0.0,0.0,NA
203095,Evan Fournier,Evan,Fournier,ORL,67,32.8,156.0,4.3,2.3,3.4,83.6,72.4,0.0,0.0,NA
201152,Thaddeus Young,Thaddeus,Young,IND,72,30.1,153.4,4.3,2.1,3.4,80.8,72.6,0.0,0.0,NA
201950,Jrue Holiday,Jrue,Holiday,NOP,65,33.0,153.0,4.3,2.4,3.4,84.1,69.0,0.0,0.0,NA
202355,Hassan Whiteside,Hassan,Whiteside,MIA,75,32.5,153.0,3.8,2.0,3.0,80.8,72.3,0.0,0.0,NA
204020,Tyler Johnson,Tyler,Johnson,MIA,71,29.9,152.3,4.3,2.1,3.4,83.5,68.8,0.0,0.0,NA
203503,Tony Snell,Tony,Snell,MIL,79,29.2,151.7,4.0,1.9,3.2,74.9,76.9,0.0,0.0,NA
203506,Victor Oladipo,Victor,Oladipo,OKC,65,33.3,151.6,4.2,2.3,3.4,77.9,73.7,0.0,0.0,NA
201569,Eric Gordon,Eric,Gordon,HOU,74,31.1,151.3,3.9,2.0,3.2,78.4,72.9,0.0,0.0,NA
200746,LaMarcus Aldridge,LaMarcus,Aldridge,SAS,70,32.4,151.1,4.0,2.2,3.2,81.2,69.9,0.0,0.0,NA
201577,Robin Lopez,Robin,Lopez,CHI,80,28.1,150.5,4.0,1.9,3.2,82.4,68.1,0.0,0.0,NA
201188,Marc Gasol,Marc,Gasol,MEM,73,34.4,149.9,3.6,2.1,2.9,82.5,67.5,0.0,0.0,NA
202709,Cory Joseph,Cory,Joseph,TOR,78,25.3,149.4,4.5,1.9,3.6,80.9,68.4,0.0,0.0,NA
203496,Robert Covington,Robert,Covington,PHI,67,31.6,148.7,4.2,2.2,3.4,81.3,67.4,0.0,0.0,NA
202339,Eric Bledsoe,Eric,Bledsoe,PHX,64,33.0,148.6,4.2,2.3,3.4,79.6,69.0,0.0,0.0,NA
201976,Patrick Beverley,Patrick,Beverley,HOU,66,30.7,148.3,4.4,2.2,3.5,76.8,71.5,0.0,0.0,NA
201572,Brook Lopez,Brook,Lopez,BKN,75,29.7,147.9,4.0,2.0,3.2,78.5,69.4,0.0,0.0,NA
101141,Ersan Ilyasova,Ersan,Ilyasova,TOTAL,80,26.4,147.2,4.2,1.8,3.3,80.8,66.4,0.0,0.0,NA
202693,Markieff Morris,Markieff,Morris,WAS,76,31.0,147.1,3.7,1.9,3.0,75.2,71.9,0.0,0.0,NA
203501,Tim Hardaway Jr.,Tim,Hardaway Jr.,ATL,78,27.3,146.7,4.1,1.9,3.3,78.0,68.7,0.0,0.0,NA
204001,Kristaps Porzingis,Kristaps,Porzingis,NYK,66,32.8,146.4,4.1,2.2,3.2,79.9,66.5,0.0,0.0,NA
203585,Rodney McGruder,Rodney,McGruder,MIA,76,25.2,145.6,4.6,1.9,3.7,78.9,66.7,0.0,0.0,NA
202711,Bojan Bogdanovic,Bojan,Bogdanovic,TOTAL,79,25.8,145.3,4.3,1.8,3.4,77.5,67.8,0.0,0.0,NA
202326,DeMarcus Cousins,DeMarcus,Cousins,TOTAL,72,34.2,145.3,3.5,2.0,2.8,76.4,68.9,0.0,0.0,NA
202397,Ish Smith,Ish,Smith,DET,80,24.0,145.2,4.5,1.8,3.6,83.9,61.3,0.0,0.0,NA
203210,JaMychal Green,JaMychal,Green,MEM,76,27.4,145.0,4.2,1.9,3.3,78.2,66.8,0.0,0.0,NA
200782,PJ Tucker,PJ,Tucker,TOTAL,78,27.9,144.7,4.0,1.9,3.2,75.6,69.1,0.0,0.0,NA
203486,Mason Plumlee,Mason,Plumlee,TOTAL,79,26.1,144.6,4.2,1.8,3.4,79.3,65.3,0.0,0.0,NA
200768,Kyle Lowry,Kyle,Lowry,TOR,58,37.7,144.4,4.0,2.5,3.2,79.2,65.2,0.0,0.0,NA
201565,Derrick Rose,Derrick,Rose,NYK,64,32.6,143.9,4.1,2.2,3.3,79.0,64.9,0.0,0.0,NA
201143,Al Horford,Al,Horford,BOS,67,32.5,142.4,3.9,2.1,3.1,75.1,67.3,0.0,0.0,NA
201954,Darren Collison,Darren,Collison,SAC,68,30.4,142.1,4.1,2.1,3.3,78.3,63.8,0.0,0.0,NA
203933,TJ Warren,TJ,Warren,PHX,63,31.1,141.5,4.3,2.2,3.5,72.9,68.6,0.0,0.0,NA
203085,Austin Rivers,Austin,Rivers,LAC,74,27.8,141.4,4.1,1.9,3.3,76.0,65.4,0.0,0.0,NA
2730,Dwight Howard,Dwight,Howard,ATL,73,29.7,140.8,3.9,1.9,3.1,74.6,66.2,0.0,0.0,NA
202720,Jon Leuer,Jon,Leuer,DET,74,26.0,140.8,4.4,1.9,3.5,76.0,64.8,0.0,0.0,NA
201163,Wilson Chandler,Wilson,Chandler,DEN,69,30.9,140.7,4.0,2.0,3.2,76.6,64.1,0.0,0.0,NA
203552,Seth Curry,Seth,Curry,DAL,69,29.1,140.7,4.2,2.0,3.4,78.8,61.9,0.0,0.0,NA
201949,James Johnson,James,Johnson,MIA,74,27.2,140.7,4.2,1.9,3.4,79.8,60.9,0.0,0.0,NA
203944,Julius Randle,Julius,Randle,LAL,72,29.1,140.6,4.0,2.0,3.2,78.1,62.5,0.0,0.0,NA
2037,Jamal Crawford,Jamal,Crawford,LAC,81,26.4,140.4,3.9,1.7,3.2,76.8,63.6,0.0,0.0,NA
202696,Nikola Vucevic,Nikola,Vucevic,ORL,74,28.7,140.2,4.0,1.9,3.2,72.7,67.5,0.0,0.0,NA
1627741,Buddy Hield,Buddy,Hield,TOTAL,80,22.8,139.8,4.6,1.7,3.7,75.4,64.4,0.0,0.0,NA
201568,Danilo Gallinari,Danilo,Gallinari,DEN,62,34.0,139.5,4.0,2.3,3.2,77.6,62.0,0.0,0.0,NA
2738,Andre Iguodala,Andre,Iguodala,GSW,76,26.4,139.0,4.2,1.8,3.3,73.2,65.8,0.0,0.0,NA
203145,Kent Bazemore,Kent,Bazemore,ATL,72,27.0,138.8,4.3,1.9,3.4,72.5,66.3,0.0,0.0,NA
203521,Matthew Dellavedova,Matthew,Dellavedova,MIL,75,26.1,138.2,4.2,1.8,3.4,75.3,62.9,0.0,0.0,NA
201583,Ryan Anderson,Ryan,Anderson,HOU,71,29.3,137.3,4.0,1.9,3.2,74.2,63.1,0.0,0.0,NA
1626163,Frank Kaminsky,Frank,Kaminsky,CHA,73,26.2,137.1,4.3,1.9,3.4,78.5,58.6,0.0,0.0,NA
202685,Jonas Valanciunas,Jonas,Valanciunas,TOR,78,26.0,136.5,4.0,1.7,3.2,73.6,62.9,0.0,0.0,NA
201142,Kevin Durant,Kevin,Durant,GSW,61,33.5,136.2,4.0,2.2,3.2,72.6,63.6,0.0,0.0,NA
203082,Terrence Ross,Terrence,Ross,TOTAL,76,25.1,136.2,4.3,1.8,3.4,73.3,62.8,0.0,0.0,NA
1627763,Malcolm Brogdon,Malcolm,Brogdon,MIL,73,26.4,135.5,4.2,1.9,3.4,74.2,61.3,0.0,0.0,NA
201988,Patty Mills,Patty,Mills,SAS,79,22.0,135.5,4.7,1.7,3.7,76.6,58.8,0.0,0.0,NA
201959,Taj Gibson,Taj,Gibson,TOTAL,77,25.5,134.0,4.1,1.7,3.3,73.1,61.0,0.0,0.0,NA
204060,Joe Ingles,Joe,Ingles,UTA,81,24.0,133.2,4.1,1.6,3.3,72.4,60.9,0.0,0.0,NA
203999,Nikola Jokic,Nikola,Jokic,DEN,70,27.9,133.2,4.1,1.9,3.3,73.6,59.6,0.0,0.0,NA
101145,Monta Ellis,Monta,Ellis,IND,72,27.1,132.5,4.1,1.8,3.3,70.4,62.1,0.0,0.0,NA
101150,Lou Williams,Lou,Williams,TOTAL,80,24.7,132.0,4.0,1.7,3.2,71.7,60.4,0.0,0.0,NA
201158,Marco Belinelli,Marco,Belinelli,CHA,74,24.1,130.9,4.4,1.8,3.5,74.0,56.9,0.0,0.0,NA
1626156,D'Angelo Russell,D'Angelo,Russell,LAL,63,28.8,130.8,4.3,2.1,3.5,72.0,58.8,0.0,0.0,NA
2749,Jameer Nelson,Jameer,Nelson,DEN,74,27.1,130.7,3.9,1.8,3.1,73.5,57.2,0.0,0.0,NA
201980,Danny Green,Danny,Green,SAS,66,26.7,130.2,4.4,2.0,3.6,72.0,58.2,0.0,0.0,NA
202697,Iman Shumpert,Iman,Shumpert,CLE,74,25.3,129.3,4.1,1.7,3.3,67.4,62.0,0.0,0.0,NA
2754,Tony Allen,Tony,Allen,MEM,70,27.2,129.1,4.1,1.8,3.3,66.9,62.2,0.0,0.0,NA
201943,Brandon Jennings,Brandon,Jennings,TOTAL,80,22.1,128.9,4.4,1.6,3.5,70.1,58.7,0.0,0.0,NA
202734,E'Twaun Moore,E'Twaun,Moore,NOP,72,25.1,128.8,4.3,1.8,3.4,68.4,60.4,0.0,0.0,NA
1626178,Rondae Hollis-Jefferson,Rondae,Hollis-Jefferson,BKN,76,22.5,128.2,4.5,1.7,3.6,68.3,59.9,0.0,0.0,NA
201933,Blake Griffin,Blake,Griffin,LAC,60,34.1,128.1,3.8,2.1,3.0,67.7,60.3,0.0,0.0,NA
202340,Avery Bradley,Avery,Bradley,BOS,54,33.4,127.9,4.2,2.4,3.4,65.6,62.3,0.0,0.0,NA
2440,Matt Barnes,Matt,Barnes,TOTAL,74,24.0,126.9,4.3,1.7,3.4,70.3,56.6,0.0,0.0,NA
1627750,Jamal Murray,Jamal,Murray,DEN,79,21.2,126.9,4.6,1.6,3.6,69.8,57.1,0.0,0.0,NA
203897,Zach LaVine,Zach,LaVine,MIN,47,37.2,126.3,4.3,2.7,3.5,68.1,58.2,0.0,0.0,NA
201960,DeMarre Carroll,DeMarre,Carroll,TOR,70,26.3,126.2,4.1,1.8,3.3,66.3,59.9,0.0,0.0,NA
202344,Trevor Booker,Trevor,Booker,BKN,70,24.8,125.2,4.3,1.8,3.5,66.7,58.5,0.0,0.0,NA
200765,Rajon Rondo,Rajon,Rondo,CHI,68,26.8,125.2,4.1,1.8,3.3,67.4,57.8,0.0,0.0,NA
201567,Kevin Love,Kevin,Love,CLE,59,31.3,124.7,4.0,2.1,3.2,66.5,58.2,0.0,0.0,NA
203953,Jabari Parker,Jabari,Parker,MIL,51,33.8,123.5,4.3,2.4,3.4,65.3,58.2,0.0,0.0,NA
202329,Al-Farouq Aminu,Al-Farouq,Aminu,POR,61,29.1,122.8,4.2,2.0,3.3,67.9,54.9,0.0,0.0,NA
101108,Chris Paul,Chris,Paul,LAC,60,31.5,122.8,3.9,2.0,3.1,68.0,54.7,0.0,0.0,NA
201945,Gerald Henderson,Gerald,Henderson,PHI,71,23.1,122.7,4.5,1.7,3.6,69.5,53.2,0.0,0.0,NA
203930,Sean Kilpatrick,Sean,Kilpatrick,BKN,69,25.1,122.3,4.2,1.8,3.4,65.1,57.2,0.0,0.0,NA
201601,Luc Mbah a Moute,Luc,Mbah a Moute,LAC,79,22.2,122.2,4.2,1.5,3.3,63.6,58.5,0.0,0.0,NA
202687,Bismack Biyombo,Bismack,Biyombo,ORL,80,22.3,122.0,4.1,1.5,3.3,64.5,57.5,0.0,0.0,NA
2207,Joe Johnson,Joe,Johnson,UTA,77,23.7,121.2,4.0,1.6,3.2,69.0,52.2,0.0,0.0,NA
200771,Sergio Rodriguez,Sergio,Rodriguez,PHI,68,22.3,121.1,4.8,1.8,3.8,71.8,49.2,0.0,0.0,NA
1627737,Marquese Chriss,Marquese,Chriss,PHX,79,21.1,120.5,4.3,1.5,3.5,64.5,56.1,0.0,0.0,NA
2594,Kyle Korver,Kyle,Korver,TOTAL,65,26.3,120.1,4.2,1.8,3.4,64.2,55.9,0.0,0.0,NA
201967,Dante Cunningham,Dante,Cunningham,NOP,64,25.2,119.8,4.5,1.9,3.6,63.1,56.7,0.0,0.0,NA
202066,Garrett Temple,Garrett,Temple,SAC,64,26.6,119.8,4.2,1.9,3.4,64.7,55.1,0.0,0.0,NA
203469,Cody Zeller,Cody,Zeller,CHA,60,28.0,119.1,4.3,2.0,3.4,64.5,54.6,0.0,0.0,NA
101109,Raymond Felton,Raymond,Felton,LAC,79,21.3,118.6,4.2,1.5,3.4,61.6,56.9,0.0,0.0,NA
1627785,Isaiah Whitehead,Isaiah,Whitehead,BKN,72,22.5,118.2,4.4,1.6,3.5,62.6,55.6,0.0,0.0,NA
203200,Justin Holiday,Justin,Holiday,NYK,81,20.0,117.4,4.3,1.4,3.5,63.6,53.8,0.0,0.0,NA
2548,Dwyane Wade,Dwyane,Wade,CHI,59,30.0,117.4,4.0,2.0,3.2,65.6,51.8,0.0,0.0,NA
202328,Greg Monroe,Greg,Monroe,MIL,79,22.6,116.7,3.9,1.5,3.1,58.2,58.5,0.0,0.0,NA
203914,Gary Harris,Gary,Harris,DEN,55,30.8,115.9,4.1,2.1,3.3,62.7,53.2,0.0,0.0,NA
201951,Ty Lawson,Ty,Lawson,SAC,68,25.0,115.6,4.1,1.7,3.3,61.4,54.1,0.0,0.0,NA
101139,CJ Miles,CJ,Miles,IND,74,23.4,115.6,4.0,1.6,3.2,62.0,53.6,0.0,0.0,NA
202703,Nikola Mirotic,Nikola,Mirotic,CHI,69,24.0,115.4,4.2,1.7,3.3,63.2,52.2,0.0,0.0,NA
1713,Vince Carter,Vince,Carter,MEM,72,24.7,115.3,3.9,1.6,3.1,64.0,51.3,0.0,0.0,NA
203115,Will Barton,Will,Barton,DEN,59,28.3,114.8,4.1,1.9,3.3,63.0,51.8,0.0,0.0,NA
2216,Zach Randolph,Zach,Randolph,MEM,72,24.6,114.6,3.9,1.6,3.1,61.5,53.2,0.0,0.0,NA
201586,Serge Ibaka,Serge,Ibaka,ORL,56,30.4,114.2,4.0,2.0,3.2,60.8,53.4,0.0,0.0,NA
202323,Evan Turner,Evan,Turner,POR,64,25.6,114.1,4.2,1.8,3.3,63.7,50.4,0.0,0.0,NA
2225,Tony Parker,Tony,Parker,SAS,61,25.1,113.5,4.5,1.9,3.6,66.3,47.2,0.0,0.0,NA
203926,Doug McDermott,Doug,McDermott,TOTAL,66,22.8,112.5,4.5,1.7,3.6,61.6,50.8,0.0,0.0,NA
1627827,Dorian Finney-Smith,Dorian,Finney-Smith,DAL,78,20.2,112.4,4.3,1.4,3.4,60.8,51.6,0.0,0.0,NA
200757,Thabo Sefolosha,Thabo,Sefolosha,ATL,60,25.9,111.6,4.3,1.9,3.4,59.9,51.7,0.0,0.0,NA
202326,DeMarcus Cousins,DeMarcus,Cousins,SAC,55,34.4,111.4,3.5,2.0,2.8,59.0,52.5,0.0,0.0,NA
1627734,Domantas Sabonis,Domantas,Sabonis,OKC,79,20.0,110.9,4.2,1.4,3.4,59.5,51.5,0.0,0.0,NA
203918,Rodney Hood,Rodney,Hood,UTA,58,27.0,109.6,4.2,1.9,3.4,61.6,48.0,0.0,0.0,NA
1626162,Kelly Oubre Jr.,Kelly,Oubre Jr.,WAS,78,20.1,109.0,4.2,1.4,3.3,56.1,52.9,0.0,0.0,NA
1626155,Sam Dekker,Sam,Dekker,HOU,77,18.5,107.6,4.5,1.4,3.6,57.2,50.3,0.0,0.0,NA
1626196,Josh Richardson,Josh,Richardson,MIA,51,30.0,107.5,4.2,2.1,3.4,58.9,48.6,0.0,0.0,NA
203516,James Ennis III,James,Ennis III,MEM,64,23.4,107.3,4.3,1.7,3.4,57.9,49.3,0.0,0.0,NA
2736,Luol Deng,Luol,Deng,LAL,56,26.5,106.1,4.3,1.9,3.4,57.9,48.2,0.0,0.0,NA
2200,Pau Gasol,Pau,Gasol,SAS,62,25.4,105.8,4.0,1.7,3.2,58.7,47.1,0.0,0.0,NA
202335,Patrick Patterson,Patrick,Patterson,TOR,64,24.8,105.8,4.0,1.7,3.2,57.4,48.4,0.0,0.0,NA
203486,Mason Plumlee,Mason,Plumlee,POR,54,28.0,105.7,4.2,2.0,3.4,57.9,47.8,0.0,0.0,NA
203991,Clint Capela,Clint,Capela,HOU,64,23.7,105.6,4.2,1.7,3.3,55.9,49.8,0.0,0.0,NA
204025,Tim Frazier,Tim,Frazier,NOP,63,23.5,105.6,4.3,1.7,3.4,56.7,48.9,0.0,0.0,NA
203924,Jerami Grant,Jerami,Grant,TOTAL,78,19.1,105.5,4.2,1.4,3.4,55.6,49.9,0.0,0.0,NA
203482,Kelly Olynyk,Kelly,Olynyk,BOS,74,20.5,105.3,4.2,1.4,3.3,57.4,47.8,0.0,0.0,NA
101161,Amir Johnson,Amir,Johnson,BOS,79,20.1,105.1,4.0,1.3,3.2,54.2,50.9,0.0,0.0,NA
203498,Shabazz Muhammad,Shabazz,Muhammad,MIN,76,19.4,105.1,4.3,1.4,3.4,53.7,51.4,0.0,0.0,NA
202711,Bojan Bogdanovic,Bojan,Bogdanovic,BKN,54,27.1,104.7,4.3,1.9,3.4,56.2,48.5,0.0,0.0,NA
201156,Nick Young,Nick,Young,LAL,60,25.9,104.4,4.0,1.7,3.2,55.5,48.9,0.0,0.0,NA
201943,Brandon Jennings,Brandon,Jennings,NYK,58,24.7,104.3,4.4,1.8,3.5,57.3,47.0,0.0,0.0,NA
201167,Arron Afflalo,Arron,Afflalo,SAC,60,25.7,103.9,4.0,1.7,3.2,57.6,46.3,0.0,0.0,NA
200782,PJ Tucker,PJ,Tucker,PHX,55,28.6,103.9,4.0,1.9,3.2,54.2,49.6,0.0,0.0,NA
203458,Alex Len,Alex,Len,PHX,74,20.4,103.8,4.1,1.4,3.3,55.5,48.4,0.0,0.0,NA
101114,Deron Williams,Deron,Williams,TOTAL,61,25.5,103.5,4.0,1.7,3.2,59.0,44.6,0.0,0.0,NA
201229,Anthony Tolliver,Anthony,Tolliver,SAC,64,22.8,103.0,4.2,1.6,3.4,57.5,45.5,0.0,0.0,NA
201571,D.J. Augustin,D.J.,Augustin,ORL,77,19.8,102.8,4.0,1.3,3.2,57.6,45.2,0.0,0.0,NA
201959,Taj Gibson,Taj,Gibson,CHI,55,27.3,102.6,4.1,1.9,3.3,56.6,46.0,0.0,0.0,NA
203924,Jerami Grant,Jerami,Grant,OKC,76,19.1,102.4,4.2,1.3,3.4,53.9,48.6,0.0,0.0,NA
202683,Enes Kanter,Enes,Kanter,OKC,70,21.3,102.4,4.1,1.5,3.3,53.5,48.9,0.0,0.0,NA
203922,Glenn Robinson III,Glenn,Robinson III,IND,68,20.5,102.4,4.4,1.5,3.5,54.4,48.0,0.0,0.0,NA
201961,Wayne Ellington,Wayne,Ellington,MIA,60,24.0,102.2,4.3,1.7,3.4,56.9,45.3,0.0,0.0,NA
201588,George Hill,George,Hill,UTA,48,31.7,102.1,4.0,2.1,3.2,56.9,45.2,0.0,0.0,NA
101141,Ersan Ilyasova,Ersan,Ilyasova,PHI,53,27.3,101.5,4.2,1.9,3.4,56.0,45.5,0.0,0.0,NA
2210,Richard Jefferson,Richard,Jefferson,CLE,77,20.3,100.8,3.9,1.3,3.1,51.3,49.5,0.0,0.0,NA
101135,David Lee,David,Lee,SAS,77,18.9,100.5,4.2,1.3,3.3,53.6,46.9,0.0,0.0,NA
1626144,Emmanuel Mudiay,Emmanuel,Mudiay,DEN,54,25.5,100.2,4.4,1.9,3.5,56.7,43.5,0.0,0.0,NA
1626204,Larry Nance Jr.,Larry,Nance Jr.,LAL,61,22.6,100.2,4.4,1.6,3.5,54.5,45.7,0.0,0.0,NA
201585,Kosta Koufos,Kosta,Koufos,SAC,71,20.0,100.1,4.2,1.4,3.4,53.8,46.2,0.0,0.0,NA
204038,Langston Galloway,Langston,Galloway,TOTAL,72,19.8,99.8,4.2,1.4,3.4,51.4,48.4,0.0,0.0,NA
201145,Jeff Green,Jeff,Green,ORL,69,22.1,99.3,3.9,1.4,3.1,52.0,47.4,0.0,0.0,NA
202704,Reggie Jackson,Reggie,Jackson,DET,52,27.4,98.6,4.2,1.9,3.3,53.5,45.1,0.0,0.0,NA
1627759,Jaylen Brown,Jaylen,Brown,BOS,77,17.2,97.5,4.4,1.3,3.5,51.4,46.2,0.0,0.0,NA
1626169,Stanley Johnson,Stanley,Johnson,DET,76,17.8,97.4,4.3,1.3,3.5,51.2,46.2,0.0,0.0,NA
2440,Matt Barnes,Matt,Barnes,SAC,54,25.3,97.1,4.3,1.8,3.4,54.0,43.0,0.0,0.0,NA
203613,Jonathon Simmons,Jonathon,Simmons,SAS,76,18.0,96.6,4.2,1.3,3.4,53.4,43.2,0.0,0.0,NA
1626161,Willie Cauley-Stein,Willie,Cauley-Stein,SAC,73,18.7,96.0,4.2,1.3,3.4,50.8,45.2,0.0,0.0,NA
1891,Jason Terry,Jason,Terry,MIL,72,18.6,95.1,4.3,1.3,3.4,50.1,45.0,0.0,0.0,NA
1626181,Norman Powell,Norman,Powell,TOR,74,17.6,94.9,4.4,1.3,3.5,51.9,43.0,0.0,0.0,NA
1627739,Kris Dunn,Kris,Dunn,MIN,76,16.9,94.8,4.4,1.2,3.5,50.0,44.7,0.0,0.0,NA
1626195,Willy Hernangomez,Willy,Hernangomez,NYK,71,18.4,94.8,4.3,1.3,3.5,51.4,43.4,0.0,0.0,NA
2733,Shaun Livingston,Shaun,Livingston,GSW,75,17.7,94.7,4.3,1.3,3.4,51.7,43.0,0.0,0.0,NA
203994,Jusuf Nurkic,Jusuf,Nurkic,TOTAL,64,21.6,94.5,4.1,1.5,3.3,51.7,42.8,0.0,0.0,NA
1626150,Andrew Harrison,Andrew,Harrison,MEM,71,20.4,94.4,3.9,1.3,3.1,51.6,42.8,0.0,0.0,NA
101150,Lou Williams,Lou,Williams,LAL,58,24.2,94.4,4.0,1.6,3.2,52.3,42.1,0.0,0.0,NA
1626179,Terry Rozier,Terry,Rozier,BOS,73,17.3,94.0,4.5,1.3,3.6,51.0,42.9,0.0,0.0,NA
203079,Dion Waiters,Dion,Waiters,MIA,46,30.1,93.4,4.0,2.0,3.2,51.8,41.6,0.0,0.0,NA
201162,Jared Dudley,Jared,Dudley,PHX,64,21.2,92.2,4.1,1.4,3.3,51.6,40.6,0.0,0.0,NA
1627789,Timothe Luwawu-Cabarrot,Timothe,Luwawu-Cabarrot,PHI,68,17.2,91.9,4.7,1.4,3.8,50.5,41.4,0.0,0.0,NA
202702,Kenneth Faried,Kenneth,Faried,DEN,60,21.3,90.2,4.2,1.5,3.4,49.0,41.2,0.0,0.0,NA
203939,Dwight Powell,Dwight,Powell,DAL,74,17.1,90.2,4.3,1.2,3.4,49.6,40.6,0.0,0.0,NA
1627741,Buddy Hield,Buddy,Hield,NOP,57,20.4,89.8,4.6,1.6,3.7,48.0,41.8,0.0,0.0,NA
203943,Noah Vonleh,Noah,Vonleh,POR,73,16.8,89.8,4.4,1.2,3.5,49.6,40.3,0.0,0.0,NA
203473,Dewayne Dedmon,Dewayne,Dedmon,SAS,74,17.6,89.7,4.1,1.2,3.3,49.8,40.0,0.0,0.0,NA
203915,Spencer Dinwiddie,Spencer,Dinwiddie,BKN,57,22.5,89.1,4.2,1.6,3.3,47.7,41.4,0.0,0.0,NA
203488,Mike Muscala,Mike,Muscala,ATL,68,17.6,89.1,4.5,1.3,3.6,48.2,40.9,0.0,0.0,NA
201147,Corey Brewer,Corey,Brewer,TOTAL,80,15.5,88.2,4.3,1.1,3.4,44.5,43.7,0.0,0.0,NA
203957,Dante Exum,Dante,Exum,UTA,65,18.6,87.9,4.4,1.4,3.5,47.2,40.7,0.0,0.0,NA
201973,Jonas Jerebko,Jonas,Jerebko,BOS,77,16.0,87.8,4.3,1.1,3.4,48.4,39.4,0.0,0.0,NA
101112,Channing Frye,Channing,Frye,CLE,72,18.9,87.7,3.9,1.2,3.1,47.4,40.2,0.0,0.0,NA
202714,Shelvin Mack,Shelvin,Mack,UTA,54,21.8,86.9,4.4,1.6,3.5,48.4,38.5,0.0,0.0,NA
2585,Zaza Pachulia,Zaza,Pachulia,GSW,69,18.2,86.7,4.1,1.3,3.3,43.6,43.1,0.0,0.0,NA
200751,Randy Foye,Randy,Foye,BKN,67,18.8,86.5,4.1,1.3,3.3,45.4,41.1,0.0,0.0,NA
203925,Joe Harris,Joe,Harris,BKN,51,21.9,85.6,4.6,1.7,3.7,47.3,38.3,0.0,0.0,NA
2564,Boris Diaw,Boris,Diaw,UTA,72,17.6,85.4,4.0,1.2,3.2,48.2,37.3,0.0,0.0,NA
1627747,Caris LeVert,Caris,LeVert,BKN,55,21.7,85.3,4.3,1.6,3.4,45.1,40.2,0.0,0.0,NA
NA,Terrence Jones,Terrence,Jones,TOTAL,54,23.6,85.2,4.0,1.6,3.2,44.8,40.4,0.0,0.0,NA
1626147,Justin Anderson,Justin,Anderson,TOTAL,73,16.3,85.0,4.3,1.2,3.4,47.9,37.1,0.0,0.0,NA
1938,Manu Ginobili,Manu,Ginobili,SAS,67,18.7,84.9,4.1,1.3,3.3,46.3,38.6,0.0,0.0,NA
203120,Justin Hamilton,Justin,Hamilton,BKN,62,18.1,84.9,4.5,1.4,3.6,46.0,38.9,0.0,0.0,NA
NA,Terrence Jones,Terrence,Jones,NOP,51,24.8,84.8,4.0,1.7,3.2,44.5,40.2,0.0,0.0,NA
202357,Nemanja Bjelica,Nemanja,Bjelica,MIN,65,18.3,83.2,4.2,1.3,3.4,44.9,38.3,0.0,0.0,NA
203082,Terrence Ross,Terrence,Ross,TOR,53,22.3,83.2,4.2,1.6,3.4,44.7,38.6,0.0,0.0,NA
1627098,Malcolm Delaney,Malcolm,Delaney,ATL,71,17.1,83.0,4.1,1.2,3.3,44.5,38.5,0.0,0.0,NA
203463,Ben McLemore,Ben,McLemore,SAC,59,19.0,83.0,4.5,1.4,3.6,44.8,38.1,0.0,0.0,NA
203546,Ian Clark,Ian,Clark,GSW,76,14.7,82.8,4.4,1.1,3.6,45.4,37.4,0.0,0.0,NA
2403,Nene, ,Nene,HOU,66,17.9,82.5,4.2,1.2,3.3,42.4,40.1,0.0,0.0,NA
203584,Troy Daniels,Troy,Daniels,MEM,66,17.6,82.4,4.3,1.2,3.4,46.7,35.8,0.0,0.0,NA
1627812,Yogi Ferrell,Yogi,Ferrell,TOTAL,44,25.8,82.3,4.4,1.9,3.5,45.3,37.1,0.0,0.0,NA
203124,Kyle O'Quinn,Kyle,O'Quinn,NYK,78,15.6,81.8,4.0,1.0,3.2,44.4,37.4,0.0,0.0,NA
202688,Brandon Knight,Brandon,Knight,PHX,53,21.2,81.7,4.4,1.5,3.5,43.6,38.1,0.0,0.0,NA
203926,Doug McDermott,Doug,McDermott,CHI,44,24.6,81.1,4.5,1.8,3.6,44.8,36.3,0.0,0.0,NA
1717,Dirk Nowitzki,Dirk,Nowitzki,DAL,52,26.3,80.9,3.5,1.6,2.8,44.0,36.8,0.0,0.0,NA
201578,Marreese Speights,Marreese,Speights,LAC,81,15.7,80.9,3.8,1.0,3.1,43.2,37.6,0.0,0.0,NA
1626158,Richaun Holmes,Richaun,Holmes,PHI,56,20.7,80.8,4.2,1.4,3.3,43.2,37.6,0.0,0.0,NA
202389,Timofey Mozgov,Timofey,Mozgov,LAL,54,20.4,80.6,4.4,1.5,3.5,44.1,36.5,0.0,0.0,NA
202337,Luke Babbitt,Luke,Babbitt,MIA,68,15.7,79.6,4.5,1.2,3.6,45.4,34.2,0.0,0.0,NA
1626168,Trey Lyles,Trey,Lyles,UTA,70,16.4,79.6,4.2,1.1,3.3,43.6,36.0,0.0,0.0,NA
202324,Derrick Favors,Derrick,Favors,UTA,49,23.8,79.4,4.1,1.6,3.3,43.7,35.7,0.0,0.0,NA
203087,Jeremy Lamb,Jeremy,Lamb,CHA,60,18.2,79.4,4.4,1.3,3.5,43.1,36.3,0.0,0.0,NA
2199,Tyson Chandler,Tyson,Chandler,PHX,45,27.3,79.3,3.9,1.8,3.1,42.0,37.3,0.0,0.0,NA
1626143,Jahlil Okafor,Jahlil,Okafor,PHI,50,22.7,78.1,4.1,1.6,3.3,42.5,35.6,0.0,0.0,NA
204038,Langston Galloway,Langston,Galloway,NOP,55,20.4,77.8,4.2,1.4,3.3,40.2,37.7,0.0,0.0,NA
203382,Aron Baynes,Aron,Baynes,DET,75,15.5,77.4,4.0,1.0,3.2,39.7,37.7,0.0,0.0,NA
1627755,Tyler Ulis,Tyler,Ulis,PHX,58,18.3,77.1,4.4,1.3,3.5,40.2,36.9,0.0,0.0,NA
201160,Jason Smith,Jason,Smith,WAS,73,14.6,76.7,4.3,1.1,3.5,41.5,35.2,0.0,0.0,NA
203141,Mirza Teletovic,Mirza,Teletovic,MIL,68,16.0,76.0,4.2,1.1,3.3,41.1,35.0,0.0,0.0,NA
101114,Deron Williams,Deron,Williams,DAL,39,29.2,76.0,4.0,1.9,3.2,43.7,32.2,0.0,0.0,NA
204028,Tarik Black,Tarik,Black,LAL,65,16.2,75.9,4.3,1.2,3.5,41.3,34.6,0.0,0.0,NA
203086,Meyers Leonard,Meyers,Leonard,POR,73,16.3,75.2,3.8,1.0,3.0,41.2,34.0,0.0,0.0,NA
1627775,Patrick McCaw,Patrick,McCaw,GSW,70,15.0,74.6,4.3,1.1,3.4,39.2,35.4,0.0,0.0,NA
203089,John Henson,John,Henson,MIL,56,19.5,73.9,4.1,1.3,3.2,37.9,36.0,0.0,0.0,NA
1627851,Mindaugas Kuzminskas,Mindaugas,Kuzminskas,NYK,67,14.9,73.9,4.4,1.1,3.5,40.5,33.4,0.0,0.0,NA
2747,JR Smith,JR,Smith,CLE,39,28.8,73.7,3.9,1.9,3.2,38.7,35.0,0.0,0.0,NA
203518,Alex Abrines,Alex,Abrines,OKC,66,15.4,73.3,4.3,1.1,3.5,39.2,34.1,0.0,0.0,NA
201149,Joakim Noah,Joakim,Noah,NYK,46,22.1,73.2,4.3,1.6,3.5,39.9,33.3,0.0,0.0,NA
1626149,Montrezl Harrell,Montrezl,Harrell,HOU,58,18.4,72.7,4.1,1.3,3.3,38.4,34.3,0.0,0.0,NA
201228,C.J. Watson,C.J.,Watson,ORL,62,16.3,72.4,4.3,1.2,3.4,39.3,33.1,0.0,0.0,NA
1626245,Cristiano Felicio,Cristiano,Felicio,CHI,65,15.7,72.1,4.2,1.1,3.4,38.1,34.1,0.0,0.0,NA
203512,Lucas Nogueira,Lucas,Nogueira,TOR,55,19.1,71.9,4.1,1.3,3.3,38.3,33.6,0.0,0.0,NA
1626171,Bobby Portis,Bobby,Portis,CHI,63,15.5,71.2,4.4,1.1,3.5,38.4,32.8,0.0,0.0,NA
203937,Kyle Anderson,Kyle,Anderson,SAS,70,14.2,71.0,4.3,1.0,3.4,39.6,31.4,0.0,0.0,NA
201575,Brandon Rush,Brandon,Rush,MIN,45,21.9,71.0,4.3,1.6,3.5,37.0,34.0,0.0,0.0,NA
1627812,Yogi Ferrell,Yogi,Ferrell,DAL,34,28.9,70.8,4.3,2.1,3.5,39.1,31.6,0.0,0.0,NA
202498,Lance Thomas,Lance,Thomas,NYK,46,21.1,70.7,4.4,1.5,3.5,38.1,32.6,0.0,0.0,NA
1626170,Jerian Grant,Jerian,Grant,CHI,62,16.2,70.3,4.2,1.1,3.4,36.8,33.5,0.0,0.0,NA
1627756,Denzel Valentine,Denzel,Valentine,CHI,56,17.3,70.1,4.3,1.3,3.5,37.9,32.2,0.0,0.0,NA
200752,Rudy Gay,Rudy,Gay,SAC,30,33.7,70.0,4.2,2.3,3.3,37.9,32.1,0.0,0.0,NA
2734,Devin Harris,Devin,Harris,DAL,62,16.6,70.0,4.1,1.1,3.3,39.7,30.3,0.0,0.0,NA
203457,Nerlens Noel,Nerlens,Noel,TOTAL,49,20.6,68.4,4.1,1.4,3.3,36.5,31.9,0.0,0.0,NA
203186,Willie Reed,Willie,Reed,MIA,69,14.6,68.0,4.0,1.0,3.2,35.4,32.6,0.0,0.0,NA
203530,Joffrey Lauvergne,Joffrey,Lauvergne,TOTAL,69,14.1,67.3,4.1,1.0,3.3,36.2,31.1,0.0,0.0,NA
2571,Leandro Barbosa,Leandro,Barbosa,PHX,65,14.3,67.0,4.3,1.0,3.5,36.5,30.5,0.0,0.0,NA
1626209,Mario Hezonja,Mario,Hezonja,ORL,64,14.7,66.6,4.3,1.0,3.4,35.2,31.4,0.0,0.0,NA
201147,Corey Brewer,Corey,Brewer,HOU,58,15.9,65.5,4.3,1.1,3.4,32.6,32.9,0.0,0.0,NA
203902,Semaj Christon,Semaj,Christon,OKC,62,14.9,64.8,4.2,1.0,3.4,34.6,30.2,0.0,0.0,NA
1627752,Taurean Prince,Taurean,Prince,ATL,57,16.4,64.0,4.1,1.1,3.3,33.6,30.4,0.0,0.0,NA
2594,Kyle Korver,Kyle,Korver,ATL,32,27.9,63.8,4.3,2.0,3.4,34.5,29.3,0.0,0.0,NA
201563,Michael Beasley,Michael,Beasley,MIL,54,16.4,62.7,4.3,1.2,3.4,32.5,30.2,0.0,0.0,NA
202391,Jeremy Lin,Jeremy,Lin,BKN,35,24.5,62.6,4.4,1.8,3.5,34.4,28.2,0.0,0.0,NA
1627758,Ron Baker,Ron,Baker,NYK,51,16.3,61.8,4.5,1.2,3.6,33.3,28.6,0.0,0.0,NA
202730,Lavoy Allen,Lavoy,Allen,IND,60,14.5,61.1,4.2,1.0,3.4,33.1,28.0,0.0,0.0,NA
203487,Michael Carter-Williams,Michael,Carter-Williams,CHI,44,19.1,61.0,4.4,1.4,3.5,33.5,27.5,0.0,0.0,NA
1626257,Salah Mejri,Salah,Mejri,DAL,70,12.4,60.2,4.2,0.9,3.3,32.6,27.5,0.0,0.0,NA
1627783,Pascal Siakam,Pascal,Siakam,TOR,53,15.1,60.1,4.5,1.1,3.6,32.5,27.6,0.0,0.0,NA
202722,Davis Bertans,Davis,Bertans,SAS,65,12.2,60.0,4.5,0.9,3.6,34.7,25.3,0.0,0.0,NA
2744,Al Jefferson,Al,Jefferson,IND,65,14.1,59.4,3.9,0.9,3.1,31.7,27.7,0.0,0.0,NA
1627835,Paul Zipser,Paul,Zipser,CHI,43,19.0,59.4,4.4,1.4,3.5,33.0,26.4,0.0,0.0,NA
2399,Mike Dunleavy,Mike,Dunleavy,TOTAL,51,15.8,58.6,4.4,1.1,3.5,32.6,26.0,0.0,0.0,NA
201166,Aaron Brooks,Aaron,Brooks,IND,63,13.5,58.2,4.1,0.9,3.3,31.9,26.4,0.0,0.0,NA
203114,Khris Middleton,Khris,Middleton,MIL,28,30.5,56.6,4.0,2.0,3.2,29.6,27.0,0.0,0.0,NA
2594,Kyle Korver,Kyle,Korver,CLE,33,24.8,56.3,4.1,1.7,3.3,29.7,26.6,0.0,0.0,NA
1627823,Juan Hernangomez,Juan,Hernangomez,DEN,59,13.0,56.2,4.4,1.0,3.5,30.1,26.2,0.0,0.0,NA
201196,Ramon Sessions,Ramon,Sessions,CHA,50,16.2,55.8,4.1,1.1,3.3,30.6,25.2,0.0,0.0,NA
202334,Ed Davis,Ed,Davis,POR,46,17.2,55.5,4.2,1.2,3.4,30.0,25.5,0.0,0.0,NA
NA,DeAndre Liggins,DeAndre,Liggins,CLE,61,12.3,55.5,4.4,0.9,3.5,27.6,27.9,0.0,0.0,NA
202325,Wesley Johnson,Wesley,Johnson,LAC,67,12.0,55.4,4.1,0.8,3.3,29.6,25.8,0.0,0.0,NA
203994,Jusuf Nurkic,Jusuf,Nurkic,DEN,44,18.1,55.3,4.2,1.3,3.3,29.8,25.5,0.0,0.0,NA
202682,Derrick Williams,Derrick,Williams,TOTAL,48,16.0,54.2,4.2,1.1,3.4,29.9,24.3,0.0,0.0,NA
NA,Hollis Thompson,Hollis,Thompson,TOTAL,40,18.8,53.9,4.3,1.3,3.4,29.0,25.0,0.0,0.0,NA
203954,Joel Embiid,Joel,Embiid,PHI,31,25.3,53.6,4.1,1.7,3.3,28.7,24.9,0.0,0.0,NA
201150,Spencer Hawes,Spencer,Hawes,TOTAL,53,14.7,53.4,4.1,1.0,3.3,29.4,24.0,0.0,0.0,NA
203082,Terrence Ross,Terrence,Ross,ORL,23,31.6,52.9,4.4,2.3,3.5,28.7,24.3,0.0,0.0,NA
1626145,Tyus Jones,Tyus,Jones,MIN,58,12.6,52.3,4.3,0.9,3.4,28.4,24.0,0.0,0.0,NA
2561,David West,David,West,GSW,67,12.5,52.1,3.7,0.8,3.0,26.7,25.4,0.0,0.0,NA
201975,Jodie Meeks,Jodie,Meeks,ORL,35,20.6,51.8,4.3,1.5,3.5,27.9,24.0,0.0,0.0,NA
201936,Tyreke Evans,Tyreke,Evans,TOTAL,40,19.7,51.2,3.9,1.3,3.1,28.4,22.8,0.0,0.0,NA
203530,Joffrey Lauvergne,Joffrey,Lauvergne,OKC,50,14.8,51.0,4.1,1.0,3.3,27.2,23.8,0.0,0.0,NA
203107,Tomas Satoransky,Tomas,Satoransky,WAS,56,12.2,51.0,4.5,0.9,3.6,27.2,23.9,0.0,0.0,NA
201580,JaVale McGee,JaVale,McGee,GSW,76,9.5,50.8,4.2,0.7,3.4,26.3,24.5,0.0,0.0,NA
1626147,Justin Anderson,Justin,Anderson,DAL,50,14.2,50.0,4.2,1.0,3.4,28.4,21.7,0.0,0.0,NA
1627741,Buddy Hield,Buddy,Hield,SAC,23,28.6,50.0,4.6,2.2,3.6,27.3,22.6,0.0,0.0,NA
200826,J.J. Barea,J.J.,Barea,DAL,33,22.0,49.1,4.1,1.5,3.3,28.2,20.9,0.0,0.0,NA
203504,Trey Burke,Trey,Burke,WAS,56,12.0,49.0,4.4,0.9,3.5,26.3,22.7,0.0,0.0,NA
201586,Serge Ibaka,Serge,Ibaka,TOR,23,30.9,47.3,4.0,2.1,3.2,25.8,21.5,0.0,0.0,NA
201627,Anthony Morrow,Anthony,Morrow,TOTAL,48,14.8,46.7,3.9,1.0,3.2,24.2,22.4,0.0,0.0,NA
1626210,Alan Williams,Alan,Williams,PHX,46,14.7,46.6,4.1,1.0,3.3,24.6,22.0,0.0,0.0,NA
202718,Chandler Parsons,Chandler,Parsons,MEM,34,19.8,46.3,4.1,1.4,3.3,26.2,20.1,0.0,0.0,NA
201579,Roy Hibbert,Roy,Hibbert,TOTAL,48,14.2,46.2,4.1,1.0,3.3,24.9,21.4,0.0,0.0,NA
2743,Kris Humphries,Kris,Humphries,ATL,54,12.1,46.0,4.2,0.9,3.4,25.1,20.9,0.0,0.0,NA
201579,Roy Hibbert,Roy,Hibbert,CHA,42,16.0,45.6,4.1,1.1,3.3,24.4,21.2,0.0,0.0,NA
NA,Rodney Stuckey,Rodney,Stuckey,IND,39,17.8,45.6,3.9,1.2,3.2,25.0,20.6,0.0,0.0,NA
202692,Alec Burks,Alec,Burks,UTA,41,15.8,44.9,4.2,1.1,3.3,23.9,21.0,0.0,0.0,NA
1627751,Jakob Poeltl,Jakob,Poeltl,TOR,52,11.5,44.2,4.4,0.9,3.5,23.6,20.6,0.0,0.0,NA
1626159,Justise Winslow,Justise,Winslow,MIA,18,34.7,43.3,4.2,2.4,3.3,23.5,19.8,0.0,0.0,NA
201150,Spencer Hawes,Spencer,Hawes,CHA,35,17.9,43.0,4.1,1.2,3.3,23.8,19.2,0.0,0.0,NA
201956,Omri Casspi,Omri,Casspi,TOTAL,34,17.9,42.9,4.2,1.3,3.4,23.7,19.2,0.0,0.0,NA
1627826,Ivica Zubac,Ivica,Zubac,LAL,38,16.0,42.6,4.2,1.1,3.4,23.4,19.1,0.0,0.0,NA
203477,Isaiah Canaan,Isaiah,Canaan,CHI,39,15.2,41.9,4.2,1.1,3.4,21.1,20.8,0.0,0.0,NA
101141,Ersan Ilyasova,Ersan,Ilyasova,ATL,24,25.0,41.3,4.1,1.7,3.3,22.5,18.8,0.0,0.0,NA
201627,Anthony Morrow,Anthony,Morrow,OKC,40,15.7,41.2,3.9,1.0,3.2,21.5,19.7,0.0,0.0,NA
1626185,Jarell Martin,Jarell,Martin,MEM,41,13.5,41.2,4.5,1.0,3.6,22.4,18.8,0.0,0.0,NA
2757,Beno Udrih,Beno,Udrih,DET,39,14.4,41.0,4.4,1.1,3.5,24.1,16.9,0.0,0.0,NA
200782,PJ Tucker,PJ,Tucker,TOR,23,26.3,40.8,4.1,1.8,3.2,21.4,19.5,0.0,0.0,NA
202711,Bojan Bogdanovic,Bojan,Bogdanovic,WAS,25,22.9,40.6,4.3,1.6,3.4,21.3,19.3,0.0,0.0,NA
1627748,Thon Maker,Thon,Maker,MIL,55,9.5,40.2,4.6,0.7,3.7,20.6,19.5,0.0,0.0,NA
NA,Hollis Thompson,Hollis,Thompson,PHI,31,18.1,40.0,4.3,1.3,3.4,21.6,18.5,0.0,0.0,NA
101138,Brandon Bass,Brandon,Bass,LAC,51,11.2,39.9,4.2,0.8,3.4,21.8,18.1,0.0,0.0,NA
1627786,Troy Williams,Troy,Williams,TOTAL,29,19.1,39.8,4.3,1.4,3.5,21.6,18.3,0.0,0.0,NA
203898,Tyler Ennis,Tyler,Ennis,TOTAL,51,10.2,39.4,4.5,0.8,3.6,21.3,18.1,0.0,0.0,NA
203994,Jusuf Nurkic,Jusuf,Nurkic,POR,20,29.2,39.2,4.0,2.0,3.2,21.8,17.3,0.0,0.0,NA
1627746,Skal Labissiere,Skal,Labissiere,SAC,31,17.8,39.0,4.2,1.3,3.4,20.8,18.2,0.0,0.0,NA
NA,Marcus Thornton,Marcus,Thornton,WAS,33,17.4,39.0,4.1,1.2,3.3,20.7,18.2,0.0,0.0,NA
203486,Mason Plumlee,Mason,Plumlee,DEN,25,22.2,38.9,4.2,1.6,3.4,21.4,17.5,0.0,0.0,NA
203112,Quincy Acy,Quincy,Acy,TOTAL,38,14.7,38.6,4.1,1.0,3.3,20.9,17.7,0.0,0.0,NA
201589,Darrell Arthur,Darrell,Arthur,DEN,39,14.9,38.5,4.0,1.0,3.2,20.9,17.7,0.0,0.0,NA
203457,Nerlens Noel,Nerlens,Noel,PHI,29,19.5,38.4,4.1,1.3,3.3,20.0,18.3,0.0,0.0,NA
1627884,"Derrick Jones, Jr.",Derrick,"Jones, Jr.",PHX,31,16.3,38.2,4.5,1.2,3.6,19.5,18.6,0.0,0.0,NA
203080,Thomas Robinson,Thomas,Robinson,LAL,46,11.5,38.2,4.3,0.8,3.5,20.5,17.6,0.0,0.0,NA
1627733,Dragan Bender,Dragan,Bender,PHX,40,13.1,37.8,4.3,0.9,3.5,20.3,17.4,0.0,0.0,NA
101150,Lou Williams,Lou,Williams,HOU,22,25.7,37.6,4.0,1.7,3.2,19.4,18.2,0.0,0.0,NA
101123,Gerald Green,Gerald,Green,BOS,46,11.2,37.3,4.3,0.8,3.5,19.9,17.5,0.0,0.0,NA
101133,Ian Mahinmi,Ian,Mahinmi,WAS,31,17.6,37.1,4.1,1.2,3.3,19.2,17.9,0.0,0.0,NA
201582,Alexis Ajinca,Alexis,Ajinca,NOP,37,14.4,37.0,4.2,1.0,3.3,19.9,17.1,0.0,0.0,NA
NA,Andrew Bogut,Andrew,Bogut,TOTAL,27,21.6,36.8,3.8,1.4,3.0,20.4,16.4,0.0,0.0,NA
NA,Andrew Bogut,Andrew,Bogut,DAL,26,22.4,36.8,3.8,1.4,3.0,20.4,16.4,0.0,0.0,NA
202338,Kevin Seraphin,Kevin,Seraphin,IND,47,11.2,36.6,4.2,0.8,3.3,19.3,17.3,0.0,0.0,NA
203092,Tyler Zeller,Tyler,Zeller,BOS,50,10.3,36.0,4.2,0.7,3.4,19.2,16.8,0.0,0.0,NA
202332,Cole Aldrich,Cole,Aldrich,MIN,61,8.5,35.7,4.1,0.6,3.3,19.1,16.6,0.0,0.0,NA
101181,Jose Calderon,Jose,Calderon,TOTAL,39,12.6,35.5,4.3,0.9,3.5,19.6,15.9,0.0,0.0,NA
203112,Quincy Acy,Quincy,Acy,BKN,32,16.0,35.3,4.2,1.1,3.3,19.1,16.3,0.0,0.0,NA
1626147,Justin Anderson,Justin,Anderson,PHI,23,21.0,35.0,4.3,1.5,3.5,19.6,15.4,0.0,0.0,NA
1627852,Nicolas Brussino,Nicolas,Brussino,DAL,52,8.8,34.2,4.5,0.7,3.6,19.5,14.6,0.0,0.0,NA
202326,DeMarcus Cousins,DeMarcus,Cousins,NOP,17,33.7,33.9,3.5,2.0,2.8,17.4,16.4,0.0,0.0,NA
203894,Shabazz Napier,Shabazz,Napier,POR,52,9.4,33.3,4.1,0.6,3.3,18.9,14.4,0.0,0.0,NA
201600,Omer Asik,Omer,Asik,NOP,31,15.6,33.0,4.1,1.1,3.3,17.7,15.3,0.0,0.0,NA
1626166,Cameron Payne,Cameron,Payne,TOTAL,31,14.9,32.9,4.3,1.1,3.4,18.0,15.0,0.0,0.0,NA
203909,KJ McDaniels,KJ,McDaniels,TOTAL,48,10.0,32.8,4.1,0.7,3.3,16.8,16.1,0.0,0.0,NA
1627855,Okaro White,Okaro,White,MIA,33,13.5,32.5,4.4,1.0,3.5,18.0,14.5,0.0,0.0,NA
2399,Mike Dunleavy,Mike,Dunleavy,ATL,28,15.7,32.4,4.4,1.2,3.5,18.1,14.2,0.0,0.0,NA
NA,Luis Scola,Luis,Scola,BKN,35,12.7,32.3,4.4,0.9,3.5,17.6,14.7,0.0,0.0,NA
1626172,Kevon Looney,Kevon,Looney,GSW,53,8.5,32.0,4.3,0.6,3.4,17.2,14.8,0.0,0.0,NA
203493,Reggie Bullock,Reggie,Bullock,DET,30,14.6,31.8,4.4,1.1,3.5,17.1,14.7,0.0,0.0,NA
203949,James Michael McAdoo,James Michael,McAdoo,GSW,51,8.4,31.8,4.4,0.6,3.5,16.8,15.0,0.0,0.0,NA
1626153,Delon Wright,Delon,Wright,TOR,26,16.1,31.6,4.5,1.2,3.6,17.3,14.4,0.0,0.0,NA
201959,Taj Gibson,Taj,Gibson,OKC,22,20.9,31.5,4.1,1.4,3.3,16.5,15.0,0.0,0.0,NA
203926,Doug McDermott,Doug,McDermott,OKC,22,19.3,31.3,4.4,1.4,3.5,16.8,14.5,0.0,0.0,NA
203101,Miles Plumlee,Miles,Plumlee,TOTAL,43,10.2,31.2,4.3,0.7,3.4,15.8,15.4,0.0,0.0,NA
202700,Donatas Motiejunas,Donatas,Motiejunas,NOP,32,13.7,31.1,4.3,1.0,3.4,16.5,14.6,0.0,0.0,NA
201936,Tyreke Evans,Tyreke,Evans,NOP,26,18.2,30.8,3.9,1.2,3.1,17.2,13.7,0.0,0.0,NA
203481,Jeff Withey,Jeff,Withey,UTA,50,8.6,30.6,4.3,0.6,3.4,17.5,13.1,0.0,0.0,NA
203457,Nerlens Noel,Nerlens,Noel,DAL,20,22.1,30.1,4.1,1.5,3.3,16.5,13.6,0.0,0.0,NA
1626173,Rashad Vaughn,Rashad,Vaughn,MIL,39,10.7,30.1,4.3,0.8,3.5,15.6,14.5,0.0,0.0,NA
1627786,Troy Williams,Troy,Williams,MEM,24,17.4,30.0,4.3,1.2,3.4,16.4,13.6,0.0,0.0,NA
2440,Matt Barnes,Matt,Barnes,GSW,20,20.5,29.8,4.4,1.5,3.5,16.3,13.5,0.0,0.0,NA
1627735,Wade Baldwin IV,Wade,Baldwin IV,MEM,32,12.1,29.5,4.6,0.9,3.7,16.5,13.0,0.0,0.0,NA
NA,Toney Douglas,Toney,Douglas,MEM,24,16.4,29.5,4.5,1.2,3.6,16.3,13.2,0.0,0.0,NA
201956,Omri Casspi,Omri,Casspi,SAC,22,18.0,28.4,4.3,1.3,3.4,15.7,12.7,0.0,0.0,NA
1627770,Kay Felder,Kay,Felder,CLE,41,9.3,28.4,4.5,0.7,3.6,14.8,13.6,0.0,0.0,NA
2756,Sasha Vujacic,Sasha,Vujacic,NYK,41,9.5,28.1,4.3,0.7,3.5,15.3,12.8,0.0,0.0,NA
201148,Brandan Wright,Brandan,Wright,MEM,27,15.9,28.0,3.9,1.0,3.1,15.1,12.9,0.0,0.0,NA
101114,Deron Williams,Deron,Williams,CLE,22,18.9,27.6,4.0,1.3,3.2,15.2,12.3,0.0,0.0,NA
202682,Derrick Williams,Derrick,Williams,MIA,25,15.1,27.6,4.4,1.1,3.5,15.7,11.8,0.0,0.0,NA
202682,Derrick Williams,Derrick,Williams,CLE,23,17.0,26.6,4.1,1.2,3.3,14.2,12.4,0.0,0.0,NA
203148,Brian Roberts,Brian,Roberts,CHA,39,9.3,26.5,4.4,0.7,3.5,14.8,11.6,0.0,0.0,NA
202348,Jordan Crawford,Jordan,Crawford,NOP,17,23.5,26.2,3.9,1.5,3.1,13.8,12.4,0.0,0.0,NA
2399,Mike Dunleavy,Mike,Dunleavy,CLE,23,15.9,26.2,4.3,1.1,3.4,14.4,11.8,0.0,0.0,NA
1626199,Darrun Hilliard,Darrun,Hilliard,DET,38,9.7,26.1,4.3,0.7,3.4,14.5,11.6,0.0,0.0,NA
203526,Raul Neto,Raul,Neto,UTA,40,8.7,25.9,4.5,0.6,3.6,13.8,12.1,0.0,0.0,NA
1628021,David Nwaba,David,Nwaba,LAL,18,19.1,25.7,4.5,1.4,3.6,13.0,12.8,0.0,0.0,NA
201177,Josh McRoberts,Josh,McRoberts,MIA,22,17.0,25.5,4.1,1.2,3.3,14.8,10.7,0.0,0.0,NA
NA,Jordan McRae,Jordan,McRae,CLE,37,10.4,25.3,4.0,0.7,3.2,13.6,11.7,0.0,0.0,NA
201943,Brandon Jennings,Brandon,Jennings,WAS,22,15.3,24.6,4.4,1.1,3.5,12.8,11.7,0.0,0.0,NA
203898,Tyler Ennis,Tyler,Ennis,LAL,20,16.3,24.3,4.5,1.2,3.6,13.1,11.1,0.0,0.0,NA
1627749,Dejounte Murray,Dejounte,Murray,SAS,37,8.6,24.1,4.6,0.7,3.7,13.2,10.9,0.0,0.0,NA
1627761,DeAndre' Bembry,DeAndre',Bembry,ATL,37,9.2,24.0,4.2,0.6,3.4,12.6,11.4,0.0,0.0,NA
202713,Kyle Singler,Kyle,Singler,OKC,30,11.1,23.8,4.3,0.8,3.4,12.4,11.4,0.0,0.0,NA
2592,James Jones,James,Jones,CLE,47,7.3,23.7,4.1,0.5,3.3,12.8,10.9,0.0,0.0,NA
1626166,Cameron Payne,Cameron,Payne,OKC,20,16.0,23.0,4.3,1.1,3.4,12.4,10.5,0.0,0.0,NA
1626254,Maurice Ndour,Maurice,Ndour,NYK,31,9.9,22.8,4.5,0.7,3.6,11.7,11.1,0.0,0.0,NA
201147,Corey Brewer,Corey,Brewer,LAL,22,14.4,22.7,4.3,1.0,3.4,11.9,10.9,0.0,0.0,NA
202362,Lance Stephenson,Lance,Stephenson,TOTAL,17,19.9,22.1,3.9,1.3,3.1,12.0,10.1,0.0,0.0,NA
204038,Langston Galloway,Langston,Galloway,SAC,17,18.0,21.9,4.3,1.3,3.4,11.2,10.7,0.0,0.0,NA
203101,Miles Plumlee,Miles,Plumlee,MIL,32,9.7,21.9,4.2,0.7,3.4,11.0,10.9,0.0,0.0,NA
204014,Damjan Rudez,Damjan,Rudez,ORL,45,7.0,21.8,4.2,0.5,3.3,12.2,9.6,0.0,0.0,NA
203094,Andrew Nicholson,Andrew,Nicholson,TOTAL,37,8.6,21.3,4.0,0.6,3.2,11.5,9.8,0.0,0.0,NA
1626184,Chasson Randle,Chasson,Randle,TOTAL,25,11.0,21.2,4.6,0.8,3.7,11.5,9.7,0.0,0.0,NA
101181,Jose Calderon,Jose,Calderon,LAL,24,12.1,21.0,4.3,0.9,3.5,11.8,9.3,0.0,0.0,NA
101187,Alan Anderson,Alan,Anderson,LAC,30,10.3,20.9,4.1,0.7,3.2,10.6,10.3,0.0,0.0,NA
1627834,Georgios Papagiannis,Georgios,Papagiannis,SAC,20,15.1,20.8,4.1,1.0,3.3,11.2,9.6,0.0,0.0,NA
1627832,Fred VanVleet,Fred,VanVleet,TOR,35,7.8,20.7,4.6,0.6,3.7,10.8,10.0,0.0,0.0,NA
201936,Tyreke Evans,Tyreke,Evans,SAC,14,22.5,20.4,3.9,1.5,3.1,11.3,9.1,0.0,0.0,NA
1626192,Pat Connaughton,Pat,Connaughton,POR,38,7.3,19.9,4.3,0.5,3.4,11.4,8.5,0.0,0.0,NA
1627854,Bryn Forbes,Bryn,Forbes,SAS,35,8.0,19.9,4.3,0.6,3.4,11.2,8.7,0.0,0.0,NA
1627815,Sheldon McClellan,Sheldon,McClellan,WAS,29,8.7,18.6,4.4,0.6,3.5,10.0,8.6,0.0,0.0,NA
203909,KJ McDaniels,KJ,McDaniels,BKN,19,14.1,18.3,4.1,1.0,3.3,9.4,8.9,0.0,0.0,NA
NA,Marcelo Huertas,Marcelo,Huertas,LAL,23,10.3,17.7,4.5,0.8,3.6,9.6,8.1,0.0,0.0,NA
1626246,Boban Marjanovic,Boban,Marjanovic,DET,34,8.0,17.7,3.9,0.5,3.1,9.3,8.5,0.0,0.0,NA
NA,Anthony Bennett,Anthony,Bennett,BKN,22,11.1,17.4,4.3,0.8,3.4,9.4,7.9,0.0,0.0,NA
NA,Jonathan Gibson,Jonathan,Gibson,DAL,17,13.6,16.8,4.3,1.0,3.5,9.6,7.2,0.0,0.0,NA
1718,Paul Pierce,Paul,Pierce,LAC,24,11.5,16.8,3.7,0.7,2.9,9.0,7.8,0.0,0.0,NA
203530,Joffrey Lauvergne,Joffrey,Lauvergne,CHI,19,12.4,16.3,4.2,0.9,3.3,9.0,7.3,0.0,0.0,NA
1627738,Deyonta Davis,Deyonta,Davis,MEM,35,6.6,15.7,4.1,0.4,3.3,8.3,7.4,0.0,0.0,NA
203923,James Young,James,Young,BOS,28,7.8,15.6,4.3,0.6,3.4,8.3,7.3,0.0,0.0,NA
203094,Andrew Nicholson,Andrew,Nicholson,WAS,28,8.3,15.5,4.0,0.6,3.2,8.4,7.2,0.0,0.0,NA
1626184,Chasson Randle,Chasson,Randle,NYK,17,11.8,15.5,4.7,0.9,3.7,8.5,7.0,0.0,0.0,NA
1627774,Jake Layman,Jake,Layman,POR,34,6.2,15.4,4.4,0.5,3.5,8.9,6.5,0.0,0.0,NA
203898,Tyler Ennis,Tyler,Ennis,HOU,31,6.3,15.1,4.6,0.5,3.7,8.2,6.9,0.0,0.0,NA
1627848,Shawn Long,Shawn,Long,PHI,17,12.8,15.0,4.2,0.9,3.3,8.0,7.0,0.0,0.0,NA
1626176,Rakeem Christmas,Rakeem,Christmas,IND,29,7.6,14.6,4.0,0.5,3.2,7.6,7.0,0.0,0.0,NA
203909,KJ McDaniels,KJ,McDaniels,HOU,29,7.3,14.5,4.1,0.5,3.3,7.3,7.2,0.0,0.0,NA
101181,Jose Calderon,Jose,Calderon,ATL,15,13.4,14.4,4.3,1.0,3.5,7.8,6.6,0.0,0.0,NA
1627782,Wayne Selden,Wayne,Selden,TOTAL,13,15.8,14.4,4.2,1.1,3.4,8.1,6.3,0.0,0.0,NA
NA,Mike Scott,Mike,Scott,ATL,18,10.9,14.1,4.3,0.8,3.5,7.4,6.6,0.0,0.0,NA
NA,Hollis Thompson,Hollis,Thompson,NOP,9,21.2,13.9,4.4,1.5,3.5,7.4,6.5,0.0,0.0,NA
203462,Archie Goodwin,Archie,Goodwin,TOTAL,14,13.2,13.8,4.5,1.0,3.6,7.0,6.8,0.0,0.0,NA
1627781,Malachi Richardson,Malachi,Richardson,SAC,22,9.0,13.7,4.1,0.6,3.3,7.8,5.9,0.0,0.0,NA
NA,Nicolas Laprovittola,Nicolas,Laprovittola,SAS,18,9.7,13.0,4.5,0.7,3.6,7.3,5.8,0.0,0.0,NA
201956,Omri Casspi,Omri,Casspi,MIN,11,16.9,12.8,4.1,1.2,3.3,7.0,5.7,0.0,0.0,NA
1627362,Briante Weber,Briante,Weber,TOTAL,18,8.9,12.3,4.6,0.7,3.7,6.6,5.7,0.0,0.0,NA
203462,Archie Goodwin,Archie,Goodwin,BKN,11,14.2,11.7,4.5,1.1,3.6,5.9,5.8,0.0,0.0,NA
1627812,Yogi Ferrell,Yogi,Ferrell,BKN,10,15.2,11.6,4.6,1.2,3.7,6.2,5.4,0.0,0.0,NA
NA,Anthony Brown,Anthony,Brown,TOTAL,11,14.5,11.4,4.3,1.0,3.4,5.9,5.6,0.0,0.0,NA
202362,Lance Stephenson,Lance,Stephenson,NOP,6,27.1,11.0,4.0,1.8,3.2,6.0,5.0,0.0,0.0,NA
1626203,Treveon Graham,Treveon,Graham,CHA,25,5.9,10.9,4.4,0.4,3.6,5.8,5.0,0.0,0.0,NA
1627782,Wayne Selden,Wayne,Selden,MEM,10,15.8,10.9,4.1,1.1,3.3,6.2,4.7,0.0,0.0,NA
1626188,Quinn Cook,Quinn,Cook,TOTAL,12,11.8,10.6,4.5,0.9,3.6,5.8,4.8,0.0,0.0,NA
1627767,Cheick Diallo,Cheick,Diallo,NOP,15,9.5,10.6,4.4,0.7,3.5,5.5,5.1,0.0,0.0,NA
1627850,Marshall Plumlee,Marshall,Plumlee,NYK,20,7.2,10.5,4.4,0.5,3.5,5.7,4.8,0.0,0.0,NA
201150,Spencer Hawes,Spencer,Hawes,MIL,18,8.5,10.3,4.0,0.6,3.2,5.6,4.8,0.0,0.0,NA
NA,Anthony Brown,Anthony,Brown,NOP,9,15.9,10.2,4.3,1.1,3.4,5.2,5.0,0.0,0.0,NA
1626175,Jordan Mickey,Jordan,Mickey,BOS,25,5.6,10.0,4.3,0.4,3.4,5.3,4.8,0.0,0.0,NA
1626166,Cameron Payne,Cameron,Payne,CHI,11,12.9,9.9,4.2,0.9,3.4,5.5,4.4,0.0,0.0,NA
1626202,Joe Young,Joe,Young,IND,32,4.2,9.9,4.5,0.3,3.6,5.5,4.4,0.0,0.0,NA
1627786,Troy Williams,Troy,Williams,HOU,5,27.2,9.8,4.3,2.0,3.5,5.1,4.7,0.0,0.0,NA
1627740,Henry Ellenson,Henry,Ellenson,DET,18,7.1,9.6,4.5,0.5,3.6,5.3,4.2,0.0,0.0,NA
NA,Alex Poythress,Alex,Poythress,PHI,5,25.1,9.6,4.6,1.9,3.7,5.2,4.4,0.0,0.0,NA
1627773,AJ Hammons,AJ,Hammons,DAL,20,7.2,9.3,3.9,0.5,3.1,5.0,4.4,0.0,0.0,NA
203101,Miles Plumlee,Miles,Plumlee,CHA,11,11.6,9.3,4.4,0.8,3.5,4.8,4.4,0.0,0.0,NA
203940,Adreian Payne,Adreian,Payne,MIN,17,7.7,9.2,4.3,0.5,3.4,5.1,4.2,0.0,0.0,NA
1627362,Briante Weber,Briante,Weber,CHA,11,10.4,8.8,4.6,0.8,3.7,4.7,4.2,0.0,0.0,NA
201202,Joel Anthony,Joel,Anthony,SAS,19,6.4,8.7,4.3,0.5,3.4,4.8,3.9,0.0,0.0,NA
1897,Metta World Peace,Metta,World Peace,LAL,23,5.5,8.5,4.1,0.4,3.2,4.3,4.2,0.0,0.0,NA
101179,Ronnie Price,Ronnie,Price,PHX,13,8.9,8.4,4.4,0.6,3.5,4.4,4.0,0.0,0.0,NA
2617,Udonis Haslem,Udonis,Haslem,MIA,16,8.1,8.1,3.8,0.5,3.0,4.4,3.7,0.0,0.0,NA
201628,Bobby Brown,Bobby,Brown,HOU,24,5.1,8.0,3.9,0.3,3.1,4.3,3.7,0.0,0.0,NA
2555,Nick Collison,Nick,Collison,OKC,18,6.2,8.0,4.3,0.4,3.4,4.5,3.5,0.0,0.0,NA
NA,Jared Sullinger,Jared,Sullinger,TOR,11,10.7,7.7,3.9,0.7,3.2,4.2,3.6,0.0,0.0,NA
NA,Chris Andersen,Chris,Andersen,CLE,12,9.5,7.5,3.9,0.6,3.2,3.9,3.6,0.0,0.0,NA
NA,C.J. Wilcox,C.J.,Wilcox,ORL,22,4.9,7.4,4.1,0.3,3.3,3.8,3.5,0.0,0.0,NA
1627757,Stephen Zimmerman,Stephen,Zimmerman,ORL,18,5.5,7.2,4.4,0.4,3.5,3.8,3.4,0.0,0.0,NA
NA,Anderson Varejao,Anderson,Varejao,GSW,14,6.6,7.1,4.6,0.5,3.7,3.8,3.3,0.0,0.0,NA
1626174,Christian Wood,Christian,Wood,CHA,12,7.8,6.8,4.3,0.6,3.5,3.8,3.0,0.0,0.0,NA
1627736,Malik Beasley,Malik,Beasley,DEN,19,4.7,6.7,4.5,0.4,3.6,3.5,3.2,0.0,0.0,NA
202362,Lance Stephenson,Lance,Stephenson,IND,5,21.8,6.7,3.7,1.3,2.9,3.6,3.1,0.0,0.0,NA
1627777,Georges Niang,Georges,Niang,IND,22,4.1,6.6,4.4,0.3,3.5,3.6,3.0,0.0,0.0,NA
NA,Alonzo Gee,Alonzo,Gee,DEN,13,6.9,6.4,4.3,0.5,3.4,3.3,3.1,0.0,0.0,NA
2034,Mike Miller,Mike,Miller,DEN,17,5.4,6.4,4.2,0.4,3.4,3.5,2.9,0.0,0.0,NA
NA,Pierre Jackson,Pierre,Jackson,DAL,9,9.2,6.2,4.5,0.7,3.6,3.4,2.8,0.0,0.0,NA
202708,Norris Cole,Norris,Cole,OKC,11,7.6,6.0,4.3,0.5,3.4,3.2,2.8,0.0,0.0,NA
203527,Ryan Kelly,Ryan,Kelly,ATL,15,5.9,5.9,4.0,0.4,3.2,3.2,2.8,0.0,0.0,NA
1626188,Quinn Cook,Quinn,Cook,DAL,5,15.4,5.8,4.5,1.2,3.6,3.3,2.5,0.0,0.0,NA
203094,Andrew Nicholson,Andrew,Nicholson,BKN,9,9.8,5.8,3.9,0.6,3.2,3.1,2.7,0.0,0.0,NA
NA,Reggie Williams,Reggie,Williams,NOP,6,13.3,5.8,4.4,1.0,3.5,3.2,2.6,0.0,0.0,NA
1626184,Chasson Randle,Chasson,Randle,PHI,8,9.3,5.7,4.6,0.7,3.6,3.0,2.6,0.0,0.0,NA
1626191,Chris McCullough,Chris,McCullough,TOTAL,15,5.0,5.5,4.4,0.4,3.5,2.9,2.6,0.0,0.0,NA
203948,Johnny O'Bryant III,Johnny,O'Bryant III,TOTAL,11,7.4,5.5,4.1,0.5,3.3,3.0,2.5,0.0,0.0,NA
1627784,Jarrod Uthoff,Jarrod,Uthoff,DAL,7,10.9,5.5,4.3,0.8,3.5,2.9,2.6,0.0,0.0,NA
201627,Anthony Morrow,Anthony,Morrow,CHI,8,10.4,5.4,3.9,0.7,3.1,2.7,2.7,0.0,0.0,NA
1626191,Chris McCullough,Chris,McCullough,BKN,14,5.2,5.3,4.4,0.4,3.5,2.8,2.6,0.0,0.0,NA
1627780,Gary Payton II,Gary,Payton II,MIL,4,16.5,5.2,4.7,1.3,3.7,2.8,2.4,0.0,0.0,NA
201573,Jerryd Bayless,Jerryd,Bayless,PHI,3,23.9,5.0,4.2,1.7,3.4,2.9,2.2,0.0,0.0,NA
1626188,Quinn Cook,Quinn,Cook,NOP,7,9.2,4.8,4.5,0.7,3.6,2.5,2.3,0.0,0.0,NA
NA,Jarell Eddie,Jarell,Eddie,PHX,5,12.5,4.6,4.4,0.9,3.5,2.4,2.1,0.0,0.0,NA
1627745,Damian Jones,Damian,Jones,GSW,9,7.3,4.5,4.1,0.5,3.3,2.3,2.2,0.0,0.0,NA
202362,Lance Stephenson,Lance,Stephenson,MIN,6,11.2,4.5,4.0,0.7,3.2,2.5,2.0,0.0,0.0,NA
101141,Ersan Ilyasova,Ersan,Ilyasova,OKC,3,20.7,4.4,4.3,1.5,3.4,2.4,2.1,0.0,0.0,NA
1627817,Tim Quarterman,Tim,Quarterman,POR,15,3.9,4.3,4.5,0.3,3.6,2.2,2.1,0.0,0.0,NA
1627849,Daniel Ochefu,Daniel,Ochefu,WAS,18,3.3,3.9,4.0,0.2,3.2,2.2,1.8,0.0,0.0,NA
201168,Tiago Splitter,Tiago,Splitter,PHI,7,7.8,3.9,4.3,0.6,3.5,2.2,1.8,0.0,0.0,NA
1627762,Joel Bolomboy,Joel,Bolomboy,UTA,12,4.4,3.8,4.3,0.3,3.4,2.1,1.6,0.0,0.0,NA
1627782,Wayne Selden,Wayne,Selden,NOP,3,15.6,3.5,4.5,1.2,3.6,1.9,1.6,0.0,0.0,NA
1627819,Isaiah Taylor,Isaiah,Taylor,HOU,3,17.0,3.5,4.2,1.2,3.3,1.8,1.7,0.0,0.0,NA
1627362,Briante Weber,Briante,Weber,GSW,7,6.6,3.5,4.5,0.5,3.6,1.9,1.6,0.0,0.0,NA
1627778,Chinanu Onuaku,Chinanu,Onuaku,HOU,5,10.3,3.4,3.9,0.7,3.1,1.8,1.6,0.0,0.0,NA
203112,Quincy Acy,Quincy,Acy,DAL,6,8.0,3.3,4.1,0.5,3.3,1.9,1.4,0.0,0.0,NA
201941,Jordan Hill,Jordan,Hill,MIN,7,6.7,3.2,4.1,0.5,3.2,1.6,1.5,0.0,0.0,NA
203924,Jerami Grant,Jerami,Grant,PHI,2,20.6,3.1,4.5,1.5,3.6,1.7,1.4,0.0,0.0,NA
203948,Johnny O'Bryant III,Johnny,O'Bryant III,DEN,7,6.6,3.1,4.0,0.4,3.2,1.7,1.4,0.0,0.0,NA
1627787,Kyle Wiltjer,Kyle,Wiltjer,HOU,13,3.3,3.0,4.2,0.2,3.3,1.7,1.3,0.0,0.0,NA
NA,Lamar Patterson,Lamar,Patterson,ATL,5,8.1,2.9,4.3,0.6,3.4,1.5,1.4,0.0,0.0,NA
NA,Greivis Vasquez,Greivis,Vasquez,BKN,3,12.9,2.8,4.4,0.9,3.5,1.6,1.2,0.0,0.0,NA
1627875,Marcus Georges-Hunt,Marcus,Georges-Hunt,ORL,4,9.5,2.6,4.1,0.6,3.3,1.5,1.1,0.0,0.0,NA
NA,Jordan Farmar,Jordan,Farmar,SAC,2,17.7,2.5,4.3,1.3,3.4,1.5,1.1,0.0,0.0,NA
203948,Johnny O'Bryant III,Johnny,O'Bryant III,CHA,4,8.6,2.4,4.2,0.6,3.4,1.3,1.1,0.0,0.0,NA
1627771,Michael Gbinije,Michael,Gbinije,DET,9,3.5,2.3,4.4,0.3,3.5,1.4,1.0,0.0,0.0,NA
1627868,Patricio Garino,Patricio,Garino,ORL,4,7.9,2.3,4.4,0.6,3.6,1.4,1.0,0.0,0.0,NA
NA,Jarrett Jack,Jarrett,Jack,NOP,2,16.6,2.2,3.9,1.1,3.2,1.1,1.1,0.0,0.0,NA
203462,Archie Goodwin,Archie,Goodwin,NOP,3,9.9,2.1,4.3,0.7,3.5,1.1,1.0,0.0,0.0,NA
NA,Justin Harper,Justin,Harper,PHI,3,10.5,2.1,4.1,0.7,3.3,1.2,0.9,0.0,0.0,NA
201956,Omri Casspi,Omri,Casspi,NOP,1,23.7,1.8,4.4,1.8,3.5,1.0,0.8,0.0,0.0,NA
NA,Manny Harris,Manny,Harris,DAL,4,6.2,1.8,4.3,0.4,3.5,1.0,0.8,0.0,0.0,NA
1627754,Diamond Stone,Diamond,Stone,LAC,7,3.5,1.8,4.3,0.3,3.5,1.0,0.8,0.0,0.0,NA
NA,Arinze Onuaku,Arinze,Onuaku,ORL,8,3.6,1.7,3.6,0.2,2.9,0.9,0.8,0.0,0.0,NA
NA,Mike Tobey,Mike,Tobey,CHA,2,12.6,1.7,4.1,0.9,3.3,0.9,0.8,0.0,0.0,NA
203998,Bruno Caboclo,Bruno,Caboclo,TOR,7,3.0,1.6,4.4,0.2,3.5,0.9,0.6,0.0,0.0,NA
NA,Steve Novak,Steve,Novak,MIL,8,2.8,1.5,4.0,0.2,3.2,0.8,0.7,0.0,0.0,NA
NA,Gary Neal,Gary,Neal,ATL,2,9.2,1.3,4.1,0.6,3.3,0.7,0.6,0.0,0.0,NA
NA,Anthony Brown,Anthony,Brown,ORL,2,8.2,1.2,4.4,0.6,3.5,0.6,0.6,0.0,0.0,NA
1627743,Demetrius Jackson,Demetrius,Jackson,BOS,5,3.4,1.2,4.3,0.2,3.4,0.7,0.6,0.0,0.0,NA
NA,Aaron Harrison,Aaron,Harrison,CHA,5,3.3,1.1,4.0,0.2,3.2,0.6,0.5,0.0,0.0,NA
NA,John Jenkins,John,Jenkins,PHX,4,3.3,0.9,4.1,0.2,3.3,0.4,0.5,0.0,0.0,NA
202407,Elijah Millsap,Elijah,Millsap,PHX,1,12.0,0.8,4.1,0.8,3.3,0.4,0.4,0.0,0.0,NA
NA,Ben Bentil,Ben,Bentil,DAL,3,3.3,0.7,4.3,0.2,3.5,0.4,0.3,0.0,0.0,NA
201579,Roy Hibbert,Roy,Hibbert,DEN,6,1.8,0.7,3.6,0.1,2.9,0.4,0.2,0.0,0.0,NA
NA,John Lucas III,John,Lucas III,MIN,5,2.2,0.7,4.1,0.1,3.3,0.4,0.3,0.0,0.0,NA
202336,Larry Sanders,Larry,Sanders,CLE,4,2.6,0.7,3.8,0.2,3.1,0.4,0.3,0.0,0.0,NA
203962,Josh Huestis,Josh,Huestis,OKC,1,6.9,0.6,4.8,0.6,3.8,0.3,0.2,0.0,0.0,NA
NA,R.J. Hunter,R.J.,Hunter,CHI,3,3.1,0.6,4.2,0.2,3.3,0.4,0.3,0.0,0.0,NA
1627744,Brice Johnson,Brice,Johnson,LAC,3,3.1,0.6,3.8,0.2,3.1,0.3,0.3,0.0,0.0,NA
NA,Terrence Jones,Terrence,Jones,MIL,3,2.3,0.4,3.6,0.1,2.9,0.2,0.2,0.0,0.0,NA
NA,Jarnell Stokes,Jarnell,Stokes,DEN,2,3.3,0.4,3.8,0.2,3.1,0.2,0.2,0.0,0.0,NA
1626253,Axel Toupane,Axel,Toupane,MIL,2,3.0,0.4,4.3,0.2,3.5,0.2,0.2,0.0,0.0,NA
1626191,Chris McCullough,Chris,McCullough,WAS,1,1.7,0.2,5.4,0.2,4.3,0.1,0.0,0.0,0.0,NA
NA,Edy Tavares,Edy,Tavares,ATL,1,3.6,0.2,4.1,0.2,3.3,0.1,0.1,0.0,0.0,NA
NA,Andrew Bogut,Andrew,Bogut,CLE,1,1.0,0.0,3.1,0.0,2.5,0.0,0.0,0.0,0.0,NA
NA,Danuel House,Danuel,House,WAS,1,0.8,0.0,3.6,0.0,2.9,0.0,0.0,0.0,0.0,NA
