PLAYER_ID,PLAYER,FIRST_NAME,LAST_NAME,TEAM_ABBREVIATION,GP,MIN,TCH,FC_TCH,TOP,CL_TCH,EL_TCH,PTS,PTS_TCH,PTS_HCCT,TCH_TOT,X
201566,Russell Westbrook,Russell,Westbrook,OKC,80,34.8,100.2,86.5,8.9,1.3,1.9,31.9,0.319,0.369,8012,NA
201935,James Harden,James,Harden,HOU,80,36.4,99.4,80.7,8.9,0.4,0.8,29.1,0.293,0.361,7948,NA
2544,LeBron James,LeBron,James,CLE,74,37.8,88.7,72.3,6.1,2.6,4.1,26.4,0.298,0.365,6567,NA
202322,John Wall,John,Wall,WAS,78,36.1,88.3,81.7,8.8,0.2,0.5,23.1,0.262,0.283,6890,NA
202689,Kemba Walker,Kemba,Walker,CHA,79,34.7,88.1,78.4,8.0,0.5,0.5,23.2,0.263,0.296,6962,NA
202339,Eric Bledsoe,Eric,Bledsoe,PHX,64,33.0,87.8,74.2,6.7,0.8,1.2,21.3,0.242,0.287,5620,NA
203081,Damian Lillard,Damian,Lillard,POR,75,35.9,86.5,76.3,7.8,0.7,0.9,27.0,0.312,0.354,6489,NA
101108,Chris Paul,Chris,Paul,LAC,60,31.5,86.1,74.6,7.2,0.6,1.4,18.1,0.21,0.243,5165,NA
200768,Kyle Lowry,Kyle,Lowry,TOR,58,37.7,85.6,72.5,6.6,0.8,0.6,22.6,0.263,0.311,4966,NA
202738,Isaiah Thomas,Isaiah,Thomas,BOS,75,34.0,85.1,79.7,6.7,0.3,1.2,29.1,0.343,0.366,6382,NA
201144,Mike Conley,Mike,Conley,MEM,68,33.4,84.7,76.4,7.2,0.4,1.6,20.6,0.243,0.269,5757,NA
201609,Goran Dragic,Goran,Dragic,MIA,71,33.4,83.6,70.6,7.1,1.4,1.6,20.3,0.243,0.287,5936,NA
201937,Ricky Rubio,Ricky,Rubio,MIN,74,32.9,83.5,73.0,7.5,0.5,0.5,11.1,0.133,0.152,6181,NA
201950,Jrue Holiday,Jrue,Holiday,NOP,65,33.0,82.3,68.1,5.6,1.1,0.8,15.5,0.188,0.228,5350,NA
202326,DeMarcus Cousins,DeMarcus,Cousins,SAC,55,34.4,81.9,64.6,3.2,4.5,10.5,27.8,0.339,0.43,4505,NA
203507,Giannis Antetokounmpo,Giannis,Antetokounmpo,MIL,79,35.5,81.7,66.6,4.9,3.7,3.8,23.1,0.282,0.346,6455,NA
203471,Dennis Schroder,Dennis,Schroder,ATL,78,31.5,81.2,74.9,6.7,0.5,0.5,18.0,0.222,0.241,6336,NA
204456,T.J. McConnell,T.J.,McConnell,PHI,80,26.5,80.9,70.4,5.4,1.1,0.5,6.9,0.085,0.098,6474,NA
201933,Blake Griffin,Blake,Griffin,LAC,60,34.1,80.3,57.0,3.0,3.5,7.0,21.7,0.27,0.38,4816,NA
202326,DeMarcus Cousins,DeMarcus,Cousins,TOTAL,72,34.2,79.6,61.1,3.1,4.3,8.8,27.0,0.339,0.441,5734,NA
101114,Deron Williams,Deron,Williams,DAL,39,29.2,79.4,72.4,6.7,0.8,1.2,12.8,0.161,0.177,3098,NA
202681,Kyrie Irving,Kyrie,Irving,CLE,72,35.1,79.1,67.7,6.4,1.2,1.1,25.2,0.319,0.372,5694,NA
201565,Derrick Rose,Derrick,Rose,NYK,64,32.6,78.9,71.5,5.8,0.9,0.7,18.0,0.229,0.252,5050,NA
201939,Stephen Curry,Stephen,Curry,GSW,78,33.5,78.6,67.2,5.0,2.1,1.3,25.4,0.323,0.378,6133,NA
201952,Jeff Teague,Jeff,Teague,IND,80,32.4,77.1,69.0,6.7,0.4,0.7,15.3,0.198,0.221,6171,NA
203110,Draymond Green,Draymond,Green,GSW,76,32.6,75.8,49.0,2.5,2.4,2.6,10.2,0.135,0.208,5762,NA
201588,George Hill,George,Hill,UTA,48,31.7,75.0,69.1,6.2,0.8,0.6,17.0,0.227,0.246,3601,NA
201188,Marc Gasol,Marc,Gasol,MEM,73,34.4,74.8,56.2,2.4,5.5,11.0,19.6,0.262,0.349,5462,NA
201954,Darren Collison,Darren,Collison,SAC,68,30.4,74.6,66.3,5.6,0.8,0.8,13.2,0.177,0.2,5073,NA
203076,Anthony Davis,Anthony,Davis,NOP,75,36.1,73.8,48.4,2.1,3.9,6.5,28.0,0.379,0.578,5538,NA
200765,Rajon Rondo,Rajon,Rondo,CHI,68,26.8,72.6,60.8,5.0,0.8,0.7,7.8,0.107,0.128,4937,NA
202326,DeMarcus Cousins,DeMarcus,Cousins,NOP,17,33.7,72.3,50.0,2.8,3.8,3.4,24.4,0.337,0.487,1229,NA
203901,Elfrid Payton,Elfrid,Payton,ORL,81,29.3,71.9,64.2,5.8,0.7,0.5,12.7,0.176,0.197,5825,NA
1626157,Karl-Anthony Towns,Karl-Anthony,Towns,MIN,80,36.9,71.8,44.5,2.0,5.8,4.6,25.1,0.349,0.564,5746,NA
201573,Jerryd Bayless,Jerryd,Bayless,PHI,3,23.9,71.0,64.7,5.1,2.0,0.3,11.0,0.155,0.17,213,NA
1626156,D'Angelo Russell,D'Angelo,Russell,LAL,63,28.8,70.9,59.4,4.8,0.9,0.5,15.6,0.22,0.263,4465,NA
202710,Jimmy Butler,Jimmy,Butler,CHI,75,37.0,69.8,61.2,5.0,2.5,1.8,23.9,0.342,0.39,5238,NA
203999,Nikola Jokic,Nikola,Jokic,DEN,70,27.9,68.0,43.4,2.2,4.2,5.8,16.6,0.244,0.383,4761,NA
201143,Al Horford,Al,Horford,BOS,67,32.5,67.8,47.9,1.9,3.7,3.5,14.0,0.207,0.293,4541,NA
202704,Reggie Jackson,Reggie,Jackson,DET,52,27.4,67.8,59.7,6.1,0.2,0.0,14.5,0.213,0.242,3527,NA
202696,Nikola Vucevic,Nikola,Vucevic,ORL,74,28.7,65.7,39.1,1.7,4.8,4.1,14.6,0.222,0.373,4863,NA
101114,Deron Williams,Deron,Williams,TOTAL,61,25.5,65.6,58.6,5.3,0.6,0.9,10.4,0.158,0.177,4001,NA
200794,Paul Millsap,Paul,Millsap,ATL,68,34.1,65.1,47.6,2.2,3.1,5.1,18.2,0.279,0.382,4426,NA
201942,DeMar DeRozan,DeMar,DeRozan,TOR,73,35.5,64.9,59.8,5.0,0.2,1.8,27.5,0.423,0.459,4737,NA
203953,Jabari Parker,Jabari,Parker,MIL,51,33.8,64.8,42.5,2.0,2.3,2.8,20.1,0.31,0.472,3306,NA
203468,CJ McCollum,CJ,McCollum,POR,80,34.9,64.7,56.5,4.6,0.6,1.0,23.0,0.355,0.407,5177,NA
200771,Sergio Rodriguez,Sergio,Rodriguez,PHI,68,22.3,64.7,59.7,4.7,0.3,0.4,7.8,0.12,0.131,4400,NA
201587,Nicolas Batum,Nicolas,Batum,CHA,75,34.4,64.6,53.4,2.5,1.1,1.4,15.4,0.238,0.288,4846,NA
1627812,Yogi Ferrell,Yogi,Ferrell,DAL,34,28.9,64.5,57.5,5.5,0.4,0.5,11.5,0.178,0.2,2192,NA
203954,Joel Embiid,Joel,Embiid,PHI,31,25.3,63.5,46.1,2.1,6.1,4.0,20.2,0.318,0.439,1969,NA
202330,Gordon Hayward,Gordon,Hayward,UTA,72,34.6,63.0,57.6,3.3,2.5,2.3,22.0,0.35,0.383,4533,NA
1626159,Justise Winslow,Justise,Winslow,MIA,18,34.7,63.0,43.7,3.1,1.4,1.6,10.9,0.173,0.249,1134,NA
202397,Ish Smith,Ish,Smith,DET,80,24.0,62.9,54.3,5.2,0.2,0.1,9.2,0.147,0.17,5029,NA
202391,Jeremy Lin,Jeremy,Lin,BKN,35,24.5,62.7,53.5,4.6,0.6,0.6,14.6,0.233,0.273,2193,NA
202331,Paul George,Paul,George,IND,73,35.7,62.6,50.2,3.0,0.9,3.3,23.7,0.379,0.473,4571,NA
101107,Marvin Williams,Marvin,Williams,CHA,74,30.5,62.1,28.6,1.0,1.3,1.6,11.3,0.182,0.395,4596,NA
203497,Rudy Gobert,Rudy,Gobert,UTA,80,33.9,61.8,33.8,1.4,6.3,4.6,14.0,0.227,0.416,4947,NA
201567,Kevin Love,Kevin,Love,CLE,59,31.3,61.6,34.4,1.6,3.4,2.8,18.9,0.307,0.55,3635,NA
201142,Kevin Durant,Kevin,Durant,GSW,61,33.5,61.4,48.0,2.5,1.9,3.3,25.0,0.408,0.521,3744,NA
201943,Brandon Jennings,Brandon,Jennings,NYK,58,24.7,61.0,54.8,4.6,0.4,0.2,8.6,0.14,0.156,3539,NA
2225,Tony Parker,Tony,Parker,SAS,61,25.1,61.0,54.3,5.2,0.8,1.1,10.0,0.164,0.184,3719,NA
2546,Carmelo Anthony,Carmelo,Anthony,NYK,73,34.5,60.7,51.4,2.8,1.5,4.7,22.5,0.371,0.437,4430,NA
204001,Kristaps Porzingis,Kristaps,Porzingis,NYK,66,32.8,60.5,39.1,1.5,3.3,4.0,18.1,0.3,0.464,3992,NA
203967,Dario Saric,Dario,Saric,PHI,81,26.3,60.1,41.3,1.7,1.9,3.2,12.8,0.213,0.311,4872,NA
201951,Ty Lawson,Ty,Lawson,SAC,68,25.0,59.9,54.7,4.7,0.4,0.6,9.7,0.162,0.177,4076,NA
200826,J.J. Barea,J.J.,Barea,DAL,33,22.0,58.8,51.2,5.1,0.1,0.4,11.1,0.189,0.217,1940,NA
1626144,Emmanuel Mudiay,Emmanuel,Mudiay,DEN,54,25.5,58.5,51.9,4.3,0.8,0.4,11.0,0.188,0.212,3159,NA
1626164,Devin Booker,Devin,Booker,PHX,76,35.0,58.4,53.1,3.2,1.0,1.9,21.7,0.371,0.409,4438,NA
201959,Taj Gibson,Taj,Gibson,CHI,55,27.3,58.4,32.7,1.3,5.1,3.7,11.6,0.199,0.355,3214,NA
202699,Tobias Harris,Tobias,Harris,DET,81,31.3,58.4,33.9,1.8,1.0,1.8,16.2,0.278,0.478,4728,NA
2749,Jameer Nelson,Jameer,Nelson,DEN,74,27.1,58.2,50.3,4.4,0.5,0.4,9.1,0.157,0.182,4307,NA
203994,Jusuf Nurkic,Jusuf,Nurkic,POR,20,29.2,58.1,33.8,1.6,3.2,4.1,15.2,0.262,0.45,1162,NA
204025,Tim Frazier,Tim,Frazier,NOP,63,23.5,58.0,50.2,4.2,0.7,0.3,7.2,0.124,0.143,3657,NA
203944,Julius Randle,Julius,Randle,LAL,72,29.1,58.0,38.8,2.3,2.4,3.3,13.2,0.228,0.341,4175,NA
203935,Marcus Smart,Marcus,Smart,BOS,78,30.4,58.0,50.3,3.2,2.1,0.8,10.6,0.183,0.212,4524,NA
202344,Trevor Booker,Trevor,Booker,BKN,70,24.8,57.9,35.0,1.6,2.6,2.1,10.0,0.172,0.285,4056,NA
203897,Zach LaVine,Zach,LaVine,MIN,47,37.2,57.9,50.2,2.8,0.3,0.9,18.9,0.327,0.377,2722,NA
202695,Kawhi Leonard,Kawhi,Leonard,SAS,72,33.5,57.7,50.7,3.4,1.5,1.8,25.5,0.442,0.503,4154,NA
1627763,Malcolm Brogdon,Malcolm,Brogdon,MIL,73,26.4,57.6,46.8,4.0,1.4,0.9,10.3,0.179,0.22,4207,NA
204020,Tyler Johnson,Tyler,Johnson,MIA,71,29.9,57.5,44.1,3.1,0.9,1.6,13.7,0.238,0.311,4086,NA
201949,James Johnson,James,Johnson,MIA,74,27.2,57.3,36.9,2.4,0.8,1.7,12.8,0.224,0.347,4237,NA
101141,Ersan Ilyasova,Ersan,Ilyasova,PHI,53,27.3,57.2,37.9,1.2,2.4,3.3,14.8,0.259,0.391,3032,NA
1627812,Yogi Ferrell,Yogi,Ferrell,TOTAL,44,25.8,56.7,50.5,4.7,0.3,0.5,10.1,0.178,0.2,2496,NA
203079,Dion Waiters,Dion,Waiters,MIA,46,30.1,56.7,49.8,4.2,0.2,1.0,15.8,0.279,0.318,2610,NA
200752,Rudy Gay,Rudy,Gay,SAC,30,33.7,56.4,44.1,2.3,1.9,2.9,18.7,0.332,0.424,1692,NA
2200,Pau Gasol,Pau,Gasol,SAS,62,25.4,55.8,33.0,1.3,2.9,4.5,12.5,0.224,0.379,3457,NA
2548,Dwyane Wade,Dwyane,Wade,CHI,59,30.0,55.6,48.6,3.2,1.3,1.5,18.5,0.332,0.379,3280,NA
2730,Dwight Howard,Dwight,Howard,ATL,73,29.7,55.2,30.5,1.2,8.0,2.7,13.5,0.244,0.441,4031,NA
203521,Matthew Dellavedova,Matthew,Dellavedova,MIL,75,26.1,54.5,45.8,3.8,0.5,0.5,7.6,0.14,0.166,4085,NA
201943,Brandon Jennings,Brandon,Jennings,TOTAL,80,22.1,54.2,48.2,4.1,0.4,0.2,7.2,0.133,0.149,4339,NA
203114,Khris Middleton,Khris,Middleton,MIL,28,30.5,54.2,41.5,2.7,1.2,2.1,14.7,0.271,0.354,1518,NA
202709,Cory Joseph,Cory,Joseph,TOR,78,25.3,54.1,46.7,4.2,0.9,0.4,9.3,0.172,0.199,4220,NA
200746,LaMarcus Aldridge,LaMarcus,Aldridge,SAS,70,32.4,54.0,39.2,1.7,4.1,5.5,17.3,0.321,0.442,3777,NA
202362,Lance Stephenson,Lance,Stephenson,NOP,6,27.1,53.7,48.2,3.8,1.0,0.2,9.7,0.18,0.201,322,NA
203078,Bradley Beal,Bradley,Beal,WAS,77,34.7,53.2,43.9,2.5,1.0,2.7,23.1,0.435,0.526,4094,NA
203084,Harrison Barnes,Harrison,Barnes,DAL,78,35.5,52.8,36.1,2.0,2.0,2.5,19.2,0.363,0.532,4120,NA
203486,Mason Plumlee,Mason,Plumlee,POR,54,28.0,52.6,36.3,1.7,4.3,5.3,11.1,0.21,0.304,2842,NA
203552,Seth Curry,Seth,Curry,DAL,69,29.1,52.1,46.0,3.8,0.3,0.5,12.8,0.246,0.279,3596,NA
NA,Alex Poythress,Alex,Poythress,PHI,5,25.1,52.0,32.0,0.9,1.4,1.6,9.2,0.177,0.288,260,NA
202340,Avery Bradley,Avery,Bradley,BOS,54,33.4,51.9,41.2,2.0,1.6,1.6,16.4,0.316,0.398,2802,NA
1626163,Frank Kaminsky,Frank,Kaminsky,CHA,73,26.2,51.7,29.7,1.1,2.2,2.1,11.8,0.229,0.399,3776,NA
201988,Patty Mills,Patty,Mills,SAS,79,22.0,51.6,44.8,3.2,0.5,0.7,9.5,0.184,0.212,4080,NA
101141,Ersan Ilyasova,Ersan,Ilyasova,TOTAL,80,26.4,51.4,32.9,1.1,2.2,3.1,13.1,0.255,0.398,4110,NA
203952,Andrew Wiggins,Andrew,Wiggins,MIN,80,37.3,51.4,44.9,2.7,2.6,1.8,23.7,0.461,0.527,4111,NA
201959,Taj Gibson,Taj,Gibson,TOTAL,77,25.5,51.1,28.2,1.2,4.7,3.2,10.8,0.212,0.384,3935,NA
201599,DeAndre Jordan,DeAndre,Jordan,LAC,80,31.7,51.1,24.1,1.0,5.1,2.3,12.6,0.247,0.525,4088,NA
201572,Brook Lopez,Brook,Lopez,BKN,75,29.7,51.1,39.2,1.6,3.5,2.9,20.5,0.402,0.523,3832,NA
202714,Shelvin Mack,Shelvin,Mack,UTA,54,21.8,51.1,45.3,3.6,0.5,0.3,7.7,0.151,0.17,2758,NA
2440,Matt Barnes,Matt,Barnes,SAC,54,25.3,50.7,31.5,1.2,1.4,2.0,7.6,0.151,0.243,2738,NA
201152,Thaddeus Young,Thaddeus,Young,IND,72,30.1,50.5,27.6,1.2,4.2,2.8,11.1,0.22,0.403,3636,NA
203496,Robert Covington,Robert,Covington,PHI,67,31.6,50.3,32.9,1.1,1.2,1.0,12.9,0.256,0.392,3372,NA
1626196,Josh Richardson,Josh,Richardson,MIA,51,30.0,50.3,39.2,2.9,0.6,0.6,9.9,0.197,0.253,2564,NA
203109,Jae Crowder,Jae,Crowder,BOS,71,32.5,50.1,34.6,1.2,1.8,0.3,13.8,0.277,0.4,3554,NA
201586,Serge Ibaka,Serge,Ibaka,ORL,56,30.4,50.1,29.1,1.1,3.2,2.2,15.1,0.302,0.518,2803,NA
203085,Austin Rivers,Austin,Rivers,LAC,74,27.8,50.1,43.1,3.3,0.6,0.6,12.0,0.24,0.279,3705,NA
202083,Wesley Matthews,Wesley,Matthews,DAL,72,34.1,49.8,39.7,1.9,0.6,0.8,13.4,0.27,0.339,3585,NA
201586,Serge Ibaka,Serge,Ibaka,TOTAL,79,30.6,49.7,29.9,1.1,2.9,2.2,14.8,0.299,0.496,3926,NA
202703,Nikola Mirotic,Nikola,Mirotic,CHI,69,24.0,49.6,26.6,1.0,1.7,0.7,10.7,0.215,0.4,3424,NA
201976,Patrick Beverley,Patrick,Beverley,HOU,66,30.7,49.5,39.3,3.0,0.5,0.3,9.5,0.192,0.242,3270,NA
203476,Gorgui Dieng,Gorgui,Dieng,MIN,80,32.4,49.5,25.3,1.0,4.0,3.8,9.9,0.2,0.391,3958,NA
201568,Danilo Gallinari,Danilo,Gallinari,DEN,62,34.0,49.5,38.7,1.9,2.0,1.2,18.2,0.368,0.469,3066,NA
1626167,Myles Turner,Myles,Turner,IND,79,31.4,49.3,27.7,1.1,5.2,3.7,14.5,0.294,0.524,3897,NA
202694,Marcus Morris,Marcus,Morris,DET,79,32.5,48.9,32.6,1.3,0.9,1.5,14.0,0.286,0.428,3860,NA
201163,Wilson Chandler,Wilson,Chandler,DEN,69,30.9,48.8,35.1,1.9,2.0,0.8,15.8,0.323,0.448,3367,NA
201586,Serge Ibaka,Serge,Ibaka,TOR,23,30.9,48.8,31.9,1.1,2.2,2.3,14.2,0.291,0.446,1123,NA
202691,Klay Thompson,Klay,Thompson,GSW,77,34.1,48.5,42.7,1.6,2.2,2.3,22.5,0.464,0.526,3732,NA
NA,Jordan Farmar,Jordan,Farmar,SAC,2,17.7,48.0,43.5,3.6,0.5,0.5,6.0,0.125,0.138,96,NA
101162,Marcin Gortat,Marcin,Gortat,WAS,81,31.0,47.9,21.6,1.0,5.7,3.3,10.7,0.223,0.495,3880,NA
201162,Jared Dudley,Jared,Dudley,PHX,64,21.2,47.8,26.7,0.9,0.7,1.4,6.8,0.142,0.254,3056,NA
201149,Joakim Noah,Joakim,Noah,NYK,46,22.1,47.8,25.8,1.0,2.0,3.3,5.0,0.106,0.196,2197,NA
203486,Mason Plumlee,Mason,Plumlee,TOTAL,79,26.1,47.8,32.8,1.6,4.3,4.3,10.3,0.215,0.312,3773,NA
2440,Matt Barnes,Matt,Barnes,TOTAL,74,24.0,47.6,29.6,1.2,1.4,1.9,7.1,0.15,0.241,3519,NA
1717,Dirk Nowitzki,Dirk,Nowitzki,DAL,52,26.3,47.6,30.4,1.0,1.1,3.3,14.0,0.295,0.461,2477,NA
101150,Lou Williams,Lou,Williams,LAL,58,24.2,47.6,40.3,3.0,0.5,0.2,18.6,0.391,0.461,2759,NA
203903,Jordan Clarkson,Jordan,Clarkson,LAL,80,29.3,47.5,41.1,2.9,0.8,0.7,14.7,0.309,0.356,3799,NA
203095,Evan Fournier,Evan,Fournier,ORL,67,32.8,47.4,41.2,2.3,0.8,1.2,17.2,0.364,0.419,3175,NA
202720,Jon Leuer,Jon,Leuer,DET,74,26.0,46.8,25.0,1.2,2.3,1.7,10.3,0.221,0.413,3460,NA
203506,Victor Oladipo,Victor,Oladipo,OKC,65,33.3,46.8,38.6,2.3,1.1,1.6,16.0,0.341,0.413,3040,NA
1626178,Rondae Hollis-Jefferson,Rondae,Hollis-Jefferson,BKN,76,22.5,46.5,28.7,1.5,2.5,0.8,8.6,0.184,0.298,3532,NA
202685,Jonas Valanciunas,Jonas,Valanciunas,TOR,78,26.0,46.5,22.8,1.2,4.5,2.2,12.0,0.258,0.527,3627,NA
2216,Zach Randolph,Zach,Randolph,MEM,72,24.6,46.3,31.6,1.5,3.8,4.7,14.1,0.304,0.445,3334,NA
201936,Tyreke Evans,Tyreke,Evans,NOP,26,18.2,46.1,40.0,3.6,0.3,0.6,9.5,0.207,0.238,1199,NA
203115,Will Barton,Will,Barton,DEN,59,28.3,46.0,39.7,2.5,0.9,0.5,13.7,0.299,0.346,2713,NA
202688,Brandon Knight,Brandon,Knight,PHX,53,21.2,45.7,39.1,3.0,0.4,0.4,11.1,0.243,0.284,2424,NA
203083,Andre Drummond,Andre,Drummond,DET,80,29.8,45.6,26.1,1.3,6.9,2.5,13.7,0.3,0.525,3650,NA
202355,Hassan Whiteside,Hassan,Whiteside,MIA,75,32.5,45.4,23.8,1.1,7.7,2.5,16.8,0.371,0.706,3406,NA
203915,Spencer Dinwiddie,Spencer,Dinwiddie,BKN,57,22.5,45.1,37.9,3.1,0.2,0.1,7.2,0.161,0.191,2568,NA
203930,Sean Kilpatrick,Sean,Kilpatrick,BKN,69,25.1,45.0,39.6,2.4,0.8,0.4,13.2,0.293,0.334,3107,NA
1627742,Brandon Ingram,Brandon,Ingram,LAL,77,28.9,44.8,35.6,2.4,0.9,0.8,9.3,0.207,0.261,3453,NA
202323,Evan Turner,Evan,Turner,POR,64,25.6,44.8,36.5,2.6,0.6,0.7,9.1,0.202,0.248,2867,NA
1626150,Andrew Harrison,Andrew,Harrison,MEM,71,20.4,44.7,40.1,3.8,0.3,0.6,5.9,0.131,0.146,3172,NA
203994,Jusuf Nurkic,Jusuf,Nurkic,TOTAL,64,21.6,44.3,26.2,1.2,4.2,2.7,10.3,0.233,0.393,2833,NA
201936,Tyreke Evans,Tyreke,Evans,TOTAL,40,19.7,44.2,38.5,3.2,0.4,0.6,10.3,0.232,0.267,1770,NA
101150,Lou Williams,Lou,Williams,TOTAL,80,24.7,44.0,36.8,2.6,0.4,0.3,17.7,0.402,0.48,3519,NA
2772,Trevor Ariza,Trevor,Ariza,HOU,79,34.6,43.9,29.2,1.1,1.0,0.5,11.7,0.265,0.399,3470,NA
203991,Clint Capela,Clint,Capela,HOU,64,23.7,43.8,22.0,0.9,6.0,2.6,12.4,0.284,0.565,2800,NA
201571,D.J. Augustin,D.J.,Augustin,ORL,77,19.8,43.5,39.6,3.6,0.1,0.4,8.0,0.184,0.202,3350,NA
2199,Tyson Chandler,Tyson,Chandler,PHX,45,27.3,43.5,19.7,0.9,4.0,2.4,8.3,0.192,0.423,1958,NA
1627755,Tyler Ulis,Tyler,Ulis,PHX,58,18.3,43.3,37.9,3.3,0.3,0.3,7.1,0.163,0.186,2509,NA
203487,Michael Carter-Williams,Michael,Carter-Williams,CHI,44,19.1,43.2,35.7,2.7,0.7,0.3,6.8,0.156,0.189,1900,NA
201584,Courtney Lee,Courtney,Lee,NYK,76,32.1,42.9,37.3,1.7,0.5,1.2,10.9,0.254,0.291,3259,NA
203210,JaMychal Green,JaMychal,Green,MEM,76,27.4,42.8,22.9,0.9,2.1,1.6,9.0,0.211,0.394,3254,NA
202324,Derrick Favors,Derrick,Favors,UTA,49,23.8,42.6,26.5,1.0,4.2,3.4,9.6,0.224,0.361,2085,NA
203482,Kelly Olynyk,Kelly,Olynyk,BOS,74,20.5,42.6,26.8,1.0,2.4,1.1,9.1,0.212,0.338,3154,NA
1626143,Jahlil Okafor,Jahlil,Okafor,PHI,50,22.7,42.6,31.1,1.6,4.1,6.5,11.8,0.277,0.38,2131,NA
203490,Otto Porter Jr.,Otto,Porter Jr.,WAS,79,32.6,42.6,25.4,1.0,1.8,1.4,13.5,0.316,0.531,3367,NA
202329,Al-Farouq Aminu,Al-Farouq,Aminu,POR,61,29.1,42.5,21.6,1.1,1.1,0.9,8.7,0.205,0.403,2594,NA
101109,Raymond Felton,Raymond,Felton,LAC,79,21.3,42.2,33.9,2.7,0.4,0.3,6.8,0.16,0.199,3330,NA
202693,Markieff Morris,Markieff,Morris,WAS,76,31.0,42.2,26.5,1.1,2.9,3.1,14.0,0.331,0.527,3209,NA
203917,Nik Stauskas,Nik,Stauskas,PHI,79,27.3,42.1,33.4,1.5,0.6,0.5,9.4,0.224,0.282,3324,NA
203145,Kent Bazemore,Kent,Bazemore,ATL,72,27.0,41.9,33.5,1.6,0.9,0.6,11.0,0.263,0.329,3018,NA
1627741,Buddy Hield,Buddy,Hield,SAC,23,28.6,41.9,32.8,1.9,0.7,1.5,14.4,0.345,0.44,963,NA
101145,Monta Ellis,Monta,Ellis,IND,72,27.1,41.8,36.3,2.0,0.6,0.9,8.6,0.205,0.237,3012,NA
201583,Ryan Anderson,Ryan,Anderson,HOU,71,29.3,41.4,26.5,1.0,1.1,0.4,13.5,0.326,0.509,2939,NA
201569,Eric Gordon,Eric,Gordon,HOU,74,31.1,41.3,32.6,1.5,0.4,1.1,16.3,0.395,0.5,3053,NA
2037,Jamal Crawford,Jamal,Crawford,LAC,81,26.4,41.2,36.0,2.5,0.1,0.5,12.3,0.298,0.341,3336,NA
200782,PJ Tucker,PJ,Tucker,PHX,55,28.6,41.0,25.9,0.9,1.4,0.6,7.1,0.174,0.275,2254,NA
101114,Deron Williams,Deron,Williams,CLE,22,18.9,41.0,34.1,2.9,0.3,0.4,6.1,0.148,0.179,903,NA
203484,Kentavious Caldwell-Pope,Kentavious,Caldwell-Pope,DET,75,33.4,40.9,34.8,1.4,0.5,1.5,13.7,0.335,0.393,3069,NA
NA,Terrence Jones,Terrence,Jones,NOP,51,24.8,40.9,25.3,1.2,2.5,2.0,11.5,0.28,0.453,2084,NA
201936,Tyreke Evans,Tyreke,Evans,SAC,14,22.5,40.8,35.6,2.6,0.7,0.7,11.6,0.285,0.327,571,NA
202066,Garrett Temple,Garrett,Temple,SAC,64,26.6,40.7,34.1,1.7,0.8,0.7,7.8,0.19,0.228,2606,NA
2738,Andre Iguodala,Andre,Iguodala,GSW,76,26.4,40.6,31.9,1.7,2.0,1.2,7.6,0.186,0.236,3089,NA
203933,TJ Warren,TJ,Warren,PHX,63,31.1,40.6,32.4,1.3,1.2,1.5,14.6,0.358,0.449,2559,NA
203501,Tim Hardaway Jr.,Tim,Hardaway Jr.,ATL,78,27.3,40.5,33.9,1.6,1.2,0.7,14.5,0.359,0.429,3158,NA
101141,Ersan Ilyasova,Ersan,Ilyasova,ATL,24,25.0,40.4,23.9,0.8,2.0,2.9,10.2,0.253,0.427,969,NA
202711,Bojan Bogdanovic,Bojan,Bogdanovic,BKN,54,27.1,40.2,35.4,1.6,0.8,0.8,14.4,0.358,0.408,2172,NA
202348,Jordan Crawford,Jordan,Crawford,NOP,17,23.5,40.0,34.1,1.9,0.4,0.8,14.2,0.354,0.416,680,NA
201956,Omri Casspi,Omri,Casspi,NOP,1,23.7,40.0,24.0,0.7,3.0,0.0,12.0,0.3,0.5,40,NA
1627785,Isaiah Whitehead,Isaiah,Whitehead,BKN,72,22.5,39.7,35.1,2.4,0.3,0.2,7.5,0.188,0.213,2858,NA
203924,Jerami Grant,Jerami,Grant,PHI,2,20.6,39.5,26.5,1.0,0.5,3.5,8.0,0.203,0.302,79,NA
203932,Aaron Gordon,Aaron,Gordon,ORL,79,28.7,39.5,31.2,1.4,2.4,1.0,12.5,0.316,0.401,3120,NA
201177,Josh McRoberts,Josh,McRoberts,MIA,22,17.0,39.5,22.8,1.2,1.2,3.1,4.9,0.123,0.213,868,NA
1626188,Quinn Cook,Quinn,Cook,DAL,5,15.4,39.4,33.8,3.1,0.2,0.0,5.4,0.137,0.16,197,NA
201980,Danny Green,Danny,Green,SAS,66,26.7,39.4,27.3,1.2,0.2,0.5,7.4,0.188,0.271,2599,NA
202684,Tristan Thompson,Tristan,Thompson,CLE,77,30.1,39.4,19.2,0.8,3.5,3.0,8.1,0.204,0.42,3034,NA
202687,Bismack Biyombo,Bismack,Biyombo,ORL,80,22.3,39.3,19.2,0.9,4.1,2.7,6.0,0.153,0.313,3145,NA
2440,Matt Barnes,Matt,Barnes,GSW,20,20.5,39.0,24.6,1.0,1.6,1.5,5.7,0.146,0.232,781,NA
203918,Rodney Hood,Rodney,Hood,UTA,58,27.0,38.9,34.5,2.1,0.4,0.9,12.7,0.327,0.369,2255,NA
1626195,Willy Hernangomez,Willy,Hernangomez,NYK,71,18.4,38.9,21.4,0.9,3.5,3.3,8.2,0.21,0.382,2759,NA
NA,Terrence Jones,Terrence,Jones,TOTAL,54,23.6,38.8,24.0,1.2,2.4,1.9,10.8,0.279,0.451,2093,NA
200757,Thabo Sefolosha,Thabo,Sefolosha,ATL,60,25.9,38.6,27.8,1.3,1.4,1.2,7.3,0.19,0.264,2313,NA
200782,PJ Tucker,PJ,Tucker,TOTAL,78,27.9,38.4,24.6,0.9,1.3,0.6,6.8,0.177,0.276,2994,NA
2736,Luol Deng,Luol,Deng,LAL,56,26.5,38.2,23.7,1.1,1.3,0.9,7.6,0.199,0.32,2140,NA
NA,Toney Douglas,Toney,Douglas,MEM,24,16.4,38.2,34.0,3.4,0.3,0.3,4.9,0.128,0.143,917,NA
203994,Jusuf Nurkic,Jusuf,Nurkic,DEN,44,18.1,38.0,22.7,1.0,4.6,2.0,8.1,0.212,0.355,1671,NA
1626179,Terry Rozier,Terry,Rozier,BOS,73,17.3,37.9,32.5,2.5,0.3,0.4,5.6,0.148,0.173,2769,NA
NA,Andrew Bogut,Andrew,Bogut,DAL,26,22.4,37.7,20.9,1.0,2.0,4.0,3.0,0.081,0.145,979,NA
203914,Gary Harris,Gary,Harris,DEN,55,30.8,37.7,33.2,1.3,1.6,0.6,14.8,0.393,0.446,2073,NA
202335,Patrick Patterson,Patrick,Patterson,TOR,64,24.8,37.7,20.8,0.6,0.4,0.6,6.9,0.183,0.332,2415,NA
202362,Lance Stephenson,Lance,Stephenson,IND,5,21.8,37.4,33.0,3.4,0.4,0.2,7.8,0.209,0.236,187,NA
203486,Mason Plumlee,Mason,Plumlee,DEN,25,22.2,37.2,25.2,1.3,4.2,2.2,8.5,0.229,0.338,931,NA
2757,Beno Udrih,Beno,Udrih,DET,39,14.4,37.1,33.1,3.3,0.2,0.4,5.8,0.157,0.176,1447,NA
1627098,Malcolm Delaney,Malcolm,Delaney,ATL,71,17.1,37.0,33.0,2.8,0.1,0.2,5.3,0.143,0.161,2628,NA
1626204,Larry Nance Jr.,Larry,Nance Jr.,LAL,61,22.6,36.8,19.9,0.8,2.6,3.6,7.0,0.191,0.353,2245,NA
NA,Rodney Stuckey,Rodney,Stuckey,IND,39,17.8,36.8,31.7,2.5,0.3,0.4,7.2,0.196,0.228,1435,NA
203082,Terrence Ross,Terrence,Ross,ORL,23,31.6,36.7,29.9,1.1,0.3,1.5,12.9,0.351,0.432,845,NA
204060,Joe Ingles,Joe,Ingles,UTA,81,24.0,36.4,31.1,1.6,0.4,0.6,7.1,0.194,0.227,2946,NA
201943,Brandon Jennings,Brandon,Jennings,WAS,22,15.3,36.4,31.0,2.8,0.1,0.2,3.6,0.099,0.116,800,NA
NA,Andrew Bogut,Andrew,Bogut,TOTAL,27,21.6,36.3,20.1,0.9,1.9,3.9,2.9,0.081,0.145,980,NA
101141,Ersan Ilyasova,Ersan,Ilyasova,OKC,3,20.7,36.3,16.0,0.5,1.0,0.3,5.0,0.138,0.312,109,NA
200755,JJ Redick,JJ,Redick,LAC,77,28.2,36.3,32.6,1.0,0.3,1.0,15.0,0.413,0.46,2795,NA
202711,Bojan Bogdanovic,Bojan,Bogdanovic,TOTAL,79,25.8,36.2,30.9,1.4,0.9,1.1,13.9,0.385,0.45,2863,NA
203500,Steven Adams,Steven,Adams,OKC,78,30.1,36.0,22.9,0.9,6.6,2.2,11.4,0.316,0.497,2807,NA
202362,Lance Stephenson,Lance,Stephenson,TOTAL,17,19.9,36.0,32.0,2.6,0.5,0.1,6.9,0.193,0.217,612,NA
101135,David Lee,David,Lee,SAS,77,18.9,35.9,22.0,0.8,2.6,2.7,7.4,0.207,0.337,2767,NA
2754,Tony Allen,Tony,Allen,MEM,70,27.2,35.7,28.2,1.6,2.9,0.7,9.1,0.256,0.323,2496,NA
203077,Michael Kidd-Gilchrist,Michael,Kidd-Gilchrist,CHA,79,29.1,35.7,21.6,1.0,2.1,0.7,9.1,0.255,0.422,2820,NA
2207,Joe Johnson,Joe,Johnson,UTA,77,23.7,35.5,27.2,1.5,0.7,0.9,9.2,0.259,0.337,2734,NA
1713,Vince Carter,Vince,Carter,MEM,72,24.7,35.4,25.7,1.0,0.6,1.6,8.1,0.228,0.314,2546,NA
2564,Boris Diaw,Boris,Diaw,UTA,72,17.6,35.2,25.4,1.1,1.2,2.4,4.6,0.132,0.183,2532,NA
1627750,Jamal Murray,Jamal,Murray,DEN,79,21.2,35.1,30.2,2.0,0.5,0.5,9.7,0.276,0.321,2776,NA
1626147,Justin Anderson,Justin,Anderson,PHI,23,21.0,35.0,23.4,1.0,1.3,0.7,7.7,0.22,0.329,806,NA
1627786,Troy Williams,Troy,Williams,HOU,5,27.2,35.0,21.2,0.8,0.6,0.0,11.2,0.32,0.528,175,NA
203524,Solomon Hill,Solomon,Hill,NOP,78,29.7,34.9,25.1,1.2,0.6,0.4,6.9,0.199,0.277,2719,NA
1626158,Richaun Holmes,Richaun,Holmes,PHI,56,20.7,34.9,24.6,0.8,3.8,5.8,9.7,0.278,0.396,1955,NA
2594,Kyle Korver,Kyle,Korver,ATL,32,27.9,34.9,27.4,0.8,1.4,1.0,9.5,0.273,0.347,1116,NA
2733,Shaun Livingston,Shaun,Livingston,GSW,75,17.7,34.9,28.8,1.9,1.9,0.6,5.2,0.149,0.18,2618,NA
201196,Ramon Sessions,Ramon,Sessions,CHA,50,16.2,34.7,32.5,2.9,0.4,0.2,6.2,0.18,0.192,1735,NA
1627737,Marquese Chriss,Marquese,Chriss,PHX,79,21.1,34.6,19.5,0.7,1.8,1.3,9.0,0.261,0.463,2737,NA
1627739,Kris Dunn,Kris,Dunn,MIN,76,16.9,34.5,29.0,2.6,0.4,0.3,3.7,0.107,0.127,2620,NA
1626166,Cameron Payne,Cameron,Payne,OKC,20,16.0,34.5,30.6,3.1,0.6,0.2,5.3,0.154,0.173,690,NA
101150,Lou Williams,Lou,Williams,HOU,22,25.7,34.5,27.8,1.7,0.3,0.4,15.3,0.442,0.55,760,NA
202357,Nemanja Bjelica,Nemanja,Bjelica,MIN,65,18.3,34.3,17.8,0.8,0.7,0.4,6.2,0.181,0.348,2227,NA
202328,Greg Monroe,Greg,Monroe,MIL,79,22.6,34.3,23.9,1.1,5.6,7.6,11.7,0.341,0.49,2710,NA
203898,Tyler Ennis,Tyler,Ennis,LAL,20,16.3,34.2,28.6,2.2,0.6,0.4,7.6,0.22,0.264,685,NA
202683,Enes Kanter,Enes,Kanter,OKC,70,21.3,34.2,21.9,1.1,4.2,1.3,14.4,0.422,0.658,2395,NA
201577,Robin Lopez,Robin,Lopez,CHI,80,28.1,33.9,23.8,0.8,4.3,3.2,10.4,0.306,0.436,2711,NA
NA,Jonathan Gibson,Jonathan,Gibson,DAL,17,13.6,33.8,30.1,2.4,0.2,0.2,6.2,0.184,0.207,575,NA
203090,Maurice Harkless,Maurice,Harkless,POR,76,28.9,33.8,22.6,0.8,3.1,0.6,10.0,0.296,0.443,2571,NA
NA,Greivis Vasquez,Greivis,Vasquez,BKN,3,12.9,33.7,29.3,2.2,0.0,0.7,2.3,0.069,0.08,101,NA
203957,Dante Exum,Dante,Exum,UTA,65,18.6,33.6,30.2,2.0,0.6,0.3,6.3,0.188,0.209,2184,NA
201229,Anthony Tolliver,Anthony,Tolliver,SAC,64,22.8,33.6,20.8,0.7,1.1,3.2,7.0,0.209,0.337,2153,NA
203460,Andre Roberson,Andre,Roberson,OKC,79,30.1,33.5,21.0,0.7,2.1,0.6,6.6,0.197,0.315,2645,NA
1626168,Trey Lyles,Trey,Lyles,UTA,70,16.4,33.4,22.3,0.9,0.5,0.9,6.3,0.188,0.281,2335,NA
201167,Arron Afflalo,Arron,Afflalo,SAC,60,25.7,33.2,27.6,1.2,1.1,0.9,8.3,0.25,0.3,1991,NA
1627758,Ron Baker,Ron,Baker,NYK,51,16.3,33.2,28.8,2.1,0.4,0.7,4.1,0.122,0.141,1693,NA
101112,Channing Frye,Channing,Frye,CLE,72,18.9,33.1,16.8,0.7,1.3,1.1,9.0,0.273,0.536,2384,NA
201145,Jeff Green,Jeff,Green,ORL,69,22.1,33.1,24.7,1.1,0.9,0.7,9.2,0.279,0.374,2284,NA
203457,Nerlens Noel,Nerlens,Noel,PHI,29,19.5,32.9,21.9,0.8,3.1,3.2,8.9,0.269,0.405,954,NA
1627734,Domantas Sabonis,Domantas,Sabonis,OKC,79,20.0,32.9,17.3,0.7,1.3,1.0,5.8,0.176,0.335,2600,NA
201959,Taj Gibson,Taj,Gibson,OKC,22,20.9,32.8,17.0,1.0,3.6,2.0,8.8,0.269,0.519,721,NA
201956,Omri Casspi,Omri,Casspi,SAC,22,18.0,32.7,20.6,0.7,1.5,0.9,5.9,0.179,0.285,720,NA
1627741,Buddy Hield,Buddy,Hield,TOTAL,80,22.8,32.7,27.4,1.4,0.5,0.7,10.2,0.314,0.374,2613,NA
1626153,Delon Wright,Delon,Wright,TOR,26,16.1,32.7,29.6,2.4,0.6,0.1,5.4,0.166,0.183,851,NA
203459,Allen Crabbe,Allen,Crabbe,POR,79,28.5,32.6,24.0,0.7,0.7,1.0,10.7,0.328,0.445,2574,NA
NA,Jarrett Jack,Jarrett,Jack,NOP,2,16.6,32.5,26.0,1.7,0.0,0.5,3.0,0.092,0.115,65,NA
202734,E'Twaun Moore,E'Twaun,Moore,NOP,72,25.1,32.4,28.7,1.4,0.7,1.1,9.7,0.299,0.338,2334,NA
201156,Nick Young,Nick,Young,LAL,60,25.9,32.3,26.9,1.1,0.3,0.4,13.2,0.408,0.49,1940,NA
2747,JR Smith,JR,Smith,CLE,39,28.8,32.2,24.0,1.0,0.4,0.3,8.8,0.273,0.366,1256,NA
200782,PJ Tucker,PJ,Tucker,TOR,23,26.3,32.2,21.5,0.7,1.0,0.4,6.0,0.188,0.281,740,NA
1938,Manu Ginobili,Manu,Ginobili,SAS,67,18.7,32.0,27.7,1.4,0.4,0.5,7.4,0.231,0.267,2145,NA
203120,Justin Hamilton,Justin,Hamilton,BKN,62,18.1,32.0,18.8,0.6,1.8,0.9,6.9,0.216,0.369,1987,NA
1627780,Gary Payton II,Gary,Payton II,MIL,4,16.5,32.0,27.5,2.5,1.0,0.0,4.2,0.133,0.155,128,NA
101181,Jose Calderon,Jose,Calderon,ATL,15,13.4,31.8,24.8,1.9,0.3,0.3,2.8,0.088,0.113,477,NA
202702,Kenneth Faried,Kenneth,Faried,DEN,60,21.3,31.7,17.2,0.7,3.8,1.2,9.5,0.301,0.555,1903,NA
204038,Langston Galloway,Langston,Galloway,SAC,17,18.0,31.4,25.4,1.9,0.3,0.5,5.6,0.18,0.223,533,NA
203902,Semaj Christon,Semaj,Christon,OKC,62,14.9,31.3,28.1,2.7,0.6,0.3,2.8,0.091,0.101,1942,NA
1626166,Cameron Payne,Cameron,Payne,TOTAL,31,14.9,31.3,27.3,2.6,0.4,0.2,5.2,0.165,0.189,970,NA
201956,Omri Casspi,Omri,Casspi,TOTAL,34,17.9,31.2,18.2,0.7,1.5,0.7,5.1,0.165,0.283,1061,NA
1626171,Bobby Portis,Bobby,Portis,CHI,63,15.5,31.2,17.1,0.6,1.4,0.6,6.7,0.216,0.395,1964,NA
1627826,Ivica Zubac,Ivica,Zubac,LAL,38,16.0,31.2,15.3,0.6,4.4,2.0,7.5,0.239,0.489,1186,NA
200751,Randy Foye,Randy,Foye,BKN,67,18.8,31.0,27.3,1.7,0.3,0.1,5.2,0.168,0.191,2079,NA
201945,Gerald Henderson,Gerald,Henderson,PHI,71,23.1,31.0,27.1,1.1,0.9,0.8,9.3,0.299,0.342,2200,NA
101161,Amir Johnson,Amir,Johnson,BOS,79,20.1,30.8,19.4,0.7,2.9,1.5,6.4,0.207,0.328,2435,NA
2585,Zaza Pachulia,Zaza,Pachulia,GSW,69,18.2,30.8,17.8,0.7,3.4,2.9,6.1,0.198,0.342,2122,NA
201158,Marco Belinelli,Marco,Belinelli,CHA,74,24.1,30.6,26.8,1.1,1.1,1.1,10.5,0.344,0.393,2265,NA
201960,DeMarre Carroll,DeMarre,Carroll,TOR,70,26.3,30.6,20.6,0.8,0.8,0.3,8.8,0.289,0.43,2142,NA
201150,Spencer Hawes,Spencer,Hawes,CHA,35,17.9,30.6,21.7,0.8,2.5,2.3,7.3,0.237,0.334,1071,NA
203458,Alex Len,Alex,Len,PHX,74,20.4,30.6,15.8,0.6,4.2,1.9,8.1,0.264,0.511,2261,NA
203469,Cody Zeller,Cody,Zeller,CHA,60,28.0,30.6,22.4,0.7,3.4,5.1,10.4,0.342,0.465,1833,NA
101181,Jose Calderon,Jose,Calderon,TOTAL,39,12.6,30.5,24.1,1.9,0.2,0.4,3.1,0.103,0.13,1188,NA
1626149,Montrezl Harrell,Montrezl,Harrell,HOU,58,18.4,30.5,17.6,0.7,3.3,2.4,9.1,0.298,0.516,1767,NA
1627747,Caris LeVert,Caris,LeVert,BKN,55,21.7,30.5,25.9,1.3,0.3,0.2,8.3,0.271,0.32,1676,NA
1627812,Yogi Ferrell,Yogi,Ferrell,BKN,10,15.2,30.4,26.6,2.0,0.2,0.5,5.4,0.178,0.203,304,NA
203457,Nerlens Noel,Nerlens,Noel,TOTAL,49,20.6,30.4,18.6,0.7,3.2,2.7,8.7,0.286,0.468,1491,NA
202498,Lance Thomas,Lance,Thomas,NYK,46,21.1,30.3,20.3,0.7,0.7,0.7,6.0,0.198,0.294,1392,NA
203124,Kyle O'Quinn,Kyle,O'Quinn,NYK,78,15.6,30.2,17.5,0.8,2.0,2.9,6.3,0.208,0.36,2355,NA
1627746,Skal Labissiere,Skal,Labissiere,SAC,31,17.8,30.1,17.9,0.9,2.5,4.1,8.7,0.29,0.486,932,NA
2594,Kyle Korver,Kyle,Korver,TOTAL,65,26.3,29.7,22.8,0.6,0.8,0.8,10.1,0.34,0.443,1933,NA
101181,Jose Calderon,Jose,Calderon,LAL,24,12.1,29.6,23.6,1.9,0.2,0.5,3.3,0.113,0.141,711,NA
1626188,Quinn Cook,Quinn,Cook,TOTAL,12,11.8,29.5,24.2,2.2,0.4,0.1,5.4,0.184,0.224,354,NA
203925,Joe Harris,Joe,Harris,BKN,51,21.9,29.5,24.0,0.9,0.7,0.5,8.3,0.282,0.345,1502,NA
201973,Jonas Jerebko,Jonas,Jerebko,BOS,77,16.0,29.5,15.6,0.6,0.7,0.3,3.9,0.132,0.248,2272,NA
202682,Derrick Williams,Derrick,Williams,MIA,25,15.1,29.5,15.7,0.7,1.0,0.8,5.9,0.201,0.377,738,NA
1626184,Chasson Randle,Chasson,Randle,NYK,17,11.8,29.4,24.9,1.9,0.3,0.4,4.9,0.166,0.196,499,NA
2403,Nene, ,Nene,HOU,66,17.9,29.3,16.9,0.6,3.7,2.4,9.1,0.31,0.537,1935,NA
201578,Marreese Speights,Marreese,Speights,LAC,81,15.7,29.2,16.9,0.6,1.5,1.0,8.7,0.298,0.515,2364,NA
203488,Mike Muscala,Mike,Muscala,ATL,68,17.6,29.1,17.4,0.5,2.3,1.9,6.1,0.211,0.353,1979,NA
202389,Timofey Mozgov,Timofey,Mozgov,LAL,54,20.4,29.1,18.4,0.8,3.6,2.7,7.4,0.256,0.405,1569,NA
202718,Chandler Parsons,Chandler,Parsons,MEM,34,19.8,29.1,24.9,1.2,0.5,1.3,6.2,0.212,0.248,990,NA
1626147,Justin Anderson,Justin,Anderson,TOTAL,73,16.3,29.0,19.4,0.9,0.7,0.7,6.9,0.239,0.358,2116,NA
201585,Kosta Koufos,Kosta,Koufos,SAC,71,20.0,29.0,15.6,0.7,4.5,2.7,6.6,0.228,0.425,2062,NA
1627741,Buddy Hield,Buddy,Hield,NOP,57,20.4,28.9,25.2,1.2,0.4,0.4,8.6,0.296,0.339,1650,NA
204038,Langston Galloway,Langston,Galloway,TOTAL,72,19.8,28.8,24.6,1.3,0.2,0.7,7.9,0.273,0.32,2076,NA
203926,Doug McDermott,Doug,McDermott,CHI,44,24.6,28.6,22.8,0.6,1.0,0.8,10.2,0.356,0.447,1257,NA
2734,Devin Harris,Devin,Harris,DAL,62,16.6,28.5,23.8,1.5,0.5,0.7,6.6,0.232,0.277,1766,NA
202700,Donatas Motiejunas,Donatas,Motiejunas,NOP,32,13.7,28.4,16.4,0.5,2.2,1.6,4.2,0.15,0.259,908,NA
201166,Aaron Brooks,Aaron,Brooks,IND,63,13.5,28.3,25.3,2.5,0.1,0.1,4.8,0.17,0.19,1781,NA
203082,Terrence Ross,Terrence,Ross,TOTAL,76,25.1,28.3,21.8,0.9,0.2,0.8,11.2,0.397,0.515,2148,NA
201961,Wayne Ellington,Wayne,Ellington,MIA,60,24.0,28.1,22.3,0.7,0.3,1.1,10.4,0.372,0.469,1684,NA
204038,Langston Galloway,Langston,Galloway,NOP,55,20.4,28.1,24.3,1.2,0.2,0.8,8.6,0.305,0.352,1543,NA
201967,Dante Cunningham,Dante,Cunningham,NOP,64,25.2,28.0,14.5,0.5,1.1,0.8,6.5,0.231,0.448,1795,NA
1626170,Jerian Grant,Jerian,Grant,CHI,62,16.2,27.8,23.8,1.7,0.3,0.2,5.9,0.212,0.247,1722,NA
202711,Bojan Bogdanovic,Bojan,Bogdanovic,WAS,25,22.9,27.6,21.4,1.0,0.9,1.7,12.9,0.467,0.603,691,NA
1627735,Wade Baldwin IV,Wade,Baldwin IV,MEM,32,12.1,27.6,24.2,2.5,0.2,0.2,3.0,0.11,0.125,883,NA
203462,Archie Goodwin,Archie,Goodwin,BKN,11,14.2,27.5,23.5,1.7,0.5,0.0,6.8,0.248,0.291,302,NA
203086,Meyers Leonard,Meyers,Leonard,POR,73,16.3,27.5,16.4,0.6,1.2,1.3,5.4,0.196,0.329,2007,NA
201956,Omri Casspi,Omri,Casspi,MIN,11,16.9,27.4,12.9,0.5,1.5,0.5,3.1,0.113,0.239,301,NA
203087,Jeremy Lamb,Jeremy,Lamb,CHA,60,18.2,27.4,22.5,1.4,0.4,0.6,9.5,0.347,0.422,1645,NA
203200,Justin Holiday,Justin,Holiday,NYK,81,20.0,27.3,22.3,0.8,0.8,0.7,7.5,0.275,0.337,2213,NA
203503,Tony Snell,Tony,Snell,MIL,79,29.2,27.3,20.2,0.8,0.5,0.4,8.4,0.31,0.419,2155,NA
201563,Michael Beasley,Michael,Beasley,MIL,54,16.4,27.2,17.4,0.8,1.6,1.1,9.4,0.347,0.542,1471,NA
202697,Iman Shumpert,Iman,Shumpert,CLE,74,25.3,27.2,21.9,1.2,0.3,0.3,7.4,0.27,0.336,2015,NA
203613,Jonathon Simmons,Jonathon,Simmons,SAS,76,18.0,27.0,23.0,1.3,0.5,0.4,6.2,0.232,0.271,2050,NA
203585,Rodney McGruder,Rodney,McGruder,MIA,76,25.2,26.9,19.5,0.8,1.2,0.6,6.4,0.238,0.328,2046,NA
101139,CJ Miles,CJ,Miles,IND,74,23.4,26.8,18.9,0.6,0.4,0.9,10.6,0.397,0.563,1982,NA
203457,Nerlens Noel,Nerlens,Noel,DAL,20,22.1,26.8,13.9,0.6,3.2,2.0,8.5,0.317,0.612,537,NA
202337,Luke Babbitt,Luke,Babbitt,MIA,68,15.7,26.7,13.2,0.5,0.3,0.3,4.8,0.178,0.36,1818,NA
1626161,Willie Cauley-Stein,Willie,Cauley-Stein,SAC,73,18.7,26.6,16.5,0.8,3.7,4.2,7.9,0.298,0.482,1941,NA
1626184,Chasson Randle,Chasson,Randle,TOTAL,25,11.0,26.4,22.4,1.6,0.3,0.2,5.0,0.19,0.223,659,NA
201228,C.J. Watson,C.J.,Watson,ORL,62,16.3,26.3,22.9,1.4,0.4,0.4,4.5,0.172,0.198,1632,NA
203112,Quincy Acy,Quincy,Acy,BKN,32,16.0,26.2,16.0,0.5,0.8,0.5,6.5,0.249,0.408,838,NA
1626147,Justin Anderson,Justin,Anderson,DAL,50,14.2,26.2,17.5,0.8,0.4,0.7,6.6,0.251,0.375,1310,NA
203463,Ben McLemore,Ben,McLemore,SAC,59,19.0,26.1,20.4,0.8,0.8,1.1,7.9,0.303,0.389,1541,NA
201150,Spencer Hawes,Spencer,Hawes,TOTAL,53,14.7,26.0,18.3,0.7,2.1,2.1,6.1,0.234,0.331,1378,NA
203504,Trey Burke,Trey,Burke,WAS,56,12.0,25.9,23.8,2.0,0.1,0.8,4.6,0.178,0.194,1451,NA
203939,Dwight Powell,Dwight,Powell,DAL,74,17.1,25.9,13.6,0.5,2.1,1.5,6.5,0.253,0.479,1914,NA
2743,Kris Humphries,Kris,Humphries,ATL,54,12.1,25.8,14.7,0.5,1.6,1.8,4.6,0.177,0.31,1393,NA
204028,Tarik Black,Tarik,Black,LAL,65,16.2,25.7,13.6,0.6,3.2,1.9,5.7,0.222,0.42,1672,NA
203926,Doug McDermott,Doug,McDermott,TOTAL,66,22.8,25.7,20.4,0.5,0.7,0.7,9.0,0.349,0.439,1697,NA
201160,Jason Smith,Jason,Smith,WAS,73,14.6,25.7,12.1,0.4,0.5,2.3,5.7,0.222,0.471,1875,NA
2210,Richard Jefferson,Richard,Jefferson,CLE,77,20.3,25.6,15.7,0.5,1.4,0.6,5.7,0.224,0.364,1968,NA
1626166,Cameron Payne,Cameron,Payne,CHI,11,12.9,25.5,21.3,1.6,0.0,0.3,4.9,0.193,0.231,280,NA
203141,Mirza Teletovic,Mirza,Teletovic,MIL,68,16.0,25.5,13.2,0.5,0.4,0.2,6.5,0.256,0.494,1731,NA
2744,Al Jefferson,Al,Jefferson,IND,65,14.1,25.4,16.1,0.8,2.6,2.5,8.2,0.321,0.507,1652,NA
202682,Derrick Williams,Derrick,Williams,TOTAL,48,16.0,25.3,14.1,0.6,1.1,0.7,6.1,0.242,0.433,1215,NA
203546,Ian Clark,Ian,Clark,GSW,76,14.7,25.1,21.8,1.2,1.0,0.3,6.9,0.274,0.316,1911,NA
2561,David West,David,West,GSW,67,12.5,25.1,17.1,0.6,2.2,3.3,4.7,0.186,0.274,1685,NA
1626155,Sam Dekker,Sam,Dekker,HOU,77,18.5,25.0,13.5,0.5,0.9,0.1,6.5,0.261,0.485,1928,NA
201975,Jodie Meeks,Jodie,Meeks,ORL,35,20.6,25.0,21.1,0.7,0.3,0.6,9.0,0.36,0.427,874,NA
1626145,Tyus Jones,Tyus,Jones,MIN,58,12.6,24.9,21.3,1.8,0.1,0.2,3.3,0.131,0.154,1445,NA
NA,Luis Scola,Luis,Scola,BKN,35,12.7,24.9,15.6,0.5,1.2,0.9,5.0,0.201,0.32,871,NA
201589,Darrell Arthur,Darrell,Arthur,DEN,39,14.9,24.8,15.0,0.5,0.6,0.8,6.2,0.248,0.41,969,NA
2594,Kyle Korver,Kyle,Korver,CLE,33,24.8,24.8,18.3,0.5,0.2,0.7,10.7,0.431,0.583,817,NA
203530,Joffrey Lauvergne,Joffrey,Lauvergne,OKC,50,14.8,24.8,14.0,0.5,1.8,0.8,5.7,0.23,0.409,1241,NA
203516,James Ennis III,James,Ennis III,MEM,64,23.4,24.7,17.6,0.7,0.9,0.5,6.7,0.271,0.382,1582,NA
1626169,Stanley Johnson,Stanley,Johnson,DET,76,17.8,24.7,17.6,0.8,0.2,0.3,4.5,0.181,0.254,1876,NA
203089,John Henson,John,Henson,MIL,56,19.5,24.6,16.1,0.6,4.5,4.3,6.8,0.277,0.425,1379,NA
203082,Terrence Ross,Terrence,Ross,TOR,53,22.3,24.6,18.3,0.8,0.1,0.4,10.5,0.426,0.573,1303,NA
101133,Ian Mahinmi,Ian,Mahinmi,WAS,31,17.6,24.5,12.7,0.6,2.9,2.1,5.6,0.228,0.438,760,NA
203462,Archie Goodwin,Archie,Goodwin,TOTAL,14,13.2,24.3,20.9,1.5,0.4,0.1,6.4,0.265,0.308,340,NA
201582,Alexis Ajinca,Alexis,Ajinca,NOP,37,14.4,24.2,11.4,0.5,2.0,1.4,4.9,0.203,0.431,896,NA
202692,Alec Burks,Alec,Burks,UTA,41,15.8,24.2,20.3,1.3,0.3,0.4,6.8,0.282,0.337,994,NA
202334,Ed Davis,Ed,Davis,POR,46,17.2,24.2,11.4,0.5,2.2,2.0,4.3,0.18,0.381,1111,NA
203473,Dewayne Dedmon,Dewayne,Dedmon,SAS,74,17.6,24.1,12.1,0.5,2.5,1.9,5.2,0.215,0.426,1783,NA
1627827,Dorian Finney-Smith,Dorian,Finney-Smith,DAL,78,20.2,24.1,14.6,0.6,0.6,0.3,4.3,0.178,0.295,1883,NA
NA,Marcelo Huertas,Marcelo,Huertas,LAL,23,10.3,24.0,19.8,1.8,0.4,0.2,2.7,0.114,0.138,551,NA
203530,Joffrey Lauvergne,Joffrey,Lauvergne,TOTAL,69,14.1,24.0,13.9,0.5,1.9,1.1,5.4,0.226,0.39,1653,NA
1626181,Norman Powell,Norman,Powell,TOR,74,17.6,23.9,19.2,1.1,0.4,0.2,8.0,0.333,0.414,1772,NA
1627834,Georgios Papagiannis,Georgios,Papagiannis,SAC,20,15.1,23.9,13.2,0.7,2.7,4.0,5.2,0.22,0.399,478,NA
1626210,Alan Williams,Alan,Williams,PHX,46,14.7,23.8,13.3,0.4,3.4,1.7,7.2,0.304,0.544,1093,NA
203112,Quincy Acy,Quincy,Acy,TOTAL,38,14.7,23.7,14.3,0.5,0.8,0.5,5.8,0.246,0.409,902,NA
203924,Jerami Grant,Jerami,Grant,TOTAL,78,19.1,23.5,13.2,0.5,0.7,0.6,5.4,0.228,0.405,1831,NA
1627848,Shawn Long,Shawn,Long,PHI,17,12.8,23.5,16.4,0.6,1.8,2.5,8.2,0.351,0.504,399,NA
NA,Marcus Thornton,Marcus,Thornton,WAS,33,17.4,23.5,19.5,1.0,0.4,0.8,6.6,0.282,0.341,777,NA
203943,Noah Vonleh,Noah,Vonleh,POR,73,16.8,23.5,10.3,0.5,1.8,1.1,4.3,0.184,0.419,1713,NA
1627835,Paul Zipser,Paul,Zipser,CHI,43,19.0,23.5,15.7,0.7,0.4,0.4,5.1,0.217,0.325,1011,NA
203584,Troy Daniels,Troy,Daniels,MEM,66,17.6,23.4,18.3,0.7,0.2,1.0,8.3,0.355,0.453,1545,NA
203898,Tyler Ennis,Tyler,Ennis,TOTAL,51,10.2,23.4,19.4,1.5,0.3,0.2,4.1,0.175,0.211,1191,NA
1627851,Mindaugas Kuzminskas,Mindaugas,Kuzminskas,NYK,67,14.9,23.3,19.0,0.7,1.2,0.6,6.2,0.265,0.325,1560,NA
1627789,Timothe Luwawu-Cabarrot,Timothe,Luwawu-Cabarrot,PHI,68,17.2,23.3,16.6,0.7,0.8,0.2,6.3,0.272,0.382,1582,NA
202730,Lavoy Allen,Lavoy,Allen,IND,60,14.5,23.2,11.5,0.4,1.6,1.2,3.0,0.127,0.257,1392,NA
1626245,Cristiano Felicio,Cristiano,Felicio,CHI,65,15.7,23.2,12.7,0.5,1.9,1.6,4.8,0.208,0.38,1509,NA
203477,Isaiah Canaan,Isaiah,Canaan,CHI,39,15.2,23.1,19.0,1.1,0.3,0.1,4.6,0.201,0.244,899,NA
203924,Jerami Grant,Jerami,Grant,OKC,76,19.1,23.1,12.9,0.5,0.7,0.5,5.3,0.229,0.411,1752,NA
NA,Pierre Jackson,Pierre,Jackson,DAL,9,9.2,23.1,21.0,2.0,0.0,0.1,3.9,0.168,0.185,208,NA
203080,Thomas Robinson,Thomas,Robinson,LAL,46,11.5,23.0,12.5,0.6,1.2,1.3,4.9,0.215,0.396,1058,NA
1627362,Briante Weber,Briante,Weber,CHA,11,10.4,23.0,19.8,1.9,0.9,0.1,3.4,0.146,0.17,253,NA
201600,Omer Asik,Omer,Asik,NOP,31,15.6,22.8,9.9,0.4,2.1,0.5,2.7,0.12,0.277,706,NA
203922,Glenn Robinson III,Glenn,Robinson III,IND,68,20.5,22.8,15.9,0.6,0.8,0.4,6.0,0.265,0.381,1553,NA
1626188,Quinn Cook,Quinn,Cook,NOP,7,9.2,22.4,17.3,1.5,0.6,0.1,5.4,0.242,0.314,157,NA
1626185,Jarell Martin,Jarell,Martin,MEM,41,13.5,22.4,10.4,0.5,1.0,0.8,3.9,0.175,0.379,919,NA
1626162,Kelly Oubre Jr.,Kelly,Oubre Jr.,WAS,78,20.1,22.4,15.2,0.6,0.7,0.4,6.3,0.282,0.416,1746,NA
NA,Nicolas Laprovittola,Nicolas,Laprovittola,SAS,18,9.7,22.3,19.3,1.5,0.3,0.6,3.3,0.147,0.17,402,NA
1627786,Troy Williams,Troy,Williams,TOTAL,29,19.1,22.2,16.7,0.6,0.8,0.3,6.3,0.284,0.377,644,NA
1891,Jason Terry,Jason,Terry,MIL,72,18.6,21.8,15.4,0.7,0.3,0.6,4.0,0.184,0.261,1572,NA
203937,Kyle Anderson,Kyle,Anderson,SAS,70,14.2,21.7,15.9,0.8,0.7,0.4,3.4,0.154,0.211,1522,NA
1627759,Jaylen Brown,Jaylen,Brown,BOS,77,17.2,21.7,17.0,0.6,1.5,0.2,6.6,0.302,0.385,1671,NA
203530,Joffrey Lauvergne,Joffrey,Lauvergne,CHI,19,12.4,21.7,13.5,0.5,1.9,1.8,4.6,0.211,0.339,412,NA
2571,Leandro Barbosa,Leandro,Barbosa,PHX,65,14.3,21.5,18.8,1.0,0.2,0.3,6.4,0.296,0.339,1395,NA
NA,Hollis Thompson,Hollis,Thompson,NOP,9,21.2,21.3,14.2,0.5,1.1,0.1,3.8,0.177,0.266,192,NA
201148,Brandan Wright,Brandan,Wright,MEM,27,15.9,21.3,12.9,0.5,3.3,2.6,6.9,0.322,0.53,575,NA
203512,Lucas Nogueira,Lucas,Nogueira,TOR,55,19.1,21.2,10.9,0.3,2.3,1.2,4.5,0.212,0.414,1166,NA
1627756,Denzel Valentine,Denzel,Valentine,CHI,56,17.3,21.1,17.0,0.8,0.3,0.1,5.1,0.242,0.3,1184,NA
1627362,Briante Weber,Briante,Weber,TOTAL,18,8.9,20.9,16.9,1.5,0.7,0.2,2.7,0.13,0.161,377,NA
203107,Tomas Satoransky,Tomas,Satoransky,WAS,56,12.2,20.7,16.8,1.3,0.3,0.3,2.7,0.131,0.161,1157,NA
202682,Derrick Williams,Derrick,Williams,CLE,23,17.0,20.7,12.4,0.5,1.2,0.5,6.3,0.306,0.51,477,NA
1627752,Taurean Prince,Taurean,Prince,ATL,57,16.4,20.6,16.1,0.7,0.4,0.3,5.5,0.268,0.344,1177,NA
1627733,Dragan Bender,Dragan,Bender,PHX,40,13.1,20.5,11.9,0.4,0.3,0.3,3.2,0.159,0.274,820,NA
2399,Mike Dunleavy,Mike,Dunleavy,ATL,28,15.7,20.5,16.2,0.5,0.7,0.3,5.6,0.275,0.349,574,NA
203148,Brian Roberts,Brian,Roberts,CHA,39,9.3,20.4,19.1,1.8,0.1,0.1,3.4,0.165,0.176,795,NA
1627783,Pascal Siakam,Pascal,Siakam,TOR,53,15.1,20.4,10.6,0.4,1.5,0.8,4.0,0.196,0.377,1079,NA
1627749,Dejounte Murray,Dejounte,Murray,SAS,37,8.6,20.2,17.2,1.6,0.5,0.3,3.5,0.171,0.201,747,NA
1627855,Okaro White,Okaro,White,MIA,33,13.5,20.1,9.0,0.4,0.8,0.3,2.9,0.145,0.323,662,NA
202407,Elijah Millsap,Elijah,Millsap,PHX,1,12.0,20.0,15.0,0.8,1.0,0.0,0.0,0.0,0.0,20,NA
203926,Doug McDermott,Doug,McDermott,OKC,22,19.3,20.0,15.7,0.4,0.3,0.4,6.6,0.33,0.419,440,NA
201575,Brandon Rush,Brandon,Rush,MIN,45,21.9,20.0,15.2,0.5,0.3,0.2,4.2,0.208,0.275,902,NA
1626184,Chasson Randle,Chasson,Randle,PHI,8,9.3,20.0,17.1,1.1,0.2,0.0,5.2,0.262,0.307,160,NA
201601,Luc Mbah a Moute,Luc,Mbah a Moute,LAC,79,22.2,19.9,13.3,0.5,1.2,0.5,5.9,0.299,0.448,1572,NA
203894,Shabazz Napier,Shabazz,Napier,POR,52,9.4,19.9,17.3,1.5,0.1,0.1,3.7,0.186,0.215,1036,NA
1626209,Mario Hezonja,Mario,Hezonja,ORL,64,14.7,19.7,15.1,0.7,0.3,0.4,4.8,0.245,0.32,1263,NA
201147,Corey Brewer,Corey,Brewer,LAL,22,14.4,19.6,16.5,0.7,0.1,0.3,5.2,0.265,0.313,431,NA
2399,Mike Dunleavy,Mike,Dunleavy,TOTAL,51,15.8,19.6,15.2,0.5,0.8,0.5,5.2,0.264,0.341,1001,NA
NA,Anthony Bennett,Anthony,Bennett,BKN,22,11.1,19.5,11.0,0.4,1.2,0.4,4.9,0.25,0.44,428,NA
1627786,Troy Williams,Troy,Williams,MEM,24,17.4,19.5,15.8,0.6,0.8,0.4,5.3,0.271,0.335,469,NA
NA,Justin Harper,Justin,Harper,PHI,3,10.5,19.3,12.7,0.4,1.0,1.3,4.0,0.207,0.316,58,NA
1627770,Kay Felder,Kay,Felder,CLE,41,9.3,19.0,16.4,1.7,0.1,0.1,4.0,0.208,0.241,778,NA
NA,Anthony Brown,Anthony,Brown,NOP,9,15.9,18.9,13.9,0.6,0.3,0.1,3.8,0.2,0.272,170,NA
202722,Davis Bertans,Davis,Bertans,SAS,65,12.2,18.8,11.4,0.4,0.4,0.4,4.6,0.242,0.399,1222,NA
NA,Hollis Thompson,Hollis,Thompson,TOTAL,40,18.8,18.8,13.4,0.4,0.6,0.2,5.1,0.273,0.383,751,NA
202325,Wesley Johnson,Wesley,Johnson,LAC,67,12.0,18.7,9.0,0.3,0.3,0.3,2.7,0.147,0.305,1255,NA
203498,Shabazz Muhammad,Shabazz,Muhammad,MIN,76,19.4,18.7,15.7,0.6,2.0,0.2,9.8,0.522,0.622,1420,NA
1627819,Isaiah Taylor,Isaiah,Taylor,HOU,3,17.0,18.7,15.0,1.0,0.0,0.0,1.0,0.054,0.067,56,NA
2399,Mike Dunleavy,Mike,Dunleavy,CLE,23,15.9,18.6,14.0,0.5,0.9,0.7,4.6,0.248,0.33,427,NA
1627775,Patrick McCaw,Patrick,McCaw,GSW,70,15.0,18.6,15.4,0.6,0.5,0.2,3.8,0.206,0.25,1304,NA
203518,Alex Abrines,Alex,Abrines,OKC,66,15.4,18.4,14.0,0.4,0.2,0.4,5.9,0.32,0.422,1217,NA
NA,Jared Sullinger,Jared,Sullinger,TOR,11,10.7,18.1,11.8,0.4,1.4,1.2,3.4,0.186,0.285,199,NA
NA,Anthony Brown,Anthony,Brown,TOTAL,11,14.5,18.0,13.4,0.6,0.3,0.3,3.9,0.217,0.293,198,NA
NA,Gary Neal,Gary,Neal,ATL,2,9.2,18.0,14.5,1.0,0.0,0.0,2.0,0.111,0.138,36,NA
NA,Hollis Thompson,Hollis,Thompson,PHI,31,18.1,18.0,13.1,0.4,0.5,0.2,5.5,0.306,0.42,559,NA
NA,Lamar Patterson,Lamar,Patterson,ATL,5,8.1,17.8,15.8,1.0,0.4,0.0,1.8,0.101,0.114,89,NA
1628021,David Nwaba,David,Nwaba,LAL,18,19.1,17.7,13.6,0.7,1.1,0.5,5.6,0.318,0.412,318,NA
1718,Paul Pierce,Paul,Pierce,LAC,24,11.5,17.7,11.0,0.5,0.1,0.2,3.4,0.191,0.308,425,NA
1627362,Briante Weber,Briante,Weber,GSW,7,6.6,17.7,12.4,1.0,0.3,0.4,1.7,0.097,0.138,124,NA
101138,Brandon Bass,Brandon,Bass,LAC,51,11.2,17.5,11.0,0.5,2.0,0.9,5.6,0.319,0.51,894,NA
2756,Sasha Vujacic,Sasha,Vujacic,NYK,41,9.5,17.4,14.4,0.8,0.1,0.2,2.9,0.164,0.198,715,NA
202362,Lance Stephenson,Lance,Stephenson,MIN,6,11.2,17.2,15.0,0.8,0.2,0.0,3.5,0.204,0.233,103,NA
201150,Spencer Hawes,Spencer,Hawes,MIL,18,8.5,17.1,11.7,0.4,1.2,1.7,3.8,0.221,0.322,307,NA
1627782,Wayne Selden,Wayne,Selden,MEM,10,15.8,17.1,15.0,0.6,0.2,1.1,4.5,0.263,0.3,171,NA
201147,Corey Brewer,Corey,Brewer,TOTAL,80,15.5,16.9,13.6,0.5,0.4,0.2,4.4,0.263,0.328,1353,NA
203909,KJ McDaniels,KJ,McDaniels,BKN,19,14.1,16.9,14.4,0.6,0.6,0.3,5.8,0.346,0.407,321,NA
1627823,Juan Hernangomez,Juan,Hernangomez,DEN,59,13.0,16.8,9.6,0.3,0.8,0.1,4.7,0.281,0.49,990,NA
202338,Kevin Seraphin,Kevin,Seraphin,IND,47,11.2,16.8,9.4,0.4,1.8,1.2,4.6,0.271,0.483,789,NA
NA,DeAndre Liggins,DeAndre,Liggins,CLE,61,12.3,16.7,13.8,1.0,0.4,0.1,2.4,0.142,0.172,1016,NA
1626257,Salah Mejri,Salah,Mejri,DAL,70,12.4,16.6,7.7,0.4,1.6,1.0,2.9,0.173,0.373,1163,NA
NA,Mike Scott,Mike,Scott,ATL,18,10.9,16.6,11.2,0.4,1.1,1.1,2.5,0.151,0.224,298,NA
203493,Reggie Bullock,Reggie,Bullock,DET,30,14.6,16.5,12.5,0.4,0.7,0.7,4.1,0.25,0.332,496,NA
203898,Tyler Ennis,Tyler,Ennis,HOU,31,6.3,16.3,13.5,1.1,0.1,0.1,1.9,0.115,0.139,506,NA
1627784,Jarrod Uthoff,Jarrod,Uthoff,DAL,7,10.9,16.3,10.1,0.4,1.1,0.7,3.4,0.211,0.338,114,NA
NA,Reggie Williams,Reggie,Williams,NOP,6,13.3,16.3,14.0,0.5,0.3,0.2,4.5,0.276,0.321,98,NA
203940,Adreian Payne,Adreian,Payne,MIN,17,7.7,16.2,8.7,0.4,0.8,0.8,3.7,0.228,0.426,276,NA
1627782,Wayne Selden,Wayne,Selden,TOTAL,13,15.8,16.2,13.9,0.6,0.2,0.8,4.7,0.289,0.337,211,NA
203092,Tyler Zeller,Tyler,Zeller,BOS,50,10.3,16.1,11.4,0.4,1.6,1.5,3.5,0.215,0.304,806,NA
202708,Norris Cole,Norris,Cole,OKC,11,7.6,16.0,14.4,1.5,0.1,0.0,2.4,0.148,0.165,176,NA
203094,Andrew Nicholson,Andrew,Nicholson,BKN,9,9.8,16.0,8.4,0.4,0.8,0.4,3.1,0.194,0.368,144,NA
201147,Corey Brewer,Corey,Brewer,HOU,58,15.9,15.9,12.4,0.4,0.6,0.2,4.2,0.262,0.336,922,NA
203382,Aron Baynes,Aron,Baynes,DET,75,15.5,15.9,10.5,0.4,2.6,1.5,4.9,0.307,0.463,1189,NA
1627740,Henry Ellenson,Henry,Ellenson,DET,18,7.1,15.8,8.5,0.3,0.2,0.5,2.7,0.169,0.314,284,NA
203526,Raul Neto,Raul,Neto,UTA,40,8.7,15.8,14.2,1.0,0.2,0.1,2.5,0.158,0.176,632,NA
203186,Willie Reed,Willie,Reed,MIA,69,14.6,15.5,9.8,0.4,2.3,1.4,5.1,0.33,0.524,1069,NA
1627767,Cheick Diallo,Cheick,Diallo,NOP,15,9.5,15.4,6.4,0.3,1.1,0.7,3.7,0.242,0.583,231,NA
101179,Ronnie Price,Ronnie,Price,PHX,13,8.9,15.3,13.2,0.9,0.1,0.1,0.7,0.045,0.053,199,NA
201579,Roy Hibbert,Roy,Hibbert,CHA,42,16.0,15.0,9.9,0.3,2.7,1.1,5.2,0.344,0.524,631,NA
1627748,Thon Maker,Thon,Maker,MIL,55,9.5,15.0,7.0,0.3,1.1,0.9,3.9,0.26,0.561,826,NA
1627832,Fred VanVleet,Fred,VanVleet,TOR,35,7.8,15.0,13.2,1.2,0.0,0.1,2.9,0.194,0.221,525,NA
1627884,"Derrick Jones, Jr.",Derrick,"Jones, Jr.",PHX,31,16.3,14.9,10.9,0.3,0.9,0.4,5.1,0.342,0.469,462,NA
201168,Tiago Splitter,Tiago,Splitter,PHI,7,7.8,14.9,11.1,0.4,2.7,2.3,3.9,0.26,0.346,104,NA
101123,Gerald Green,Gerald,Green,BOS,46,11.2,14.7,11.4,0.5,0.3,0.3,5.3,0.361,0.466,675,NA
NA,Jordan McRae,Jordan,McRae,CLE,37,10.4,14.5,11.0,0.8,0.3,0.3,4.4,0.3,0.397,536,NA
1626254,Maurice Ndour,Maurice,Ndour,NYK,31,9.9,14.3,8.6,0.3,1.2,1.2,3.0,0.21,0.347,443,NA
NA,Manny Harris,Manny,Harris,DAL,4,6.2,14.2,13.0,1.0,0.2,0.0,2.0,0.14,0.154,57,NA
203949,James Michael McAdoo,James Michael,McAdoo,GSW,51,8.4,14.1,8.6,0.3,1.6,1.1,2.7,0.194,0.317,718,NA
NA,Anthony Brown,Anthony,Brown,ORL,2,8.2,14.0,11.0,0.7,0.0,1.0,4.5,0.321,0.409,28,NA
1627852,Nicolas Brussino,Nicolas,Brussino,DAL,52,8.8,14.0,10.0,0.4,0.2,0.3,2.5,0.179,0.25,727,NA
203962,Josh Huestis,Josh,Huestis,OKC,1,6.9,14.0,10.0,0.3,0.0,0.0,7.0,0.5,0.7,14,NA
NA,Mike Tobey,Mike,Tobey,CHA,2,12.6,14.0,11.5,0.2,1.5,1.5,1.0,0.071,0.087,28,NA
NA,Chris Andersen,Chris,Andersen,CLE,12,9.5,13.8,6.4,0.3,0.3,0.8,2.3,0.17,0.364,165,NA
1626172,Kevon Looney,Kevon,Looney,GSW,53,8.5,13.6,8.0,0.3,1.9,0.8,2.5,0.187,0.319,722,NA
201580,JaVale McGee,JaVale,McGee,GSW,76,9.5,13.6,8.0,0.3,2.9,0.7,6.1,0.447,0.755,1031,NA
1627778,Chinanu Onuaku,Chinanu,Onuaku,HOU,5,10.3,13.6,6.4,0.3,1.8,0.6,2.8,0.206,0.438,68,NA
1627751,Jakob Poeltl,Jakob,Poeltl,TOR,52,11.5,13.6,6.8,0.3,1.8,0.5,3.0,0.223,0.449,709,NA
201579,Roy Hibbert,Roy,Hibbert,TOTAL,48,14.2,13.4,8.8,0.3,2.4,0.9,4.6,0.345,0.524,641,NA
1626199,Darrun Hilliard,Darrun,Hilliard,DET,38,9.7,13.4,11.4,0.6,0.1,0.6,3.1,0.234,0.275,509,NA
201627,Anthony Morrow,Anthony,Morrow,OKC,40,15.7,13.4,12.0,0.3,0.2,0.4,5.8,0.428,0.479,537,NA
NA,Anderson Varejao,Anderson,Varejao,GSW,14,6.6,13.4,7.6,0.4,0.7,1.1,1.3,0.096,0.168,188,NA
203094,Andrew Nicholson,Andrew,Nicholson,TOTAL,37,8.6,13.3,7.4,0.3,1.0,0.7,2.6,0.199,0.36,492,NA
1627782,Wayne Selden,Wayne,Selden,NOP,3,15.6,13.3,10.3,0.4,0.0,0.0,5.3,0.4,0.516,40,NA
203481,Jeff Withey,Jeff,Withey,UTA,50,8.6,13.3,6.9,0.2,1.4,0.9,2.9,0.215,0.416,664,NA
1627761,DeAndre' Bembry,DeAndre',Bembry,ATL,37,9.2,12.8,10.4,0.5,1.0,0.2,2.5,0.198,0.244,474,NA
203948,Johnny O'Bryant III,Johnny,O'Bryant III,CHA,4,8.6,12.8,9.5,0.3,0.8,2.0,4.5,0.353,0.474,51,NA
1627854,Bryn Forbes,Bryn,Forbes,SAS,35,8.0,12.7,11.2,0.7,0.0,0.2,2.6,0.207,0.234,445,NA
203462,Archie Goodwin,Archie,Goodwin,NOP,3,9.9,12.7,11.3,0.7,0.3,0.7,5.0,0.395,0.441,38,NA
201627,Anthony Morrow,Anthony,Morrow,TOTAL,48,14.8,12.5,11.1,0.3,0.1,0.4,5.5,0.445,0.499,598,NA
203094,Andrew Nicholson,Andrew,Nicholson,WAS,28,8.3,12.4,7.0,0.3,1.0,0.8,2.5,0.201,0.357,348,NA
1626246,Boban Marjanovic,Boban,Marjanovic,DET,34,8.0,12.1,8.1,0.3,2.9,0.9,5.2,0.432,0.646,410,NA
2555,Nick Collison,Nick,Collison,OKC,18,6.2,12.0,6.8,0.2,0.6,1.0,1.3,0.106,0.187,216,NA
NA,Jarell Eddie,Jarell,Eddie,PHX,5,12.5,12.0,10.4,0.3,0.2,0.2,4.8,0.4,0.462,60,NA
1627875,Marcus Georges-Hunt,Marcus,Georges-Hunt,ORL,4,9.5,11.8,9.5,0.6,0.2,0.5,2.5,0.213,0.263,47,NA
1627781,Malachi Richardson,Malachi,Richardson,SAC,22,9.0,11.8,9.7,0.5,0.1,0.1,3.6,0.305,0.371,259,NA
202332,Cole Aldrich,Cole,Aldrich,MIN,61,8.5,11.6,5.4,0.2,1.3,1.1,1.7,0.146,0.31,706,NA
2034,Mike Miller,Mike,Miller,DEN,17,5.4,11.5,6.2,0.3,0.0,0.1,1.2,0.102,0.189,196,NA
204014,Damjan Rudez,Damjan,Rudez,ORL,45,7.0,11.4,7.5,0.2,0.1,0.2,1.8,0.159,0.243,515,NA
202713,Kyle Singler,Kyle,Singler,OKC,30,11.1,11.3,7.3,0.2,0.2,0.3,2.3,0.203,0.314,340,NA
1626173,Rashad Vaughn,Rashad,Vaughn,MIL,39,10.7,11.0,8.8,0.4,0.3,0.2,3.3,0.298,0.373,430,NA
203909,KJ McDaniels,KJ,McDaniels,TOTAL,48,10.0,10.8,8.9,0.4,0.5,0.1,4.0,0.368,0.446,519,NA
203112,Quincy Acy,Quincy,Acy,DAL,6,8.0,10.7,5.2,0.2,0.8,0.5,2.2,0.203,0.419,64,NA
2617,Udonis Haslem,Udonis,Haslem,MIA,16,8.1,10.7,6.4,0.3,1.0,0.9,1.9,0.181,0.301,171,NA
1627815,Sheldon McClellan,Sheldon,McClellan,WAS,29,8.7,10.7,8.6,0.4,0.2,0.4,2.5,0.232,0.288,311,NA
203101,Miles Plumlee,Miles,Plumlee,MIL,32,9.7,10.7,6.8,0.3,2.5,1.6,2.6,0.239,0.378,343,NA
101187,Alan Anderson,Alan,Anderson,LAC,30,10.3,10.6,7.7,0.4,0.1,0.1,2.9,0.27,0.372,318,NA
1626175,Jordan Mickey,Jordan,Mickey,BOS,25,5.6,10.6,6.5,0.2,0.9,0.3,1.5,0.143,0.233,265,NA
203101,Miles Plumlee,Miles,Plumlee,TOTAL,43,10.2,10.6,6.4,0.3,2.3,1.2,2.5,0.239,0.395,457,NA
2592,James Jones,James,Jones,CLE,47,7.3,10.4,4.8,0.2,0.2,0.3,2.6,0.251,0.549,491,NA
203101,Miles Plumlee,Miles,Plumlee,CHA,11,11.6,10.4,5.4,0.2,1.8,0.2,2.5,0.237,0.458,114,NA
1627757,Stephen Zimmerman,Stephen,Zimmerman,ORL,18,5.5,10.3,4.8,0.2,0.6,1.0,1.2,0.114,0.241,185,NA
1626174,Christian Wood,Christian,Wood,CHA,12,7.8,10.0,5.1,0.2,0.6,0.3,2.6,0.258,0.508,120,NA
1626202,Joe Young,Joe,Young,IND,32,4.2,10.0,9.2,0.9,0.0,0.1,2.0,0.197,0.213,320,NA
1627850,Marshall Plumlee,Marshall,Plumlee,NYK,20,7.2,9.9,5.6,0.2,1.1,0.9,1.3,0.131,0.234,198,NA
1626192,Pat Connaughton,Pat,Connaughton,POR,38,7.3,9.8,7.6,0.4,0.1,0.2,2.1,0.213,0.273,371,NA
203527,Ryan Kelly,Ryan,Kelly,ATL,15,5.9,9.5,5.6,0.2,0.4,0.5,1.1,0.119,0.202,143,NA
1626191,Chris McCullough,Chris,McCullough,BKN,14,5.2,9.3,5.0,0.1,0.6,0.4,2.5,0.269,0.5,130,NA
203948,Johnny O'Bryant III,Johnny,O'Bryant III,TOTAL,11,7.4,9.2,6.4,0.2,1.1,0.9,3.5,0.376,0.543,101,NA
1626191,Chris McCullough,Chris,McCullough,TOTAL,15,5.0,8.9,4.8,0.1,0.5,0.3,2.4,0.269,0.5,134,NA
1627868,Patricio Garino,Patricio,Garino,ORL,4,7.9,8.8,6.5,0.3,0.2,0.2,0.0,0.0,0.0,35,NA
203923,James Young,James,Young,BOS,28,7.8,8.5,6.4,0.2,0.2,0.1,2.4,0.282,0.376,238,NA
201941,Jordan Hill,Jordan,Hill,MIN,7,6.7,8.4,4.7,0.3,0.1,0.6,1.7,0.203,0.364,59,NA
1627745,Damian Jones,Damian,Jones,GSW,9,7.3,8.3,5.2,0.2,0.9,0.6,1.7,0.2,0.319,75,NA
1627773,AJ Hammons,AJ,Hammons,DAL,20,7.2,8.2,5.6,0.2,1.1,0.4,1.9,0.232,0.336,164,NA
201628,Bobby Brown,Bobby,Brown,HOU,24,5.1,8.0,7.2,0.6,0.0,0.0,2.6,0.325,0.358,191,NA
1627744,Brice Johnson,Brice,Johnson,LAC,3,3.1,8.0,4.7,0.2,1.7,0.0,1.3,0.167,0.286,24,NA
1627774,Jake Layman,Jake,Layman,POR,34,6.2,7.8,6.1,0.2,0.1,0.1,2.0,0.258,0.329,264,NA
1627777,Georges Niang,Georges,Niang,IND,22,4.1,7.7,4.6,0.2,0.2,0.3,0.9,0.112,0.186,170,NA
201627,Anthony Morrow,Anthony,Morrow,CHI,8,10.4,7.6,6.6,0.2,0.0,0.1,4.5,0.59,0.679,61,NA
NA,Alonzo Gee,Alonzo,Gee,DEN,13,6.9,7.5,5.9,0.2,0.4,0.3,0.8,0.113,0.143,97,NA
1627738,Deyonta Davis,Deyonta,Davis,MEM,35,6.6,7.3,4.0,0.2,0.7,0.9,1.7,0.226,0.414,257,NA
1627762,Joel Bolomboy,Joel,Bolomboy,UTA,12,4.4,7.1,3.3,0.1,1.1,0.3,1.8,0.259,0.55,85,NA
203948,Johnny O'Bryant III,Johnny,O'Bryant III,DEN,7,6.6,7.1,4.6,0.2,1.3,0.3,2.9,0.4,0.625,50,NA
1626176,Rakeem Christmas,Rakeem,Christmas,IND,29,7.6,7.0,4.6,0.1,0.9,0.6,2.0,0.292,0.44,202,NA
201202,Joel Anthony,Joel,Anthony,SAS,19,6.4,6.9,3.5,0.2,1.2,0.8,1.3,0.191,0.379,131,NA
NA,Arinze Onuaku,Arinze,Onuaku,ORL,8,3.6,6.9,4.2,0.2,0.9,0.9,0.5,0.073,0.118,55,NA
1897,Metta World Peace,Metta,World Peace,LAL,23,5.5,6.9,5.3,0.2,0.1,0.3,1.6,0.228,0.298,158,NA
203909,KJ McDaniels,KJ,McDaniels,HOU,29,7.3,6.8,5.3,0.2,0.4,0.1,2.8,0.404,0.516,198,NA
1627787,Kyle Wiltjer,Kyle,Wiltjer,HOU,13,3.3,6.5,4.1,0.1,0.0,0.0,1.0,0.155,0.245,84,NA
1627736,Malik Beasley,Malik,Beasley,DEN,19,4.7,6.3,5.2,0.2,0.0,0.2,2.4,0.383,0.469,120,NA
1626203,Treveon Graham,Treveon,Graham,CHA,25,5.9,6.0,4.1,0.2,0.1,0.0,1.4,0.232,0.34,151,NA
1627817,Tim Quarterman,Tim,Quarterman,POR,15,3.9,5.9,5.1,0.3,0.0,0.1,1.4,0.239,0.273,88,NA
NA,C.J. Wilcox,C.J.,Wilcox,ORL,22,4.9,5.9,5.0,0.2,0.1,0.2,1.0,0.163,0.189,129,NA
NA,Aaron Harrison,Aaron,Harrison,CHA,5,3.3,5.6,5.2,0.3,0.2,0.6,0.2,0.036,0.038,28,NA
1627743,Demetrius Jackson,Demetrius,Jackson,BOS,5,3.4,5.4,5.2,0.4,0.0,0.0,2.0,0.37,0.385,27,NA
1627754,Diamond Stone,Diamond,Stone,LAC,7,3.5,5.3,2.9,0.1,0.6,0.3,1.4,0.27,0.5,37,NA
NA,Edy Tavares,Edy,Tavares,ATL,1,3.6,5.0,3.0,0.0,1.0,0.0,2.0,0.4,0.667,5,NA
1627771,Michael Gbinije,Michael,Gbinije,DET,9,3.5,4.3,2.6,0.1,0.1,0.0,0.4,0.103,0.174,39,NA
1627849,Daniel Ochefu,Daniel,Ochefu,WAS,18,3.3,4.3,2.2,0.1,0.4,0.4,0.9,0.208,0.41,77,NA
NA,John Jenkins,John,Jenkins,PHX,4,3.3,4.0,3.2,0.2,0.0,0.2,1.8,0.438,0.538,16,NA
1626191,Chris McCullough,Chris,McCullough,WAS,1,1.7,4.0,2.0,0.1,0.0,0.0,1.0,0.25,0.5,4,NA
NA,Ben Bentil,Ben,Bentil,DAL,3,3.3,3.7,2.7,0.1,0.7,0.0,0.0,0.0,0.0,11,NA
203998,Bruno Caboclo,Bruno,Caboclo,TOR,7,3.0,3.7,2.4,0.1,0.0,0.0,0.4,0.115,0.176,26,NA
NA,John Lucas III,John,Lucas III,MIN,5,2.2,3.4,3.4,0.2,0.0,0.0,0.4,0.118,0.118,17,NA
NA,R.J. Hunter,R.J.,Hunter,CHI,3,3.1,3.0,2.7,0.1,0.0,0.0,0.0,0.0,0.0,9,NA
NA,Terrence Jones,Terrence,Jones,MIL,3,2.3,3.0,2.0,0.1,0.0,0.3,0.0,0.0,0.0,9,NA
202336,Larry Sanders,Larry,Sanders,CLE,4,2.6,3.0,1.0,0.1,0.2,0.0,0.5,0.167,0.5,12,NA
NA,Steve Novak,Steve,Novak,MIL,8,2.8,2.6,1.5,0.0,0.0,0.0,0.6,0.238,0.417,21,NA
NA,Jarnell Stokes,Jarnell,Stokes,DEN,2,3.3,2.5,2.0,0.0,1.0,0.0,1.5,0.6,0.75,5,NA
201579,Roy Hibbert,Roy,Hibbert,DEN,6,1.8,1.7,1.3,0.1,0.5,0.0,0.7,0.4,0.5,10,NA
1626253,Axel Toupane,Axel,Toupane,MIL,2,3.0,1.5,1.5,0.0,0.0,0.0,0.0,0.0,0.0,3,NA
NA,Andrew Bogut,Andrew,Bogut,CLE,1,1.0,1.0,0.0,0.0,0.0,0.0,0.0,0.0,0.0,1,NA
NA,Danuel House,Danuel,House,WAS,1,0.8,1.0,0.0,0.0,0.0,0.0,0.0,0.0,0.0,1,NA
